version 2
JvmtiExport can_access_local_variables 0
JvmtiExport can_hotswap_or_post_breakpoint 1
JvmtiExport can_post_on_exceptions 0
# 1014 ciObject found
instanceKlass Tetrixel
ciInstanceKlass java/lang/Cloneable 1 0 7 100 1 100 1 1 1
instanceKlass jdk/internal/vm/ThreadContainers
instanceKlass java/util/concurrent/ForkJoinPool$DefaultForkJoinWorkerThreadFactory
instanceKlass java/util/concurrent/ForkJoinPool$1
instanceKlass jdk/internal/access/JavaUtilConcurrentFJPAccess
instanceKlass java/util/concurrent/ForkJoinTask
instanceKlass java/util/concurrent/Future
instanceKlass java/util/concurrent/ForkJoinPool$WorkQueue
instanceKlass java/util/concurrent/CountDownLatch
instanceKlass java/util/concurrent/ForkJoinPool$ForkJoinWorkerThreadFactory
instanceKlass java/util/concurrent/ScheduledExecutorService
instanceKlass java/util/concurrent/AbstractExecutorService
instanceKlass java/util/concurrent/ExecutorService
instanceKlass java/util/concurrent/Executor
instanceKlass java/util/concurrent/ForkJoinPool$ManagedBlocker
instanceKlass java/util/concurrent/locks/AbstractQueuedSynchronizer$Node
# instanceKlass java/lang/invoke/LambdaForm$DMH+0x000000003d114c00
# instanceKlass java/lang/invoke/LambdaForm$MH+0x000000003d114800
# instanceKlass java/lang/invoke/LambdaForm$MH+0x000000003d114400
# instanceKlass java/lang/invoke/LambdaForm$MH+0x000000003d114000
# instanceKlass java/lang/invoke/LambdaForm$DMH+0x000000003d113c00
# instanceKlass java/lang/invoke/LambdaForm$MH+0x000000003d113800
# instanceKlass java/lang/invoke/LambdaForm$DMH+0x000000003d113400
# instanceKlass java/lang/invoke/LambdaForm$MH+0x000000003d113000
instanceKlass java/lang/invoke/MethodHandle$1
instanceKlass javax/swing/Scrollable
instanceKlass java/text/AttributedString$AttributedStringIterator
instanceKlass java/text/AttributedCharacterIterator
instanceKlass java/text/CharacterIterator
instanceKlass java/text/AttributedString
instanceKlass sun/awt/im/CompositionAreaHandler
instanceKlass java/util/Collections$EmptyIterator
instanceKlass sun/util/locale/InternalLocaleBuilder$CaseInsensitiveChar
instanceKlass sun/util/locale/InternalLocaleBuilder
instanceKlass sun/util/locale/StringTokenIterator
instanceKlass java/text/ParsePosition
instanceKlass sun/awt/im/InputMethodAdapter
instanceKlass java/awt/im/spi/InputMethod
instanceKlass java/awt/im/spi/InputMethodContext
instanceKlass java/awt/im/InputMethodRequests
instanceKlass java/awt/im/InputContext
instanceKlass java/awt/KeyboardFocusManager$LightweightFocusRequest
instanceKlass java/awt/DefaultKeyboardFocusManager$TypeAheadMarker
instanceKlass java/awt/KeyboardFocusManager$HeavyweightFocusRequest
instanceKlass sun/awt/KeyboardFocusManagerPeerImpl$KfmAccessor
instanceKlass java/awt/MenuComponent
instanceKlass  @bci jdk/internal/foreign/AbstractMemorySegmentImpl toArray (Ljava/lang/foreign/ValueLayout$OfByte;)[B 9 <appendix> argL0 ; # jdk/internal/foreign/AbstractMemorySegmentImpl$$Lambda+0x000000003d144590
instanceKlass  @bci jdk/internal/foreign/AbstractMemorySegmentImpl toArray (Ljava/lang/foreign/ValueLayout$OfByte;)[B 4 <appendix> argL0 ; # jdk/internal/foreign/AbstractMemorySegmentImpl$$Lambda+0x000000003d144368
# instanceKlass java/lang/invoke/LambdaForm$MH+0x000000003d112c00
# instanceKlass java/lang/invoke/LambdaForm$MH+0x000000003d112800
# instanceKlass java/lang/invoke/LambdaForm$BMH+0x000000003d112400
# instanceKlass java/lang/invoke/LambdaForm$DMH+0x000000003d112000
# instanceKlass java/lang/invoke/LambdaForm$DMH+0x000000003d111c00
# instanceKlass java/lang/invoke/LambdaForm$MH+0x000000003d111800
# instanceKlass java/lang/invoke/LambdaForm$MH+0x000000003d111400
# instanceKlass java/lang/invoke/LambdaForm$DMH+0x000000003d111000
# instanceKlass java/lang/invoke/LambdaForm$BMH+0x000000003d110c00
# instanceKlass java/lang/invoke/LambdaForm$DMH+0x000000003d110800
# instanceKlass java/lang/invoke/LambdaForm$DMH+0x000000003d110400
instanceKlass sun/java2d/marlin/Helpers
instanceKlass java/awt/geom/Path2D$Iterator
instanceKlass sun/font/StandardGlyphVector$GlyphStrike
instanceKlass java/awt/font/TextLine$TextLineMetrics
instanceKlass java/awt/font/GlyphVector
# instanceKlass java/lang/invoke/LambdaForm$MH+0x000000003d110000
# instanceKlass java/lang/invoke/LambdaForm$DMH+0x000000003d10fc00
instanceKlass java/lang/invoke/MethodHandles$1
# instanceKlass java/lang/invoke/LambdaForm$MH+0x000000003d10f800
# instanceKlass java/lang/invoke/LambdaForm$BMH+0x000000003d10f400
# instanceKlass java/lang/invoke/LambdaForm$DMH+0x000000003d10f000
# instanceKlass java/lang/invoke/LambdaForm$DMH+0x000000003d10ec00
# instanceKlass java/lang/invoke/LambdaForm$MH+0x000000003d10e800
# instanceKlass java/lang/invoke/LambdaForm$DMH+0x000000003d10e400
# instanceKlass java/lang/invoke/LambdaForm$MH+0x000000003d10e000
# instanceKlass java/lang/invoke/LambdaForm$DMH+0x000000003d10dc00
instanceKlass jdk/internal/util/random/RandomSupport
# instanceKlass java/lang/invoke/LambdaForm$MH+0x000000003d10d800
# instanceKlass java/lang/invoke/LambdaForm$DMH+0x000000003d10d400
# instanceKlass java/lang/invoke/LambdaForm$MH+0x000000003d10d000
# instanceKlass java/lang/invoke/LambdaForm$BMH+0x000000003d10cc00
# instanceKlass java/lang/invoke/LambdaForm$DMH+0x000000003d10c800
instanceKlass java/lang/invoke/VarHandles$1
# instanceKlass java/lang/invoke/LambdaForm$DMH+0x000000003d10c400
instanceKlass  @bci jdk/internal/foreign/Utils$BaseAndScale of (Ljava/lang/Object;)Ljdk/internal/foreign/Utils$BaseAndScale; 11 <appendix> member <vmtarget> ; # jdk/internal/foreign/Utils$BaseAndScale$$TypeSwitch+0x000000003d1413e8
instanceKlass  @bci sun/font/HBShaper getFontTableData (Lsun/font/Font2D;ILjava/lang/foreign/MemorySegment;)I 77 <adapter> ; # java/lang/invoke/LambdaForm$MH+0x000000003d10c000
# instanceKlass java/lang/invoke/LambdaForm$MH+0x000000003d10bc00
# instanceKlass java/lang/invoke/LambdaForm$DMH+0x000000003d10b800
# instanceKlass java/lang/invoke/LambdaForm$MH+0x000000003d10b400
# instanceKlass java/lang/invoke/LambdaForm$DMH+0x000000003d10b000
instanceKlass  @bci sun/font/HBShaper lambda$shape$0 (Ljava/awt/geom/Point2D$Float;[F[CFLjava/lang/foreign/MemorySegment;IIIIII)V 79 <adapter> ; # java/lang/invoke/LambdaForm$MH+0x000000003d10ac00
# instanceKlass java/lang/invoke/LambdaForm$DMH+0x000000003d10a800
instanceKlass jdk/internal/vm/StackableScope
instanceKlass java/lang/ScopedValue$Snapshot
instanceKlass  @bci sun/font/HBShaper shape (Lsun/font/Font2D;Lsun/font/FontStrike;F[FLjava/lang/foreign/MemorySegment;[CLsun/font/GlyphLayout$GVData;IIIILjava/awt/geom/Point2D$Float;II)V 43 <adapter> ; # java/lang/invoke/LambdaForm$MH+0x000000003d10a400
# instanceKlass java/lang/invoke/LambdaForm$DMH+0x000000003d10a000
instanceKlass  @bci sun/font/HBShaper shape (Lsun/font/Font2D;Lsun/font/FontStrike;F[FLjava/lang/foreign/MemorySegment;[CLsun/font/GlyphLayout$GVData;IIIILjava/awt/geom/Point2D$Float;II)V 43 <appendix> form vmentry <vmtarget> ; # java/lang/invoke/LambdaForm$DMH+0x000000003d109c00
instanceKlass  @bci sun/font/HBShaper shape (Lsun/font/Font2D;Lsun/font/FontStrike;F[FLjava/lang/foreign/MemorySegment;[CLsun/font/GlyphLayout$GVData;IIIILjava/awt/geom/Point2D$Float;II)V 43 <appendix> member <vmtarget> ; # sun/font/HBShaper$$Lambda+0x000000003d0fe498
instanceKlass  @cpi sun/font/HBShaper 721 form vmentry <vmtarget> ; # java/lang/invoke/LambdaForm$DMH+0x000000003d109800
instanceKlass java/lang/ScopedValue$Carrier
# instanceKlass java/lang/invoke/LambdaForm$MH+0x000000003d109400
# instanceKlass java/lang/invoke/LambdaForm$DMH+0x000000003d109000
# instanceKlass java/lang/invoke/LambdaForm$MH+0x000000003d108c00
# instanceKlass java/lang/invoke/LambdaForm$MH+0x000000003d108800
# instanceKlass java/lang/invoke/LambdaForm$MH+0x000000003d108400
# instanceKlass java/lang/invoke/LambdaForm$DMH+0x000000003d108000
# instanceKlass java/lang/invoke/LambdaForm$MH+0x000000003d107c00
# instanceKlass java/lang/invoke/LambdaForm$BMH+0x000000003d107800
# instanceKlass java/lang/invoke/LambdaForm$DMH+0x000000003d107400
# instanceKlass java/lang/invoke/LambdaForm$DMH+0x000000003d107000
# instanceKlass jdk/internal/foreign/abi/UpcallStub+0x000000003d106c00
# instanceKlass java/lang/invoke/LambdaForm$MH+0x000000003d106800
# instanceKlass java/lang/invoke/LambdaForm$BMH+0x000000003d106400
# instanceKlass java/lang/invoke/LambdaForm$DMH+0x000000003d106000
# instanceKlass java/lang/invoke/LambdaForm$DMH+0x000000003d105c00
instanceKlass jdk/internal/foreign/MemorySessionImpl$ResourceList
instanceKlass  @bci sun/font/HBShaper getFace (Lsun/font/Font2D;)Ljava/lang/foreign/MemorySegment; 10 <appendix> argL0 ; # sun/font/HBShaper$$Lambda+0x000000003d0fd990
instanceKlass sun/font/HBShaper$FaceRef
instanceKlass java/util/concurrent/ThreadLocalRandom$Access$1
instanceKlass jdk/internal/access/JavaUtilConcurrentTLRAccess
instanceKlass java/util/concurrent/ThreadLocalRandom$Access
instanceKlass java/lang/ScopedValue$Cache
instanceKlass java/lang/ScopedValue
instanceKlass  @bci java/lang/invoke/VarHandles collectCoordinates (Ljava/lang/invoke/VarHandle;ILjava/lang/invoke/MethodHandle;)Ljava/lang/invoke/VarHandle; 217 <appendix> member <vmtarget> ; # java/lang/invoke/VarHandles$$Lambda+0x000000003d0fca90
# instanceKlass java/lang/invoke/LambdaForm$MH+0x000000003d105800
instanceKlass sun/invoke/util/ValueConversions$1
# instanceKlass java/lang/invoke/LambdaForm$MH+0x000000003d105400
instanceKlass java/util/TreeMap$PrivateEntryIterator
instanceKlass java/lang/invoke/LambdaFormEditor$1
instanceKlass sun/invoke/util/ValueConversions$WrapperCache
# instanceKlass java/lang/invoke/LambdaForm$MH+0x000000003d105000
# instanceKlass java/lang/invoke/LambdaForm$MH+0x000000003d104c00
# instanceKlass java/lang/invoke/LambdaForm$DMH+0x000000003d104800
# instanceKlass java/lang/invoke/LambdaForm$DMH+0x000000003d104400
instanceKlass java/lang/ClassValue$RemovalToken
instanceKlass java/lang/ClassValue$Identity
instanceKlass java/lang/ClassValue$Entry
instanceKlass java/lang/ClassValue
instanceKlass java/lang/invoke/MethodHandleImpl$ArrayAccessor
# instanceKlass java/lang/invoke/LambdaForm$MH+0x000000003d104000
# instanceKlass java/lang/invoke/LambdaForm$DMH+0x000000003d103c00
# instanceKlass java/lang/invoke/LambdaForm$DMH+0x000000003d103800
instanceKlass java/lang/invoke/MethodHandleImpl$CasesHolder
instanceKlass java/lang/invoke/MethodHandleImpl$LoopClauses
# instanceKlass java/lang/invoke/LambdaForm$MH+0x000000003d103400
# instanceKlass java/lang/invoke/LambdaForm$MH+0x000000003d103000
# instanceKlass java/lang/invoke/LambdaForm$DMH+0x000000003d102c00
instanceKlass java/lang/invoke/MethodHandleImpl$2
instanceKlass java/lang/invoke/ClassSpecializer$Factory$1$5$1
instanceKlass java/lang/classfile/attribute/ExceptionsAttribute
instanceKlass java/lang/invoke/ClassSpecializer$Factory$1$5
instanceKlass java/lang/invoke/ClassSpecializer$Factory$1$4
instanceKlass java/lang/invoke/ClassSpecializer$Factory$1$3
instanceKlass java/lang/invoke/ClassSpecializer$Factory$1$2
instanceKlass java/lang/invoke/ClassSpecializer$Factory$1$1Var
instanceKlass java/lang/invoke/ClassSpecializer$Factory$1$1
instanceKlass java/lang/invoke/ClassSpecializer$Factory$1
# instanceKlass java/lang/invoke/LambdaForm$MH+0x000000003d102800
# instanceKlass java/lang/invoke/LambdaForm$BMH+0x000000003d102400
# instanceKlass java/lang/invoke/LambdaForm$DMH+0x000000003d102000
# instanceKlass java/lang/invoke/LambdaForm$DMH+0x000000003d101c00
instanceKlass jdk/internal/foreign/layout/AbstractLayout$1Holder
instanceKlass java/lang/invoke/VarHandleSegmentAsInts
# instanceKlass java/lang/invoke/LambdaForm$MH+0x000000003d101800
# instanceKlass java/lang/invoke/LambdaForm$MH+0x000000003d101400
# instanceKlass java/lang/invoke/LambdaForm$MH+0x000000003d101000
# instanceKlass java/lang/invoke/LambdaForm$DMH+0x000000003d100c00
# instanceKlass java/lang/invoke/LambdaForm$MH+0x000000003d100800
# instanceKlass java/lang/invoke/LambdaForm$BMH+0x000000003d100400
# instanceKlass java/lang/invoke/LambdaForm$DMH+0x000000003d100000
# instanceKlass java/lang/invoke/LambdaForm$DMH+0x000000003d0dfc00
# instanceKlass jdk/internal/foreign/abi/UpcallStub+0x000000003d0df800
# instanceKlass java/lang/invoke/LambdaForm$DMH+0x000000003d0df400
# instanceKlass java/lang/invoke/LambdaForm$DMH+0x000000003d0df000
# instanceKlass java/lang/invoke/LambdaForm$MH+0x000000003d0dec00
# instanceKlass java/lang/invoke/LambdaForm$DMH+0x000000003d0de800
instanceKlass  @bci java/lang/invoke/BootstrapMethodInvoker invoke (Ljava/lang/Class;Ljava/lang/invoke/MethodHandle;Ljava/lang/String;Ljava/lang/Object;Ljava/lang/Object;Ljava/lang/Class;)Ljava/lang/Object; 95 <adapter> ; # java/lang/invoke/LambdaForm$MH+0x000000003d0de400
instanceKlass java/lang/invoke/ConstantBootstraps
instanceKlass  @bci sun/font/HBShaper <clinit> ()V 1122 <adapter> ; # java/lang/invoke/LambdaForm$MH+0x000000003d0de000
# instanceKlass java/lang/invoke/LambdaForm$MH+0x000000003d0ddc00
# instanceKlass java/lang/invoke/LambdaForm$MH+0x000000003d0dd800
# instanceKlass java/lang/invoke/LambdaForm$MH+0x000000003d0dd400
# instanceKlass java/lang/invoke/LambdaForm$MH+0x000000003d0dd000
# instanceKlass java/lang/invoke/LambdaForm$DMH+0x000000003d0dcc00
# instanceKlass jdk/internal/foreign/abi/DowncallStub+0x000000003d0dc800
# instanceKlass java/lang/invoke/LambdaForm$MH+0x000000003d0dc400
# instanceKlass java/lang/invoke/LambdaForm$MH+0x000000003d0dc000
# instanceKlass java/lang/invoke/LambdaForm$MH+0x000000003d0dbc00
# instanceKlass java/lang/invoke/LambdaForm$MH+0x000000003d0db800
# instanceKlass java/lang/invoke/LambdaForm$DMH+0x000000003d0db400
# instanceKlass java/lang/invoke/LambdaForm$MH+0x000000003d0db000
# instanceKlass java/lang/invoke/LambdaForm$BMH+0x000000003d0dac00
# instanceKlass java/lang/invoke/LambdaForm$DMH+0x000000003d0da800
# instanceKlass java/lang/invoke/LambdaForm$DMH+0x000000003d0da400
# instanceKlass jdk/internal/foreign/abi/UpcallStub+0x000000003d0da000
# instanceKlass java/lang/invoke/LambdaForm$DMH+0x000000003d0d9c00
# instanceKlass java/lang/invoke/LambdaForm$DMH+0x000000003d0d9800
# instanceKlass java/lang/invoke/LambdaForm$MH+0x000000003d0d9400
# instanceKlass java/lang/invoke/LambdaForm$MH+0x000000003d0d9000
# instanceKlass java/lang/invoke/LambdaForm$MH+0x000000003d0d8c00
# instanceKlass java/lang/invoke/LambdaForm$DMH+0x000000003d0d8800
# instanceKlass java/lang/invoke/LambdaForm$MH+0x000000003d0d8400
# instanceKlass java/lang/invoke/LambdaForm$BMH+0x000000003d0d8000
# instanceKlass java/lang/invoke/LambdaForm$DMH+0x000000003d0d7c00
# instanceKlass java/lang/invoke/LambdaForm$DMH+0x000000003d0d7800
# instanceKlass jdk/internal/foreign/abi/UpcallStub+0x000000003d0d7400
# instanceKlass java/lang/invoke/LambdaForm$DMH+0x000000003d0d7000
# instanceKlass java/lang/invoke/LambdaForm$DMH+0x000000003d0d6c00
# instanceKlass java/lang/invoke/LambdaForm$MH+0x000000003d0d6800
# instanceKlass java/lang/invoke/LambdaForm$MH+0x000000003d0d6400
# instanceKlass java/lang/invoke/LambdaForm$MH+0x000000003d0d6000
# instanceKlass java/lang/invoke/LambdaForm$DMH+0x000000003d0d5c00
# instanceKlass java/lang/invoke/LambdaForm$MH+0x000000003d0d5800
# instanceKlass java/lang/invoke/LambdaForm$BMH+0x000000003d0d5400
# instanceKlass java/lang/invoke/LambdaForm$DMH+0x000000003d0d5000
# instanceKlass java/lang/invoke/LambdaForm$DMH+0x000000003d0d4c00
# instanceKlass jdk/internal/foreign/abi/UpcallStub+0x000000003d0d4800
# instanceKlass java/lang/invoke/LambdaForm$DMH+0x000000003d0d4400
# instanceKlass java/lang/invoke/LambdaForm$DMH+0x000000003d0d4000
instanceKlass jdk/internal/foreign/abi/UpcallStubs
# instanceKlass java/lang/invoke/LambdaForm$MH+0x000000003d0d3c00
# instanceKlass java/lang/invoke/LambdaForm$MH+0x000000003d0d3800
# instanceKlass java/lang/invoke/LambdaForm$MH+0x000000003d0d3400
# instanceKlass java/lang/invoke/LambdaForm$DMH+0x000000003d0d3000
instanceKlass  @bci jdk/internal/foreign/abi/UpcallLinker checkPrimitive (Ljava/lang/invoke/MethodType;)V 19 <appendix> argL0 ; # jdk/internal/foreign/abi/UpcallLinker$$Lambda+0x000000003d0f7e40
# instanceKlass java/lang/invoke/LambdaForm$MH+0x000000003d0d2c00
# instanceKlass java/lang/invoke/LambdaForm$BMH+0x000000003d0d2800
# instanceKlass java/lang/invoke/LambdaForm$DMH+0x000000003d0d2400
instanceKlass  @bci jdk/internal/foreign/abi/UpcallLinker makeFactory (Ljava/lang/invoke/MethodType;Ljdk/internal/foreign/abi/ABIDescriptor;Ljdk/internal/foreign/abi/CallingSequence;)Ljdk/internal/foreign/abi/AbstractLinker$UpcallStubFactory; 229 <appendix> form vmentry <vmtarget> ; # java/lang/invoke/LambdaForm$DMH+0x000000003d0d2000
instanceKlass  @bci jdk/internal/foreign/abi/UpcallLinker makeFactory (Ljava/lang/invoke/MethodType;Ljdk/internal/foreign/abi/ABIDescriptor;Ljdk/internal/foreign/abi/CallingSequence;)Ljdk/internal/foreign/abi/AbstractLinker$UpcallStubFactory; 229 <appendix> member <vmtarget> ; # jdk/internal/foreign/abi/UpcallLinker$$Lambda+0x000000003d0f7c10
instanceKlass  @bci jdk/internal/foreign/abi/UpcallLinker makeFactory (Ljava/lang/invoke/MethodType;Ljdk/internal/foreign/abi/ABIDescriptor;Ljdk/internal/foreign/abi/CallingSequence;)Ljdk/internal/foreign/abi/AbstractLinker$UpcallStubFactory; 194 <appendix> argL0 ; # jdk/internal/foreign/abi/UpcallLinker$$Lambda+0x000000003d0f79e8
instanceKlass  @bci jdk/internal/foreign/abi/UpcallLinker makeFactory (Ljava/lang/invoke/MethodType;Ljdk/internal/foreign/abi/ABIDescriptor;Ljdk/internal/foreign/abi/CallingSequence;)Ljdk/internal/foreign/abi/AbstractLinker$UpcallStubFactory; 184 <appendix> argL0 ; # jdk/internal/foreign/abi/UpcallLinker$$Lambda+0x000000003d0f77a0
instanceKlass  @bci jdk/internal/foreign/abi/UpcallLinker makeFactory (Ljava/lang/invoke/MethodType;Ljdk/internal/foreign/abi/ABIDescriptor;Ljdk/internal/foreign/abi/CallingSequence;)Ljdk/internal/foreign/abi/AbstractLinker$UpcallStubFactory; 164 <appendix> argL0 ; # jdk/internal/foreign/abi/UpcallLinker$$Lambda+0x000000003d0f7578
instanceKlass  @bci jdk/internal/foreign/abi/UpcallLinker makeFactory (Ljava/lang/invoke/MethodType;Ljdk/internal/foreign/abi/ABIDescriptor;Ljdk/internal/foreign/abi/CallingSequence;)Ljdk/internal/foreign/abi/AbstractLinker$UpcallStubFactory; 154 <appendix> argL0 ; # jdk/internal/foreign/abi/UpcallLinker$$Lambda+0x000000003d0f7330
instanceKlass  @bci jdk/internal/foreign/abi/UpcallLinker makeFactory (Ljava/lang/invoke/MethodType;Ljdk/internal/foreign/abi/ABIDescriptor;Ljdk/internal/foreign/abi/CallingSequence;)Ljdk/internal/foreign/abi/AbstractLinker$UpcallStubFactory; 56 <appendix> member <vmtarget> ; # jdk/internal/foreign/abi/UpcallLinker$$Lambda+0x000000003d0f70c8
# instanceKlass java/lang/invoke/LambdaForm$DMH+0x000000003d0d1c00
# instanceKlass jdk/internal/foreign/abi/UpcallStub+0x000000003d0d1800
instanceKlass jdk/internal/foreign/abi/BindingSpecializer$1
instanceKlass  @bci jdk/internal/foreign/abi/BindingSpecializer anyArgNeedsScope ()Z 43 <appendix> argL0 ; # jdk/internal/foreign/abi/BindingSpecializer$$Lambda+0x000000003d0f67d0
instanceKlass  @bci jdk/internal/foreign/abi/BindingSpecializer anyArgNeedsScope ()Z 33 <appendix> member <vmtarget> ; # jdk/internal/foreign/abi/BindingSpecializer$$Lambda+0x000000003d0f6580
instanceKlass  @bci jdk/internal/foreign/abi/BindingSpecializer anyArgNeedsScope ()Z 15 <appendix> member <vmtarget> ; # jdk/internal/foreign/abi/BindingSpecializer$$Lambda+0x000000003d0f6320
instanceKlass  @bci jdk/internal/foreign/abi/UpcallLinker retMoveBindings (Ljdk/internal/foreign/abi/CallingSequence;)[Ljdk/internal/foreign/abi/Binding$VMStore; 43 <appendix> argL0 ; # jdk/internal/foreign/abi/UpcallLinker$$Lambda+0x000000003d0f60f8
instanceKlass  @bci jdk/internal/foreign/abi/UpcallLinker retMoveBindings (Ljdk/internal/foreign/abi/CallingSequence;)[Ljdk/internal/foreign/abi/Binding$VMStore; 33 <appendix> member <vmtarget> ; # jdk/internal/foreign/abi/UpcallLinker$$Lambda+0x000000003d0f5ea8
instanceKlass  @bci jdk/internal/foreign/abi/UpcallLinker retMoveBindings (Ljdk/internal/foreign/abi/CallingSequence;)[Ljdk/internal/foreign/abi/Binding$VMStore; 16 <appendix> member <vmtarget> ; # jdk/internal/foreign/abi/UpcallLinker$$Lambda+0x000000003d0f5c48
instanceKlass  @bci jdk/internal/foreign/abi/UpcallLinker argMoveBindings (Ljdk/internal/foreign/abi/CallingSequence;)[Ljdk/internal/foreign/abi/Binding$VMLoad; 4 <appendix> argL0 ; # jdk/internal/foreign/abi/UpcallLinker$$Lambda+0x000000003d0f5a20
instanceKlass  @bci jdk/internal/foreign/abi/UpcallLinker argMoveBindingsStream (Ljdk/internal/foreign/abi/CallingSequence;)Ljava/util/stream/Stream; 28 <appendix> member <vmtarget> ; # jdk/internal/foreign/abi/UpcallLinker$$Lambda+0x000000003d0f57d0
instanceKlass  @bci jdk/internal/foreign/abi/UpcallLinker argMoveBindingsStream (Ljdk/internal/foreign/abi/CallingSequence;)Ljava/util/stream/Stream; 11 <appendix> member <vmtarget> ; # jdk/internal/foreign/abi/UpcallLinker$$Lambda+0x000000003d0f5570
instanceKlass jdk/internal/foreign/abi/UpcallLinker
instanceKlass  @bci jdk/internal/foreign/abi/AbstractLinker upcallStub (Ljava/lang/invoke/MethodHandle;Ljava/lang/foreign/FunctionDescriptor;Ljava/lang/foreign/Arena;[Ljava/lang/foreign/Linker$Option;)Ljava/lang/foreign/MemorySegment; 115 <appendix> member <vmtarget> ; # jdk/internal/foreign/abi/AbstractLinker$$Lambda+0x000000003d0f4ef8
instanceKlass  @bci jdk/internal/foreign/abi/LinkerOptions forUpcall (Ljava/lang/foreign/FunctionDescriptor;[Ljava/lang/foreign/Linker$Option;)Ljdk/internal/foreign/abi/LinkerOptions; 0 <appendix> argL0 ; # jdk/internal/foreign/abi/LinkerOptions$$Lambda+0x000000003d0f4cc0
# instanceKlass java/lang/invoke/LambdaForm$DMH+0x000000003d0d1400
# instanceKlass java/lang/invoke/LambdaForm$DMH+0x000000003d0d1000
# instanceKlass java/lang/invoke/LambdaForm$MH+0x000000003d0d0c00
# instanceKlass java/lang/invoke/LambdaForm$MH+0x000000003d0d0800
# instanceKlass java/lang/invoke/LambdaForm$MH+0x000000003d0d0400
# instanceKlass java/lang/invoke/LambdaForm$MH+0x000000003d0d0000
# instanceKlass java/lang/invoke/LambdaForm$BMH+0x000000003d0cfc00
# instanceKlass java/lang/invoke/LambdaForm$DMH+0x000000003d0cf800
# instanceKlass java/lang/invoke/LambdaForm$DMH+0x000000003d0cf400
# instanceKlass java/lang/invoke/LambdaForm$DMH+0x000000003d0cf000
# instanceKlass jdk/internal/foreign/abi/DowncallStub+0x000000003d0cec00
# instanceKlass java/lang/invoke/LambdaForm$MH+0x000000003d0ce800
# instanceKlass java/lang/invoke/LambdaForm$MH+0x000000003d0ce400
# instanceKlass java/lang/invoke/LambdaForm$MH+0x000000003d0ce000
# instanceKlass java/lang/invoke/LambdaForm$MH+0x000000003d0cdc00
# instanceKlass java/lang/invoke/LambdaForm$MH+0x000000003d0cd800
# instanceKlass java/lang/invoke/LambdaForm$DMH+0x000000003d0cd400
# instanceKlass java/lang/invoke/LambdaForm$DMH+0x000000003d0cd000
# instanceKlass java/lang/invoke/LambdaForm$DMH+0x000000003d0ccc00
# instanceKlass jdk/internal/foreign/abi/DowncallStub+0x000000003d0cc800
# instanceKlass java/lang/invoke/LambdaForm$MH+0x000000003d0cc400
# instanceKlass java/lang/invoke/LambdaForm$MH+0x000000003d0cc000
# instanceKlass java/lang/invoke/LambdaForm$MH+0x000000003d0cbc00
# instanceKlass java/lang/invoke/LambdaForm$MH+0x000000003d0cb800
# instanceKlass java/lang/invoke/LambdaForm$MH+0x000000003d0cb400
# instanceKlass jdk/internal/foreign/abi/DowncallStub+0x000000003d0cb000
instanceKlass java/util/AbstractList$Itr
# instanceKlass java/lang/invoke/LambdaForm$MH+0x000000003d0cac00
# instanceKlass java/lang/invoke/LambdaForm$MH+0x000000003d0ca800
# instanceKlass java/lang/invoke/LambdaForm$MH+0x000000003d0ca400
# instanceKlass java/lang/invoke/LambdaForm$MH+0x000000003d0ca000
# instanceKlass java/lang/invoke/LambdaForm$DMH+0x000000003d0c9c00
# instanceKlass java/lang/invoke/LambdaForm$DMH+0x000000003d0c9800
# instanceKlass java/lang/invoke/LambdaForm$DMH+0x000000003d0c9400
# instanceKlass jdk/internal/foreign/abi/DowncallStub+0x000000003d0c9000
instanceKlass java/lang/classfile/instruction/ExceptionCatch
instanceKlass java/lang/classfile/instruction/InvokeInstruction
instanceKlass java/lang/classfile/instruction/LoadInstruction
instanceKlass java/lang/classfile/Instruction
instanceKlass jdk/internal/classfile/impl/NonterminalCodeBuilder
instanceKlass  @bci jdk/internal/foreign/abi/BindingSpecializer emitReleaseScopes ()V 36 <appendix> member <vmtarget> ; # jdk/internal/foreign/abi/BindingSpecializer$$Lambda+0x000000003d0f05b0
instanceKlass  @cpi jdk/internal/foreign/abi/BindingSpecializer 1415 form vmentry <vmtarget> ; # java/lang/invoke/LambdaForm$DMH+0x000000003d0c8c00
instanceKlass java/lang/classfile/CodeBuilder$BlockCodeBuilder
instanceKlass java/lang/classfile/constantpool/ConstantDynamicEntry
instanceKlass java/lang/classfile/constantpool/DynamicConstantPoolEntry
instanceKlass  @bci java/lang/classfile/constantpool/ConstantPoolBuilder bsmEntry (Ljava/lang/constant/DirectMethodHandleDesc;Ljava/util/List;)Ljava/lang/classfile/BootstrapMethodEntry; 15 <appendix> member <vmtarget> ; # java/lang/classfile/constantpool/ConstantPoolBuilder$$Lambda+0x000000003d0ef718
instanceKlass java/lang/classfile/constantpool/MethodHandleEntry
instanceKlass java/lang/classfile/constantpool/ConstantPoolBuilder$1
instanceKlass  @bci jdk/internal/foreign/abi/BindingSpecializer doBindings (Ljava/util/List;)V 41 <appendix> member <vmtarget> ; # jdk/internal/foreign/abi/BindingSpecializer$$TypeSwitch+0x000000003d0eedd8
instanceKlass  @bci jdk/internal/foreign/abi/BindingSpecializer lambda$specializeHelper$1 (Ljava/lang/invoke/MethodType;Ljdk/internal/foreign/abi/CallingSequence;Ljdk/internal/foreign/abi/ABIDescriptor;Ljava/lang/invoke/MethodType;Ljava/lang/classfile/MethodBuilder;)V 34 <appendix> member <vmtarget> ; # jdk/internal/foreign/abi/BindingSpecializer$$Lambda+0x000000003d0eeb98
instanceKlass  @bci jdk/internal/foreign/abi/BindingSpecializer lambda$specializeHelper$0 (Ljava/lang/invoke/MethodType;Ljdk/internal/foreign/abi/CallingSequence;Ljdk/internal/foreign/abi/ABIDescriptor;Ljava/lang/invoke/MethodType;Ljava/lang/classfile/ClassBuilder;)V 38 <appendix> member <vmtarget> ; # jdk/internal/foreign/abi/BindingSpecializer$$Lambda+0x000000003d0ee958
instanceKlass java/lang/classfile/ClassFileVersion
instanceKlass  @bci jdk/internal/foreign/abi/BindingSpecializer specializeHelper (Ljava/lang/invoke/MethodType;Ljava/lang/invoke/MethodType;Ljdk/internal/foreign/abi/CallingSequence;Ljdk/internal/foreign/abi/ABIDescriptor;)[B 28 <appendix> member <vmtarget> ; # jdk/internal/foreign/abi/BindingSpecializer$$Lambda+0x000000003d0ee2b0
instanceKlass  @cpi jdk/internal/foreign/abi/BindingSpecializer 1382 form vmentry <vmtarget> ; # java/lang/invoke/LambdaForm$DMH+0x000000003d0c8800
instanceKlass jdk/internal/vm/annotation/ForceInline
instanceKlass jdk/internal/foreign/abi/BindingSpecializer
# instanceKlass java/lang/invoke/LambdaForm$MH+0x000000003d0c8400
instanceKlass java/lang/invoke/NativeMethodHandle$Lazy
instanceKlass  @bci jdk/internal/foreign/abi/NativeEntryPoint lambda$make$0 (Ljava/lang/invoke/MethodType;Ljdk/internal/foreign/abi/ABIDescriptor;[Ljdk/internal/foreign/abi/VMStorage;[Ljdk/internal/foreign/abi/VMStorage;ZIZLjdk/internal/foreign/abi/NativeEntryPoint$CacheKey;)Ljdk/internal/foreign/abi/NativeEntryPoint; 51 <appendix> form vmentry <vmtarget> ; # java/lang/invoke/LambdaForm$DMH+0x000000003d0c8000
instanceKlass  @bci jdk/internal/foreign/abi/NativeEntryPoint lambda$make$0 (Ljava/lang/invoke/MethodType;Ljdk/internal/foreign/abi/ABIDescriptor;[Ljdk/internal/foreign/abi/VMStorage;[Ljdk/internal/foreign/abi/VMStorage;ZIZLjdk/internal/foreign/abi/NativeEntryPoint$CacheKey;)Ljdk/internal/foreign/abi/NativeEntryPoint; 51 <appendix> member <vmtarget> ; # jdk/internal/foreign/abi/NativeEntryPoint$$Lambda+0x000000003d0ed6f8
instanceKlass  @cpi jdk/internal/foreign/abi/NativeEntryPoint 203 form vmentry <vmtarget> ; # java/lang/invoke/LambdaForm$DMH+0x000000003d0c7c00
instanceKlass  @bci jdk/internal/foreign/abi/NativeEntryPoint make (Ljdk/internal/foreign/abi/ABIDescriptor;[Ljdk/internal/foreign/abi/VMStorage;[Ljdk/internal/foreign/abi/VMStorage;Ljava/lang/invoke/MethodType;ZIZZ)Ljdk/internal/foreign/abi/NativeEntryPoint; 76 <adapter> ; # java/lang/invoke/LambdaForm$MH+0x000000003d0c7800
# instanceKlass java/lang/invoke/LambdaForm$DMH+0x000000003d0c7400
instanceKlass  @bci jdk/internal/foreign/abi/NativeEntryPoint make (Ljdk/internal/foreign/abi/ABIDescriptor;[Ljdk/internal/foreign/abi/VMStorage;[Ljdk/internal/foreign/abi/VMStorage;Ljava/lang/invoke/MethodType;ZIZZ)Ljdk/internal/foreign/abi/NativeEntryPoint; 76 <appendix> form vmentry <vmtarget> ; # java/lang/invoke/LambdaForm$DMH+0x000000003d0c7000
instanceKlass  @bci jdk/internal/foreign/abi/NativeEntryPoint make (Ljdk/internal/foreign/abi/ABIDescriptor;[Ljdk/internal/foreign/abi/VMStorage;[Ljdk/internal/foreign/abi/VMStorage;Ljava/lang/invoke/MethodType;ZIZZ)Ljdk/internal/foreign/abi/NativeEntryPoint; 76 <appendix> member <vmtarget> ; # jdk/internal/foreign/abi/NativeEntryPoint$$Lambda+0x000000003d0ed4a8
instanceKlass  @cpi jdk/internal/foreign/abi/NativeEntryPoint 197 form vmentry <vmtarget> ; # java/lang/invoke/LambdaForm$DMH+0x000000003d0c6c00
instanceKlass  @bci jdk/internal/foreign/abi/DowncallLinker toStorageArray ([Ljdk/internal/foreign/abi/Binding$Move;)[Ljdk/internal/foreign/abi/VMStorage; 14 <appendix> argL0 ; # jdk/internal/foreign/abi/DowncallLinker$$Lambda+0x000000003d0ed068
instanceKlass  @bci jdk/internal/foreign/abi/DowncallLinker toStorageArray ([Ljdk/internal/foreign/abi/Binding$Move;)[Ljdk/internal/foreign/abi/VMStorage; 4 <appendix> argL0 ; # jdk/internal/foreign/abi/DowncallLinker$$Lambda+0x000000003d0ece20
instanceKlass  @bci jdk/internal/foreign/abi/DowncallLinker retMoveBindings (Ljdk/internal/foreign/abi/CallingSequence;)[Ljdk/internal/foreign/abi/Binding$VMLoad; 5 <appendix> argL0 ; # jdk/internal/foreign/abi/DowncallLinker$$Lambda+0x000000003d0ecbf8
instanceKlass  @bci jdk/internal/foreign/abi/DowncallLinker retMoveBindingsStream (Ljdk/internal/foreign/abi/CallingSequence;)Ljava/util/stream/Stream; 33 <appendix> member <vmtarget> ; # jdk/internal/foreign/abi/DowncallLinker$$Lambda+0x000000003d0ec7a8
instanceKlass  @bci jdk/internal/foreign/abi/DowncallLinker retMoveBindingsStream (Ljdk/internal/foreign/abi/CallingSequence;)Ljava/util/stream/Stream; 16 <appendix> member <vmtarget> ; # jdk/internal/foreign/abi/DowncallLinker$$Lambda+0x000000003d0ec548
instanceKlass  @bci jdk/internal/foreign/abi/DowncallLinker getBoundMethodHandle ()Ljava/lang/invoke/MethodHandle; 8 <appendix> argL0 ; # jdk/internal/foreign/abi/DowncallLinker$$Lambda+0x000000003d0ec320
instanceKlass  @bci jdk/internal/foreign/abi/DowncallLinker argMoveBindingsStream (Ljdk/internal/foreign/abi/CallingSequence;)Ljava/util/stream/Stream; 28 <appendix> member <vmtarget> ; # jdk/internal/foreign/abi/DowncallLinker$$Lambda+0x000000003d0ebed0
instanceKlass  @bci jdk/internal/foreign/abi/DowncallLinker argMoveBindingsStream (Ljdk/internal/foreign/abi/CallingSequence;)Ljava/util/stream/Stream; 11 <appendix> member <vmtarget> ; # jdk/internal/foreign/abi/DowncallLinker$$Lambda+0x000000003d0ebc70
instanceKlass  @bci jdk/internal/foreign/abi/CallingSequence argumentBindings ()Ljava/util/stream/Stream; 9 <appendix> argL0 ; # jdk/internal/foreign/abi/CallingSequence$$Lambda+0x000000003d0eba28
# instanceKlass java/lang/invoke/LambdaForm$DMH+0x000000003d0c6800
instanceKlass jdk/internal/foreign/abi/DowncallLinker
instanceKlass  @bci jdk/internal/foreign/abi/CallingSequenceBuilder computeTypeHelper (Ljava/lang/Class;Ljava/lang/Class;)Ljava/lang/invoke/MethodType; 116 <appendix> argL0 ; # jdk/internal/foreign/abi/CallingSequenceBuilder$$Lambda+0x000000003d0eb3c0
instanceKlass  @bci jdk/internal/foreign/abi/CallingSequenceBuilder computeTypeHelper (Ljava/lang/Class;Ljava/lang/Class;)Ljava/lang/invoke/MethodType; 106 <appendix> member <vmtarget> ; # jdk/internal/foreign/abi/CallingSequenceBuilder$$Lambda+0x000000003d0ead70
instanceKlass  @bci jdk/internal/foreign/abi/CallingSequenceBuilder computeTypeHelper (Ljava/lang/Class;Ljava/lang/Class;)Ljava/lang/invoke/MethodType; 90 <appendix> member <vmtarget> ; # jdk/internal/foreign/abi/CallingSequenceBuilder$$Lambda+0x000000003d0eab10
instanceKlass java/util/stream/ReferencePipeline$7$1FlatMap
instanceKlass java/util/stream/AbstractSpinedBuffer
instanceKlass  @bci jdk/internal/foreign/abi/CallingSequenceBuilder computeTypeHelper (Ljava/lang/Class;Ljava/lang/Class;)Ljava/lang/invoke/MethodType; 61 <appendix> argL0 ; # jdk/internal/foreign/abi/CallingSequenceBuilder$$Lambda+0x000000003d0ea8e8
instanceKlass  @bci jdk/internal/foreign/abi/CallingSequenceBuilder computeTypeHelper (Ljava/lang/Class;Ljava/lang/Class;)Ljava/lang/invoke/MethodType; 51 <appendix> argL0 ; # jdk/internal/foreign/abi/CallingSequenceBuilder$$Lambda+0x000000003d0ea6a0
instanceKlass  @bci jdk/internal/foreign/abi/CallingSequenceBuilder computeTypeHelper (Ljava/lang/Class;Ljava/lang/Class;)Ljava/lang/invoke/MethodType; 41 <appendix> member <vmtarget> ; # jdk/internal/foreign/abi/CallingSequenceBuilder$$Lambda+0x000000003d0ea450
instanceKlass  @bci jdk/internal/foreign/abi/CallingSequenceBuilder computeTypeHelper (Ljava/lang/Class;Ljava/lang/Class;)Ljava/lang/invoke/MethodType; 25 <appendix> member <vmtarget> ; # jdk/internal/foreign/abi/CallingSequenceBuilder$$Lambda+0x000000003d0ea1f0
instanceKlass  @bci jdk/internal/foreign/abi/CallingSequenceBuilder computeTypeHelper (Ljava/lang/Class;Ljava/lang/Class;)Ljava/lang/invoke/MethodType; 9 <appendix> argL0 ; # jdk/internal/foreign/abi/CallingSequenceBuilder$$Lambda+0x000000003d0e9fa8
instanceKlass  @cpi jdk/internal/foreign/abi/UpcallLinker 546 form vmentry <vmtarget> ; # java/lang/invoke/LambdaForm$DMH+0x000000003d0c6400
instanceKlass  @bci jdk/internal/foreign/abi/CallingSequenceBuilder needsReturnBuffer ()Z 16 <appendix> member <vmtarget> ; # jdk/internal/foreign/abi/CallingSequenceBuilder$$Lambda+0x000000003d0e9208
instanceKlass java/util/ArrayList$ArrayListSpliterator
instanceKlass  @bci jdk/internal/foreign/abi/CallingSequenceBuilder isUnbox (Ljdk/internal/foreign/abi/Binding;)Z 11 <appendix> member <vmtarget> ; # jdk/internal/foreign/abi/CallingSequenceBuilder$$TypeSwitch+0x000000003d0e87c8
instanceKlass  @bci jdk/internal/foreign/abi/CallingSequenceBuilder isBox (Ljdk/internal/foreign/abi/Binding;)Z 11 <appendix> member <vmtarget> ; # jdk/internal/foreign/abi/CallingSequenceBuilder$$TypeSwitch+0x000000003d0e85b8
instanceKlass jdk/internal/foreign/abi/Binding$Dereference
instanceKlass  @bci jdk/internal/foreign/Utils pointeeByteAlign (Ljava/lang/foreign/AddressLayout;)J 6 <appendix> argL0 ; # jdk/internal/foreign/Utils$$Lambda+0x000000003d0e6650
instanceKlass  @bci jdk/internal/foreign/Utils pointeeByteSize (Ljava/lang/foreign/AddressLayout;)J 6 <appendix> argL0 ; # jdk/internal/foreign/Utils$$Lambda+0x000000003d0e6408
instanceKlass java/lang/invoke/TypeConvertingMethodAdapter$BoxHolder
instanceKlass java/lang/invoke/TypeConvertingMethodAdapter$1
instanceKlass  @cpi jdk/internal/foreign/Utils 441 form vmentry <vmtarget> ; # java/lang/invoke/LambdaForm$DMH+0x000000003d0c6000
instanceKlass jdk/internal/foreign/abi/Binding$Move
instanceKlass jdk/internal/foreign/abi/x64/windows/CallArranger$1
instanceKlass jdk/internal/foreign/abi/Binding$Builder
instanceKlass jdk/internal/foreign/abi/Binding
instanceKlass  @bci jdk/internal/foreign/abi/x64/windows/CallArranger isInMemoryReturn (Ljava/util/Optional;)Z 16 <appendix> argL0 ; # jdk/internal/foreign/abi/x64/windows/CallArranger$$Lambda+0x000000003d0e4e20
instanceKlass  @bci jdk/internal/foreign/abi/x64/windows/CallArranger isInMemoryReturn (Ljava/util/Optional;)Z 8 <appendix> member <vmtarget> ; # jdk/internal/foreign/abi/x64/windows/CallArranger$$Lambda+0x000000003d0e4bc0
instanceKlass jdk/internal/foreign/abi/x64/windows/CallArranger$BoxBindingCalculator
instanceKlass jdk/internal/foreign/abi/x64/windows/CallArranger$StorageCalculator
instanceKlass jdk/internal/foreign/abi/x64/windows/CallArranger$UnboxBindingCalculator
instanceKlass jdk/internal/foreign/abi/x64/windows/CallArranger$BindingCalculator
instanceKlass java/util/AbstractList$RandomAccessSpliterator
instanceKlass jdk/internal/foreign/abi/CallingSequenceBuilder
instanceKlass jdk/internal/foreign/abi/x64/windows/CallArranger$1CallingSequenceBuilderHelper
instanceKlass java/util/stream/Sink$ChainedInt
instanceKlass java/util/stream/Sink$OfInt
instanceKlass java/util/function/IntConsumer
instanceKlass  @bci jdk/internal/foreign/abi/x64/X86_64Architecture abiFor ([Ljdk/internal/foreign/abi/VMStorage;[Ljdk/internal/foreign/abi/VMStorage;[Ljdk/internal/foreign/abi/VMStorage;[Ljdk/internal/foreign/abi/VMStorage;I[Ljdk/internal/foreign/abi/VMStorage;[Ljdk/internal/foreign/abi/VMStorage;IILjdk/internal/foreign/abi/VMStorage;Ljdk/internal/foreign/abi/VMStorage;)Ljdk/internal/foreign/abi/ABIDescriptor; 49 <appendix> argL0 ; # jdk/internal/foreign/abi/x64/X86_64Architecture$$Lambda+0x000000003d0e2db0
instanceKlass  @bci jdk/internal/foreign/abi/x64/X86_64Architecture abiFor ([Ljdk/internal/foreign/abi/VMStorage;[Ljdk/internal/foreign/abi/VMStorage;[Ljdk/internal/foreign/abi/VMStorage;[Ljdk/internal/foreign/abi/VMStorage;I[Ljdk/internal/foreign/abi/VMStorage;[Ljdk/internal/foreign/abi/VMStorage;IILjdk/internal/foreign/abi/VMStorage;Ljdk/internal/foreign/abi/VMStorage;)Ljdk/internal/foreign/abi/ABIDescriptor; 39 <appendix> argL0 ; # jdk/internal/foreign/abi/x64/X86_64Architecture$$Lambda+0x000000003d0e2660
instanceKlass java/util/Spliterators$EmptySpliterator
instanceKlass java/util/Spliterator$OfInt
instanceKlass java/util/Spliterator$OfPrimitive
instanceKlass java/util/stream/IntStream
instanceKlass jdk/internal/foreign/abi/x64/X86_64Architecture
instanceKlass jdk/internal/foreign/abi/Architecture
instanceKlass jdk/internal/foreign/abi/x64/X86_64Architecture$Regs
instanceKlass jdk/internal/foreign/abi/x64/windows/CallArranger
instanceKlass  @bci jdk/internal/foreign/abi/SoftReferenceCache get (Ljava/lang/Object;Ljava/util/function/Function;)Ljava/lang/Object; 6 <appendix> member <vmtarget> ; # jdk/internal/foreign/abi/SoftReferenceCache$$Lambda+0x000000003d0e0218
instanceKlass jdk/internal/foreign/abi/SoftReferenceCache$Node
instanceKlass  @bci jdk/internal/foreign/abi/AbstractLinker downcallHandle0 (Ljava/lang/foreign/FunctionDescriptor;[Ljava/lang/foreign/Linker$Option;)Ljava/lang/invoke/MethodHandle; 46 <appendix> member <vmtarget> ; # jdk/internal/foreign/abi/AbstractLinker$$Lambda+0x000000003d0bfc30
instanceKlass  @bci jdk/internal/foreign/abi/LinkerOptions forDowncall (Ljava/lang/foreign/FunctionDescriptor;[Ljava/lang/foreign/Linker$Option;)Ljdk/internal/foreign/abi/LinkerOptions; 0 <appendix> argL0 ; # jdk/internal/foreign/abi/LinkerOptions$$Lambda+0x000000003d0bf5a8
instanceKlass  @cpi jdk/internal/foreign/abi/LinkerOptions 181 form vmentry <vmtarget> ; # java/lang/invoke/LambdaForm$DMH+0x000000003d0c5c00
instanceKlass jdk/internal/foreign/abi/LinkerOptions$LinkerOptionImpl
instanceKlass  @bci jdk/internal/foreign/abi/AbstractLinker stripNames (Ljava/lang/foreign/MemoryLayout;)Ljava/lang/foreign/MemoryLayout; 11 <appendix> member <vmtarget> ; # jdk/internal/foreign/abi/AbstractLinker$$TypeSwitch+0x000000003d0bf190
instanceKlass java/lang/classfile/MethodModel
instanceKlass java/lang/classfile/FieldModel
instanceKlass  @bci jdk/internal/classfile/impl/ClassFileImpl attributeMapper ()Ljava/util/function/Function; 7 <appendix> argL0 ; # jdk/internal/classfile/impl/ClassFileImpl$$Lambda+0x80000004b
instanceKlass java/lang/classfile/ClassModel
instanceKlass java/lang/classfile/AttributedElement
instanceKlass java/lang/classfile/CompoundElement
instanceKlass jdk/internal/classfile/impl/StackMapDecoder$1
instanceKlass jdk/internal/classfile/impl/StackMapDecoder
instanceKlass java/lang/classfile/attribute/StackMapTableAttribute
instanceKlass java/util/Arrays$ArrayItr
instanceKlass java/lang/classfile/instruction/SwitchCase
instanceKlass java/lang/classfile/attribute/StackMapFrameInfo
instanceKlass  @bci java/lang/runtime/SwitchBootstraps generateTypeSwitchSkeleton (Ljava/lang/Class;[Ljava/lang/Object;Ljava/util/List;Ljava/util/List;)Ljava/util/function/Consumer; 45 <appendix> member <vmtarget> ; # java/lang/runtime/SwitchBootstraps$$Lambda+0x800000019
instanceKlass java/lang/classfile/AccessFlags
instanceKlass  @bci java/lang/runtime/SwitchBootstraps generateTypeSwitch (Ljava/lang/invoke/MethodHandles$Lookup;Ljava/lang/Class;[Ljava/lang/Object;)Ljava/lang/invoke/MethodHandle; 70 <appendix> member <vmtarget> ; # java/lang/runtime/SwitchBootstraps$$Lambda+0x800000018
instanceKlass java/lang/classfile/ClassFile$Option
instanceKlass java/lang/invoke/DirectMethodHandle$1
instanceKlass java/lang/classfile/attribute/StackMapFrameInfo$ObjectVerificationTypeInfo
instanceKlass java/lang/classfile/attribute/StackMapFrameInfo$VerificationTypeInfo
instanceKlass java/util/function/BiPredicate
instanceKlass jdk/internal/misc/PreviewFeatures
instanceKlass java/lang/runtime/SwitchBootstraps
instanceKlass  @bci jdk/internal/foreign/abi/AbstractLinker checkLayouts (Ljava/lang/foreign/FunctionDescriptor;)V 22 <appendix> member <vmtarget> ; # jdk/internal/foreign/abi/AbstractLinker$$Lambda+0x000000003d0bcd50
instanceKlass  @bci jdk/internal/foreign/abi/AbstractLinker checkLayouts (Ljava/lang/foreign/FunctionDescriptor;)V 7 <appendix> member <vmtarget> ; # jdk/internal/foreign/abi/AbstractLinker$$Lambda+0x000000003d0bcb10
instanceKlass java/lang/foreign/Linker$Option
instanceKlass  @bci jdk/internal/foreign/SystemLookup lambda$makeWindowsLookup$3 (Ljava/lang/foreign/SymbolLookup;Ljava/util/function/Function;Ljava/lang/String;)Ljava/util/Optional; 25 <appendix> member <vmtarget> ; # jdk/internal/foreign/SystemLookup$$Lambda+0x000000003d0bc4d8
instanceKlass  @bci java/lang/foreign/SymbolLookup lambda$or$0 (Ljava/lang/foreign/SymbolLookup;Ljava/lang/String;)Ljava/util/Optional; 9 <appendix> member <vmtarget> ; # java/lang/foreign/SymbolLookup$$Lambda+0x000000003d0bc2a8
instanceKlass java/util/stream/FindOps$FindOp
instanceKlass  @bci java/util/stream/FindOps$FindSink$OfRef <clinit> ()V 6 <appendix> argL0 ; # java/util/stream/FindOps$FindSink$OfRef$$Lambda+0x800000048
instanceKlass  @bci java/util/stream/FindOps$FindSink$OfRef <clinit> ()V 0 <appendix> argL0 ; # java/util/stream/FindOps$FindSink$OfRef$$Lambda+0x800000049
instanceKlass java/util/stream/FindOps$FindSink
instanceKlass java/util/stream/FindOps
instanceKlass  @bci jdk/internal/foreign/FunctionDescriptorImpl <init> (Ljava/lang/foreign/MemoryLayout;Ljava/util/List;)V 44 <appendix> argL0 ; # jdk/internal/foreign/FunctionDescriptorImpl$$Lambda+0x000000003d0bc050
instanceKlass java/util/Collections$2
instanceKlass jdk/internal/foreign/FunctionDescriptorImpl
instanceKlass  @bci java/lang/foreign/SymbolLookup or (Ljava/lang/foreign/SymbolLookup;)Ljava/lang/foreign/SymbolLookup; 7 <appendix> member <vmtarget> ; # java/lang/foreign/SymbolLookup$$Lambda+0x000000003d0bbba0
instanceKlass  @cpi java/lang/foreign/SymbolLookup 273 form vmentry <vmtarget> ; # java/lang/invoke/LambdaForm$DMH+0x000000003d0c5800
instanceKlass  @bci jdk/internal/foreign/SystemLookup makeWindowsLookup ()Ljava/lang/foreign/SymbolLookup; 123 <appendix> member <vmtarget> ; # jdk/internal/foreign/SystemLookup$$Lambda+0x000000003d0bb950
instanceKlass  @cpi jdk/internal/foreign/SystemLookup 290 form vmentry <vmtarget> ; # java/lang/invoke/LambdaForm$DMH+0x000000003d0c5400
instanceKlass  @bci jdk/internal/foreign/SystemLookup makeWindowsLookup ()Ljava/lang/foreign/SymbolLookup; 108 <appendix> member <vmtarget> ; # jdk/internal/foreign/SystemLookup$$Lambda+0x000000003d0bb700
instanceKlass  @bci jdk/internal/foreign/SystemLookup lookup (Ljdk/internal/loader/NativeLibrary;)Ljava/lang/foreign/SymbolLookup; 1 <appendix> member <vmtarget> ; # jdk/internal/foreign/SystemLookup$$Lambda+0x000000003d0bb060
instanceKlass sun/nio/fs/WindowsLinkSupport
instanceKlass sun/nio/fs/Util
instanceKlass  @bci jdk/internal/foreign/SystemLookup makeWindowsLookup ()Ljava/lang/foreign/SymbolLookup; 62 <appendix> member <vmtarget> ; # jdk/internal/foreign/SystemLookup$$Lambda+0x000000003d0babd8
instanceKlass jdk/internal/loader/RawNativeLibraries
instanceKlass sun/nio/fs/WindowsNativeDispatcher$CompletionStatus
instanceKlass sun/nio/fs/WindowsNativeDispatcher$AclInformation
instanceKlass sun/nio/fs/WindowsNativeDispatcher$Account
instanceKlass sun/nio/fs/WindowsNativeDispatcher$DiskFreeSpace
instanceKlass sun/nio/fs/WindowsNativeDispatcher$VolumeInformation
instanceKlass sun/nio/fs/WindowsNativeDispatcher$FirstStream
instanceKlass sun/nio/fs/WindowsNativeDispatcher$FirstFile
instanceKlass sun/nio/fs/WindowsNativeDispatcher
instanceKlass sun/nio/fs/NativeBuffer$Deallocator
instanceKlass sun/nio/fs/NativeBuffer
instanceKlass sun/nio/fs/NativeBuffers
instanceKlass sun/nio/fs/WindowsFileAttributes
instanceKlass java/nio/file/attribute/DosFileAttributes
instanceKlass java/nio/file/attribute/BasicFileAttributes
instanceKlass java/nio/file/Files
instanceKlass java/nio/file/CopyOption
instanceKlass sun/nio/fs/WindowsPath$1
instanceKlass java/net/URI$Parser
instanceKlass java/nio/file/FileSystems$DefaultFileSystemHolder
instanceKlass java/nio/file/FileSystems
instanceKlass java/util/TreeMap$Entry
instanceKlass java/lang/ProcessEnvironment$CheckedEntry
instanceKlass java/lang/ProcessEnvironment$CheckedEntrySet$1
instanceKlass java/util/NavigableMap
instanceKlass java/util/SortedMap
instanceKlass java/util/SequencedMap
instanceKlass java/lang/ProcessEnvironment$EntryComparator
instanceKlass java/lang/ProcessEnvironment$NameComparator
instanceKlass  @bci jdk/internal/foreign/SystemLookup <clinit> ()V 10 <appendix> argL0 ; # jdk/internal/foreign/SystemLookup$$Lambda+0x000000003d0b8ed0
instanceKlass jdk/internal/foreign/SystemLookup
instanceKlass  @bci java/lang/foreign/SymbolLookup loaderLookup ()Ljava/lang/foreign/SymbolLookup; 49 <appendix> member <vmtarget> ; # java/lang/foreign/SymbolLookup$$Lambda+0x000000003d0b8a38
instanceKlass java/lang/foreign/SymbolLookup
instanceKlass java/util/AbstractMap$ValueIterator
instanceKlass jdk/internal/foreign/abi/SoftReferenceCache
instanceKlass jdk/internal/foreign/abi/x64/windows/Windowsx64Linker$1Holder
instanceKlass jdk/internal/foreign/abi/AbstractLinker
instanceKlass jdk/internal/vm/ForeignLinkerSupport
instanceKlass jdk/internal/foreign/abi/SharedUtils$3
instanceKlass jdk/internal/foreign/BufferStack
instanceKlass  @bci jdk/internal/foreign/abi/SharedUtils <clinit> ()V 162 <appendix> argL0 ; # jdk/internal/foreign/abi/SharedUtils$$Lambda+0x000000003d0b68c8
instanceKlass  @cpi jdk/internal/foreign/abi/SharedUtils 962 form vmentry <vmtarget> ; # java/lang/invoke/LambdaForm$DMH+0x000000003d0c5000
# instanceKlass java/lang/invoke/LambdaForm$DMH+0x000000003d0c4c00
# instanceKlass java/lang/invoke/LambdaForm$DMH+0x000000003d0c4800
# instanceKlass java/lang/invoke/LambdaForm$DMH+0x000000003d0c4400
instanceKlass  @cpi jdk/internal/foreign/SystemLookup 281 form vmentry <vmtarget> ; # java/lang/invoke/LambdaForm$DMH+0x000000003d0c4000
instanceKlass  @cpi java/lang/classfile/constantpool/ConstantPoolBuilder 412 form vmentry <vmtarget> ; # java/lang/invoke/LambdaForm$DMH+0x000000003d0c3c00
instanceKlass jdk/internal/foreign/abi/SharedUtils$1
instanceKlass java/lang/foreign/UnionLayout
instanceKlass  @bci java/lang/foreign/MemoryLayout unionLayout ([Ljava/lang/foreign/MemoryLayout;)Ljava/lang/foreign/UnionLayout; 9 <appendix> argL0 ; # java/lang/foreign/MemoryLayout$$Lambda+0x000000003d0b5c28
instanceKlass  @bci java/lang/foreign/MemoryLayout sequenceLayout (JLjava/lang/foreign/MemoryLayout;)Ljava/lang/foreign/SequenceLayout; 19 <adapter> ; # java/lang/invoke/LambdaForm$MH+0x000000003d0c3800
# instanceKlass java/lang/invoke/LambdaForm$DMH+0x000000003d0c3400
instanceKlass  @bci java/lang/foreign/MemoryLayout sequenceLayout (JLjava/lang/foreign/MemoryLayout;)Ljava/lang/foreign/SequenceLayout; 19 <appendix> form vmentry <vmtarget> ; # java/lang/invoke/LambdaForm$DMH+0x000000003d0c3000
instanceKlass  @bci java/lang/foreign/MemoryLayout sequenceLayout (JLjava/lang/foreign/MemoryLayout;)Ljava/lang/foreign/SequenceLayout; 19 <appendix> member <vmtarget> ; # java/lang/foreign/MemoryLayout$$Lambda+0x000000003d0b5620
instanceKlass java/lang/foreign/SequenceLayout
instanceKlass sun/font/HBShaper
instanceKlass sun/font/GlyphLayout$LayoutEngineKey
instanceKlass sun/font/GlyphLayout$EngineRecord
instanceKlass sun/font/ScriptRunData
instanceKlass sun/font/FontSubstitution
instanceKlass sun/font/GlyphLayout$SDCache$SDKey
instanceKlass sun/font/GlyphLayout$SDCache
instanceKlass sun/font/FontRunIterator
instanceKlass sun/font/ScriptRun
instanceKlass sun/font/TextRecord
instanceKlass sun/font/GlyphLayout$GVData
instanceKlass sun/font/SunLayoutEngine
instanceKlass sun/font/GlyphLayout$LayoutEngineFactory
instanceKlass sun/font/GlyphLayout$LayoutEngine
instanceKlass sun/font/GlyphLayout
instanceKlass sun/font/AttributeValues$1
instanceKlass sun/font/TextLabel
instanceKlass sun/font/Decoration$Label
instanceKlass sun/font/TextSource
instanceKlass sun/font/TextLineComponent
instanceKlass sun/font/TextLabelFactory
instanceKlass sun/font/Decoration
instanceKlass jdk/internal/icu/impl/Trie2$UTrie2Header
instanceKlass jdk/internal/icu/impl/Trie2$1
instanceKlass jdk/internal/icu/impl/Trie2$ValueMapper
instanceKlass jdk/internal/icu/impl/Trie2
instanceKlass jdk/internal/icu/impl/UBiDiProps$IsAcceptable
instanceKlass jdk/internal/icu/impl/ICUBinary$Authenticate
instanceKlass jdk/internal/icu/impl/ICUBinary
instanceKlass jdk/internal/icu/impl/UBiDiProps
instanceKlass jdk/internal/icu/lang/UCharacter
instanceKlass jdk/internal/icu/text/BidiBase$ImpTabPair
instanceKlass jdk/internal/icu/text/BidiBase
instanceKlass java/text/Bidi
instanceKlass java/awt/font/TextLine$Function
instanceKlass java/awt/font/TextLine
instanceKlass java/awt/font/LineMetrics
instanceKlass sun/font/CoreMetrics
instanceKlass java/awt/font/TextLayout$CaretPolicy
instanceKlass java/awt/font/TextLayout
instanceKlass sun/java2d/loops/FontInfo
instanceKlass sun/font/CMap
instanceKlass sun/font/FontScaler
instanceKlass sun/font/TrueTypeFont$DirectoryEntry
instanceKlass sun/nio/ch/Util$BufferCache
instanceKlass sun/nio/ch/Util
instanceKlass jdk/internal/misc/Blocker
instanceKlass sun/nio/ch/IOStatus
instanceKlass sun/nio/ch/NativeThread
instanceKlass sun/nio/ch/NativeThreadSet
instanceKlass java/nio/channels/spi/AbstractInterruptibleChannel$1
instanceKlass sun/nio/ch/Interruptible
instanceKlass sun/nio/ch/IOUtil
instanceKlass sun/nio/ch/NativeDispatcher
instanceKlass java/nio/file/attribute/FileAttribute
instanceKlass java/nio/channels/ScatteringByteChannel
instanceKlass java/nio/channels/GatheringByteChannel
instanceKlass java/nio/channels/SeekableByteChannel
instanceKlass java/nio/channels/ByteChannel
instanceKlass java/nio/channels/WritableByteChannel
instanceKlass java/nio/channels/ReadableByteChannel
instanceKlass java/nio/channels/spi/AbstractInterruptibleChannel
instanceKlass java/nio/channels/InterruptibleChannel
instanceKlass java/nio/channels/Channel
instanceKlass java/io/RandomAccessFile$2
instanceKlass jdk/internal/access/JavaIORandomAccessFileAccess
instanceKlass java/io/RandomAccessFile
instanceKlass java/io/DataOutput
instanceKlass sun/font/TrueTypeFont$TTDisposerRecord
instanceKlass sun/font/StrikeCache$DisposableStrike
instanceKlass sun/font/FontStrikeDisposer
instanceKlass sun/java2d/Disposer$PollDisposable
instanceKlass sun/font/FontStrikeDesc
instanceKlass sun/font/FontDesignMetrics$MetricsKey
instanceKlass java/awt/FontMetrics
instanceKlass sun/java2d/marlin/ArrayCacheConst
instanceKlass sun/java2d/pipe/AlphaPaintPipe$TileContext
instanceKlass java/awt/GradientPaintContext
instanceKlass java/awt/PaintContext
instanceKlass sun/java2d/marlin/DPQSSorterContext
instanceKlass sun/java2d/marlin/MarlinUtils
instanceKlass sun/java2d/marlin/MergeSort
instanceKlass sun/java2d/marlin/Dasher$LengthIterator
instanceKlass sun/java2d/marlin/Dasher
instanceKlass sun/java2d/marlin/Stroker
instanceKlass sun/java2d/marlin/MarlinTileGenerator
instanceKlass sun/java2d/pipe/AATileGenerator
instanceKlass sun/java2d/marlin/Renderer
instanceKlass sun/java2d/marlin/ArrayCacheIntClean$Reference
instanceKlass  @bci sun/java2d/marlin/OffHeapArray <init> (Ljava/lang/Object;J)V 52 <appendix> member <vmtarget> ; # sun/java2d/marlin/OffHeapArray$$Lambda+0x000000003d0a59e8
instanceKlass sun/java2d/marlin/OffHeapArray
instanceKlass sun/java2d/marlin/MarlinCache
instanceKlass sun/java2d/marlin/ArrayCacheInt$Reference
instanceKlass sun/java2d/marlin/Helpers$IndexStack
instanceKlass sun/java2d/marlin/TransformingPathConsumer2D$PathClipFilter
instanceKlass sun/java2d/marlin/TransformingPathConsumer2D$StartFlagPathConsumer2D
instanceKlass sun/java2d/marlin/ArrayCacheByte$Reference
instanceKlass sun/java2d/marlin/ArrayCacheDouble$Reference
instanceKlass sun/java2d/marlin/Helpers$PolyStack
instanceKlass sun/java2d/marlin/TransformingPathConsumer2D$ClosedPathDetector
instanceKlass sun/java2d/marlin/TransformingPathConsumer2D$PathTracer
instanceKlass sun/java2d/marlin/TransformingPathConsumer2D$DeltaTransformFilter
instanceKlass sun/java2d/marlin/TransformingPathConsumer2D$DeltaScaleFilter
instanceKlass sun/java2d/marlin/TransformingPathConsumer2D$Path2DWrapper
instanceKlass sun/java2d/marlin/TransformingPathConsumer2D
instanceKlass sun/java2d/marlin/TransformingPathConsumer2D$CurveClipSplitter
instanceKlass sun/java2d/marlin/TransformingPathConsumer2D$CurveBasicMonotonizer
instanceKlass sun/java2d/marlin/DMarlinRenderingEngine$NormalizingPathIterator
instanceKlass java/awt/geom/PathIterator
instanceKlass sun/java2d/marlin/RendererContext$PathConsumer2DAdapter
instanceKlass sun/java2d/marlin/ArrayCacheByte
instanceKlass sun/java2d/marlin/ArrayCacheDouble
instanceKlass sun/java2d/marlin/ArrayCacheInt
instanceKlass sun/java2d/marlin/ArrayCacheIntClean
instanceKlass sun/java2d/marlin/PathSimplifier
instanceKlass sun/java2d/marlin/CollinearSimplifier
instanceKlass sun/java2d/marlin/DPathConsumer2D
instanceKlass sun/java2d/marlin/Curve
instanceKlass sun/java2d/ReentrantContext
instanceKlass java/awt/GradientPaint
instanceKlass sun/awt/image/BufImgSurfaceData$ICMColorData
instanceKlass java/awt/image/WritableRenderedImage
instanceKlass java/awt/image/RenderedImage
instanceKlass sun/awt/image/NativeLibLoader
instanceKlass java/awt/image/SampleModel
instanceKlass java/awt/image/DataBuffer$1
instanceKlass sun/awt/image/SunWritableRaster$DataStealer
instanceKlass java/awt/image/DataBuffer
instanceKlass java/awt/image/Raster
instanceKlass sun/awt/SunGraphicsCallback
instanceKlass sun/java2d/pipe/hw/AccelSurface
instanceKlass java/util/LinkedList$ListItr
instanceKlass sun/awt/dnd/SunDragSourceContextPeer
instanceKlass java/awt/dnd/peer/DragSourceContextPeer
instanceKlass java/awt/ModalEventFilter
instanceKlass java/awt/EventDispatchThread$HierarchyEventFilter
instanceKlass java/awt/EventFilter
instanceKlass java/awt/EventDispatchThread$1
instanceKlass java/awt/Conditional
instanceKlass sun/awt/GlobalCursorManager$NativeUpdater
instanceKlass sun/awt/GlobalCursorManager
instanceKlass jdk/internal/event/Event
instanceKlass java/awt/SplashScreen
instanceKlass java/lang/invoke/VarHandle$AccessDescriptor
instanceKlass sun/awt/windows/WComponentPeer$2
instanceKlass java/awt/event/InvocationEvent$1
instanceKlass sun/awt/AWTAccessor$InvocationEventAccessor
instanceKlass  @bci sun/awt/windows/WWindowPeer displayChanged ()V 5 <appendix> member <vmtarget> ; # sun/awt/windows/WWindowPeer$$Lambda+0x000000003d0933c8
instanceKlass  @cpi sun/awt/windows/WWindowPeer 855 form vmentry <vmtarget> ; # java/lang/invoke/LambdaForm$DMH+0x000000003d0c2c00
instanceKlass sun/awt/EventQueueItem
instanceKlass java/awt/SequencedEvent$1
instanceKlass sun/awt/AWTAccessor$SequencedEventAccessor
instanceKlass java/awt/ActiveEvent
instanceKlass sun/awt/NullComponentPeer
instanceKlass sun/awt/LightweightPeerHolder
instanceKlass java/awt/peer/LightweightPeer
instanceKlass sun/awt/im/InputMethodLocator
instanceKlass sun/awt/windows/WInputMethodDescriptor
instanceKlass java/awt/im/spi/InputMethodDescriptor
instanceKlass sun/awt/im/InputMethodManager
instanceKlass  @bci sun/awt/windows/WToolkit getFontPeer (Ljava/lang/String;I)Ljava/awt/peer/FontPeer; 89 <appendix> form vmentry <vmtarget> ; # java/lang/invoke/LambdaForm$MH+0x000000003d0c2800
instanceKlass sun/font/FontFamily
instanceKlass sun/font/CompositeFontDescriptor
instanceKlass sun/font/SunFontManager$FontRegistrationInfo
instanceKlass java/io/DataInput
instanceKlass sun/awt/FontDescriptor
instanceKlass sun/awt/FontConfiguration
instanceKlass  @bci sun/awt/Win32FontManager <clinit> ()V 0 <appendix> argL0 ; # sun/awt/Win32FontManager$$Lambda+0x000000003d08d2c8
instanceKlass sun/font/PlatformFontInfo
instanceKlass sun/font/FontManagerFactory
instanceKlass sun/font/GlyphList
instanceKlass  @bci java/lang/invoke/VarHandles filterValue (Ljava/lang/invoke/VarHandle;Ljava/lang/invoke/MethodHandle;Ljava/lang/invoke/MethodHandle;)Ljava/lang/invoke/VarHandle; 391 <appendix> member <vmtarget> ; # java/lang/invoke/VarHandles$$Lambda+0x000000003d08c360
instanceKlass  @bci java/util/stream/MatchOps makeRef (Ljava/util/function/Predicate;Ljava/util/stream/MatchOps$MatchKind;)Ljava/util/stream/TerminalOp; 20 <appendix> member <vmtarget> ; # java/util/stream/MatchOps$$Lambda+0x800000004
instanceKlass java/util/stream/MatchOps$BooleanTerminalSink
instanceKlass java/util/stream/MatchOps$MatchOp
instanceKlass java/util/stream/MatchOps
instanceKlass  @bci java/lang/invoke/VarHandles adaptForCheckedExceptions (Ljava/lang/invoke/MethodHandle;)Ljava/lang/invoke/MethodHandle; 13 <appendix> argL0 ; # java/lang/invoke/VarHandles$$Lambda+0x000000003d08c108
instanceKlass java/util/function/Predicate
instanceKlass jdk/internal/foreign/abi/LinkerOptions
instanceKlass java/lang/foreign/Linker
instanceKlass jdk/internal/foreign/abi/AbstractLinker$UpcallStubFactory
instanceKlass jdk/internal/foreign/abi/CallingSequence
instanceKlass java/lang/foreign/FunctionDescriptor
instanceKlass java/lang/invoke/VarHandleSegmentAsLongs
instanceKlass java/lang/invoke/VarHandleSegmentAsBytes
instanceKlass java/lang/invoke/VarHandleSegmentAsChars
instanceKlass  @bci java/lang/invoke/VarHandles insertCoordinates (Ljava/lang/invoke/VarHandle;I[Ljava/lang/Object;)Ljava/lang/invoke/VarHandle; 204 <appendix> form vmentry <vmtarget> ; # java/lang/invoke/LambdaForm$DMH+0x000000003d0c2000
instanceKlass  @bci java/lang/invoke/VarHandles insertCoordinates (Ljava/lang/invoke/VarHandle;I[Ljava/lang/Object;)Ljava/lang/invoke/VarHandle; 204 <appendix> member <vmtarget> ; # java/lang/invoke/VarHandles$$Lambda+0x000000003d08a968
instanceKlass  @cpi java/lang/invoke/VarHandles 962 form vmentry <vmtarget> ; # java/lang/invoke/LambdaForm$DMH+0x000000003d0c1c00
instanceKlass java/lang/invoke/VarHandleSegmentAsFloats
instanceKlass  @bci jdk/internal/foreign/layout/AbstractLayout varHandleInternal ([Ljava/lang/foreign/MemoryLayout$PathElement;)Ljava/lang/invoke/VarHandle; 7 <appendix> argL0 ; # jdk/internal/foreign/layout/AbstractLayout$$Lambda+0x000000003d089dd0
instanceKlass java/lang/WeakPairMap$Pair$Lookup
instanceKlass java/lang/WeakPairMap$Pair
instanceKlass java/lang/WeakPairMap
instanceKlass java/lang/Module$ReflectionData
# instanceKlass java/lang/invoke/LambdaForm$DMH+0x000000003d0c1800
# instanceKlass java/lang/invoke/LambdaForm$DMH+0x000000003d0c1400
# instanceKlass java/lang/invoke/LambdaForm$DMH+0x000000003d0c1000
# instanceKlass java/lang/invoke/LambdaForm$DMH+0x000000003d0c0c00
# instanceKlass java/lang/invoke/LambdaForm$DMH+0x000000003d0c0800
# instanceKlass java/lang/invoke/LambdaForm$DMH+0x000000003d0c0400
# instanceKlass java/lang/invoke/LambdaForm$DMH+0x000000003d0c0000
instanceKlass jdk/internal/foreign/LayoutPath
instanceKlass java/util/function/UnaryOperator
instanceKlass java/lang/foreign/MemoryLayout$PathElement
instanceKlass java/util/stream/Nodes$ArrayNode
instanceKlass java/util/stream/Node$Builder
instanceKlass java/util/stream/Node$OfDouble
instanceKlass java/util/stream/Node$OfLong
instanceKlass java/util/stream/Node$OfInt
instanceKlass java/util/stream/Node$OfPrimitive
instanceKlass java/util/stream/Nodes$EmptyNode
instanceKlass java/util/stream/Node
instanceKlass java/util/stream/Nodes
instanceKlass  @bci java/util/stream/ReferencePipeline toArray ()[Ljava/lang/Object; 1 <appendix> argL0 ; # java/util/stream/ReferencePipeline$$Lambda+0x000000003d087f30
instanceKlass java/util/function/IntFunction
instanceKlass  @bci java/lang/foreign/MemoryLayout lambda$structLayout$0 ([Ljava/lang/foreign/MemoryLayout;)Ljava/lang/foreign/StructLayout; 4 <appendix> argL0 ; # java/lang/foreign/MemoryLayout$$Lambda+0x000000003d087ce8
instanceKlass  @bci java/lang/foreign/MemoryLayout structLayout ([Ljava/lang/foreign/MemoryLayout;)Ljava/lang/foreign/StructLayout; 6 <appendix> member <vmtarget> ; # java/lang/foreign/MemoryLayout$$Lambda+0x000000003d087ab8
instanceKlass java/lang/classfile/constantpool/InterfaceMethodRefEntry
instanceKlass java/lang/foreign/StructLayout
instanceKlass java/lang/foreign/GroupLayout
instanceKlass java/lang/foreign/PaddingLayout
instanceKlass java/lang/foreign/ValueLayout$OfDouble
instanceKlass java/lang/foreign/ValueLayout$OfFloat
instanceKlass java/lang/foreign/ValueLayout$OfLong
instanceKlass java/lang/foreign/ValueLayout$OfInt
instanceKlass java/lang/foreign/ValueLayout$OfShort
instanceKlass java/lang/foreign/ValueLayout$OfChar
instanceKlass java/lang/foreign/ValueLayout$OfBoolean
instanceKlass java/lang/foreign/ValueLayout$OfByte
instanceKlass jdk/internal/foreign/layout/MemoryLayoutUtil
instanceKlass jdk/internal/foreign/layout/ValueLayouts
instanceKlass jdk/internal/foreign/layout/AbstractLayout
instanceKlass sun/font/StrikeCache
instanceKlass sun/font/FontStrike
instanceKlass sun/font/CharToGlyphMapper
instanceKlass sun/font/StrikeMetrics
instanceKlass sun/font/Font2D
instanceKlass sun/font/FontManagerNativeLibrary
instanceKlass sun/font/SunFontManager$T1Filter
instanceKlass sun/font/SunFontManager$TTFilter
instanceKlass java/io/FilenameFilter
instanceKlass sun/font/Font2DHandle
instanceKlass sun/font/SunFontManager
instanceKlass sun/font/FontManagerForSGE
instanceKlass sun/font/FontManager
instanceKlass sun/java2d/FontSupport
instanceKlass sun/awt/NativeLibLoader
instanceKlass sun/awt/PlatformFont
instanceKlass java/awt/peer/FontPeer
instanceKlass  @bci java/awt/SystemColor <clinit> ()V 643 <appendix> argL0 ; # java/awt/SystemColor$$Lambda+0x000000003d04e1d8
instanceKlass  @cpi java/awt/SystemColor 241 form vmentry <vmtarget> ; # java/lang/invoke/LambdaForm$DMH+0x000000003d047800
instanceKlass sun/awt/AWTAccessor$SystemColorAccessor
instanceKlass sun/java2d/StateTracker$2
instanceKlass sun/java2d/StateTracker$1
instanceKlass sun/java2d/StateTracker
instanceKlass sun/java2d/SurfaceDataProxy
instanceKlass sun/awt/image/SurfaceManager$FlushableCacheData
instanceKlass sun/java2d/DefaultDisposerRecord
instanceKlass java/util/TimSort
instanceKlass sun/java2d/loops/GraphicsPrimitiveMgr$PrimitiveSpec
instanceKlass sun/java2d/loops/RenderLoops
instanceKlass sun/java2d/windows/GDIRenderer
instanceKlass sun/java2d/loops/GraphicsPrimitiveMgr$2
instanceKlass sun/java2d/loops/GraphicsPrimitiveMgr$1
instanceKlass sun/java2d/loops/GeneralRenderer
instanceKlass sun/java2d/loops/CustomComponent
instanceKlass sun/java2d/pipe/ValidatePipe
instanceKlass java/awt/BasicStroke
instanceKlass java/awt/geom/Path2D
instanceKlass java/awt/AlphaComposite
instanceKlass sun/awt/ConstrainableGraphics
instanceKlass sun/java2d/loops/GraphicsPrimitiveMgr
instanceKlass sun/java2d/loops/CompositeType
instanceKlass sun/java2d/loops/GraphicsPrimitiveMgr$GeneralPrimitives
instanceKlass sun/java2d/loops/GraphicsPrimitive
instanceKlass sun/java2d/loops/XORComposite
instanceKlass java/awt/Composite
instanceKlass sun/awt/image/SurfaceManager$Factory
instanceKlass sun/java2d/pipe/hw/AccelGraphicsConfig
instanceKlass sun/java2d/pipe/hw/BufferedContextProvider
instanceKlass  @bci sun/java2d/d3d/D3DScreenUpdateManager <init> ()V 21 <appendix> member <vmtarget> ; # sun/java2d/d3d/D3DScreenUpdateManager$$Lambda+0x000000003d05cd80
instanceKlass sun/java2d/ScreenUpdateManager
instanceKlass sun/awt/im/InputMethodWindow
instanceKlass sun/awt/ExtendedKeyCodes
instanceKlass sun/awt/RepaintArea
instanceKlass sun/awt/windows/WWindowPeer$GuiDisposedListener
instanceKlass sun/awt/windows/WWindowPeer$ActiveWindowListener
instanceKlass java/awt/peer/CanvasPeer
instanceKlass java/awt/peer/PanelPeer
instanceKlass java/awt/peer/FramePeer
instanceKlass java/awt/peer/WindowPeer
instanceKlass java/awt/peer/ContainerPeer
instanceKlass java/lang/Thread$ThreadNumbering
instanceKlass Tetromino$ScoreEntry
instanceKlass java/nio/charset/CoderResult
instanceKlass java/io/Reader
instanceKlass java/lang/Readable
instanceKlass Tetromino
instanceKlass java/awt/AWTEventMulticaster
instanceKlass java/awt/event/MouseWheelListener
instanceKlass java/awt/event/HierarchyBoundsListener
instanceKlass java/awt/event/HierarchyListener
instanceKlass java/awt/event/InputMethodListener
instanceKlass java/awt/event/TextListener
instanceKlass java/awt/event/AdjustmentListener
instanceKlass java/awt/event/ItemListener
instanceKlass java/awt/event/ActionListener
instanceKlass java/awt/event/WindowStateListener
instanceKlass java/awt/event/WindowFocusListener
instanceKlass java/awt/event/WindowListener
instanceKlass java/awt/event/MouseMotionListener
instanceKlass java/awt/event/MouseListener
instanceKlass java/awt/event/FocusListener
instanceKlass java/awt/event/ContainerListener
instanceKlass java/awt/event/ComponentListener
instanceKlass java/util/Random
instanceKlass java/util/random/RandomGenerator
instanceKlass java/util/stream/Sink$ChainedReference
instanceKlass java/util/stream/ReduceOps$AccumulatingSink
instanceKlass java/util/stream/TerminalSink
instanceKlass java/util/stream/Sink
instanceKlass java/util/stream/ReduceOps$Box
instanceKlass java/util/stream/ReduceOps$ReduceOp
instanceKlass java/util/stream/TerminalOp
instanceKlass java/util/stream/ReduceOps
instanceKlass  @bci java/util/stream/Collectors joining (Ljava/lang/CharSequence;Ljava/lang/CharSequence;Ljava/lang/CharSequence;)Ljava/util/stream/Collector; 22 <appendix> argL0 ; # java/util/stream/Collectors$$Lambda+0x800000043
instanceKlass  @bci java/util/stream/Collectors joining (Ljava/lang/CharSequence;Ljava/lang/CharSequence;Ljava/lang/CharSequence;)Ljava/util/stream/Collector; 17 <appendix> argL0 ; # java/util/stream/Collectors$$Lambda+0x800000041
instanceKlass java/util/function/BinaryOperator
instanceKlass  @bci java/util/stream/Collectors joining (Ljava/lang/CharSequence;Ljava/lang/CharSequence;Ljava/lang/CharSequence;)Ljava/util/stream/Collector; 12 <appendix> argL0 ; # java/util/stream/Collectors$$Lambda+0x80000003e
instanceKlass java/util/function/BiConsumer
instanceKlass  @bci java/util/stream/Collectors joining (Ljava/lang/CharSequence;Ljava/lang/CharSequence;Ljava/lang/CharSequence;)Ljava/util/stream/Collector; 7 <appendix> member <vmtarget> ; # java/util/stream/Collectors$$Lambda+0x800000046
instanceKlass java/util/StringJoiner
instanceKlass java/util/stream/Collector
instanceKlass java/util/stream/Collectors
instanceKlass  @bci java/lang/Class methodToString (Ljava/lang/String;[Ljava/lang/Class;)Ljava/lang/String; 42 <appendix> argL0 ; # java/lang/Class$$Lambda+0x000000003d051ca8
instanceKlass javax/swing/ActionMap
instanceKlass  @bci jdk/internal/reflect/MethodHandleIntegerFieldAccessorImpl getInt (Ljava/lang/Object;)I 11 <adapter> ; # java/lang/invoke/LambdaForm$MH+0x000000003d047400
instanceKlass jdk/internal/reflect/FieldAccessorImpl
instanceKlass jdk/internal/reflect/FieldAccessor
instanceKlass java/awt/event/KeyEvent$1
instanceKlass sun/awt/AWTAccessor$KeyEventAccessor
instanceKlass java/awt/VKCollection
instanceKlass java/util/StringTokenizer
instanceKlass javax/swing/InputMap
instanceKlass javax/swing/LayoutComparator
instanceKlass javax/swing/RepaintManager$PaintManager
instanceKlass javax/swing/JRootPane$RootLayout
instanceKlass javax/swing/ArrayTable
instanceKlass com/sun/java/swing/SwingUtilities3
instanceKlass javax/swing/RepaintManager$ProcessingRunnable
# instanceKlass java/lang/invoke/LambdaForm$MH+0x000000003d047000
instanceKlass  @bci java/awt/AWTKeyStroke getAWTKeyStroke (Ljava/lang/String;)Ljava/awt/AWTKeyStroke; 330 <appendix> form vmentry <vmtarget> ; # java/lang/invoke/LambdaForm$MH+0x000000003d046c00
# instanceKlass java/lang/invoke/LambdaForm$MH+0x000000003d046800
instanceKlass javax/swing/plaf/ComponentUI
instanceKlass sun/util/ResourceBundleEnumeration
instanceKlass java/util/LinkedList$Node
instanceKlass javax/swing/UIManager$1
instanceKlass sun/awt/PaintEventDispatcher
instanceKlass javax/swing/RepaintManager$1
instanceKlass sun/swing/SwingAccessor$RepaintManagerAccessor
instanceKlass javax/swing/RepaintManager$DisplayChangedHandler
instanceKlass javax/swing/RepaintManager
instanceKlass javax/swing/plaf/metal/OceanTheme$6
instanceKlass javax/swing/plaf/metal/OceanTheme$5
instanceKlass javax/swing/plaf/metal/OceanTheme$4
instanceKlass javax/swing/plaf/metal/OceanTheme$3
instanceKlass javax/swing/plaf/metal/OceanTheme$2
instanceKlass javax/swing/plaf/metal/OceanTheme$1
instanceKlass  @bci javax/swing/plaf/metal/OceanTheme addCustomEntriesToTable (Ljavax/swing/UIDefaults;)V 1 <appendix> member <vmtarget> ; # javax/swing/plaf/metal/OceanTheme$$Lambda+0x000000003d078408
instanceKlass java/util/EventListenerProxy
instanceKlass  @bci javax/swing/plaf/metal/MetalLookAndFeel initComponentDefaults (Ljavax/swing/UIDefaults;)V 12018 <appendix> argL0 ; # javax/swing/plaf/metal/MetalLookAndFeel$$Lambda+0x000000003d077ae8
instanceKlass  @bci javax/swing/plaf/metal/MetalLookAndFeel initComponentDefaults (Ljavax/swing/UIDefaults;)V 11955 <appendix> argL0 ; # javax/swing/plaf/metal/MetalLookAndFeel$$Lambda+0x000000003d0778c0
instanceKlass  @bci javax/swing/plaf/metal/MetalLookAndFeel initComponentDefaults (Ljavax/swing/UIDefaults;)V 11907 <appendix> argL0 ; # javax/swing/plaf/metal/MetalLookAndFeel$$Lambda+0x000000003d077698
instanceKlass  @bci javax/swing/plaf/metal/MetalLookAndFeel initComponentDefaults (Ljavax/swing/UIDefaults;)V 11758 <appendix> argL0 ; # javax/swing/plaf/metal/MetalLookAndFeel$$Lambda+0x000000003d077470
instanceKlass  @bci javax/swing/plaf/metal/MetalLookAndFeel initComponentDefaults (Ljavax/swing/UIDefaults;)V 11740 <appendix> argL0 ; # javax/swing/plaf/metal/MetalLookAndFeel$$Lambda+0x000000003d077248
instanceKlass  @bci javax/swing/plaf/metal/MetalLookAndFeel initComponentDefaults (Ljavax/swing/UIDefaults;)V 10675 <appendix> argL0 ; # javax/swing/plaf/metal/MetalLookAndFeel$$Lambda+0x000000003d077020
instanceKlass  @bci javax/swing/plaf/metal/MetalLookAndFeel initComponentDefaults (Ljavax/swing/UIDefaults;)V 10657 <appendix> argL0 ; # javax/swing/plaf/metal/MetalLookAndFeel$$Lambda+0x000000003d076df8
instanceKlass  @bci javax/swing/plaf/metal/MetalLookAndFeel initComponentDefaults (Ljavax/swing/UIDefaults;)V 10639 <appendix> argL0 ; # javax/swing/plaf/metal/MetalLookAndFeel$$Lambda+0x000000003d076bd0
instanceKlass  @bci javax/swing/plaf/metal/MetalLookAndFeel initComponentDefaults (Ljavax/swing/UIDefaults;)V 10621 <appendix> argL0 ; # javax/swing/plaf/metal/MetalLookAndFeel$$Lambda+0x000000003d0769a8
instanceKlass  @bci javax/swing/plaf/metal/MetalLookAndFeel initComponentDefaults (Ljavax/swing/UIDefaults;)V 10603 <appendix> argL0 ; # javax/swing/plaf/metal/MetalLookAndFeel$$Lambda+0x000000003d076780
instanceKlass  @bci javax/swing/plaf/metal/MetalLookAndFeel initComponentDefaults (Ljavax/swing/UIDefaults;)V 10124 <appendix> argL0 ; # javax/swing/plaf/metal/MetalLookAndFeel$$Lambda+0x000000003d076558
instanceKlass  @bci javax/swing/plaf/metal/MetalLookAndFeel initComponentDefaults (Ljavax/swing/UIDefaults;)V 10106 <appendix> argL0 ; # javax/swing/plaf/metal/MetalLookAndFeel$$Lambda+0x000000003d076330
instanceKlass  @bci javax/swing/plaf/metal/MetalLookAndFeel initComponentDefaults (Ljavax/swing/UIDefaults;)V 9938 <appendix> argL0 ; # javax/swing/plaf/metal/MetalLookAndFeel$$Lambda+0x000000003d076108
instanceKlass  @bci javax/swing/plaf/metal/MetalLookAndFeel initComponentDefaults (Ljavax/swing/UIDefaults;)V 9920 <appendix> argL0 ; # javax/swing/plaf/metal/MetalLookAndFeel$$Lambda+0x000000003d075ee0
instanceKlass  @bci javax/swing/plaf/metal/MetalLookAndFeel initComponentDefaults (Ljavax/swing/UIDefaults;)V 9259 <appendix> argL0 ; # javax/swing/plaf/metal/MetalLookAndFeel$$Lambda+0x000000003d075cb8
instanceKlass  @bci javax/swing/plaf/metal/MetalLookAndFeel initComponentDefaults (Ljavax/swing/UIDefaults;)V 9241 <appendix> argL0 ; # javax/swing/plaf/metal/MetalLookAndFeel$$Lambda+0x000000003d075a90
instanceKlass  @bci javax/swing/plaf/metal/MetalLookAndFeel initComponentDefaults (Ljavax/swing/UIDefaults;)V 9074 <appendix> argL0 ; # javax/swing/plaf/metal/MetalLookAndFeel$$Lambda+0x000000003d075868
instanceKlass  @bci javax/swing/plaf/metal/MetalLookAndFeel initComponentDefaults (Ljavax/swing/UIDefaults;)V 9056 <appendix> argL0 ; # javax/swing/plaf/metal/MetalLookAndFeel$$Lambda+0x000000003d075640
instanceKlass  @bci javax/swing/plaf/metal/MetalLookAndFeel initComponentDefaults (Ljavax/swing/UIDefaults;)V 8779 <appendix> argL0 ; # javax/swing/plaf/metal/MetalLookAndFeel$$Lambda+0x000000003d075418
instanceKlass  @bci javax/swing/plaf/metal/MetalLookAndFeel initComponentDefaults (Ljavax/swing/UIDefaults;)V 5003 <appendix> member <vmtarget> ; # javax/swing/plaf/metal/MetalLookAndFeel$$Lambda+0x000000003d0751f0
instanceKlass  @bci javax/swing/plaf/metal/MetalLookAndFeel initComponentDefaults (Ljavax/swing/UIDefaults;)V 4983 <appendix> member <vmtarget> ; # javax/swing/plaf/metal/MetalLookAndFeel$$Lambda+0x000000003d074fc8
instanceKlass  @bci javax/swing/plaf/metal/MetalLookAndFeel initComponentDefaults (Ljavax/swing/UIDefaults;)V 4963 <appendix> member <vmtarget> ; # javax/swing/plaf/metal/MetalLookAndFeel$$Lambda+0x000000003d074da0
instanceKlass  @bci javax/swing/plaf/metal/MetalLookAndFeel initComponentDefaults (Ljavax/swing/UIDefaults;)V 4943 <appendix> member <vmtarget> ; # javax/swing/plaf/metal/MetalLookAndFeel$$Lambda+0x000000003d074b78
instanceKlass  @bci javax/swing/plaf/metal/MetalLookAndFeel initComponentDefaults (Ljavax/swing/UIDefaults;)V 4923 <appendix> argL0 ; # javax/swing/plaf/metal/MetalLookAndFeel$$Lambda+0x000000003d074950
instanceKlass  @bci javax/swing/plaf/metal/MetalLookAndFeel initComponentDefaults (Ljavax/swing/UIDefaults;)V 4887 <appendix> argL0 ; # javax/swing/plaf/metal/MetalLookAndFeel$$Lambda+0x000000003d074728
instanceKlass  @bci javax/swing/plaf/metal/MetalLookAndFeel initComponentDefaults (Ljavax/swing/UIDefaults;)V 4869 <appendix> argL0 ; # javax/swing/plaf/metal/MetalLookAndFeel$$Lambda+0x000000003d074500
instanceKlass  @bci javax/swing/plaf/metal/MetalLookAndFeel initComponentDefaults (Ljavax/swing/UIDefaults;)V 4851 <appendix> argL0 ; # javax/swing/plaf/metal/MetalLookAndFeel$$Lambda+0x000000003d0742d8
instanceKlass  @bci javax/swing/plaf/metal/MetalLookAndFeel initComponentDefaults (Ljavax/swing/UIDefaults;)V 4833 <appendix> argL0 ; # javax/swing/plaf/metal/MetalLookAndFeel$$Lambda+0x000000003d0740b0
instanceKlass  @bci javax/swing/plaf/metal/MetalLookAndFeel initComponentDefaults (Ljavax/swing/UIDefaults;)V 4204 <appendix> argL0 ; # javax/swing/plaf/metal/MetalLookAndFeel$$Lambda+0x000000003d073e88
instanceKlass  @bci javax/swing/plaf/metal/MetalLookAndFeel initComponentDefaults (Ljavax/swing/UIDefaults;)V 4186 <appendix> argL0 ; # javax/swing/plaf/metal/MetalLookAndFeel$$Lambda+0x000000003d073c60
instanceKlass  @bci javax/swing/plaf/metal/MetalLookAndFeel initComponentDefaults (Ljavax/swing/UIDefaults;)V 3874 <appendix> argL0 ; # javax/swing/plaf/metal/MetalLookAndFeel$$Lambda+0x000000003d073a38
instanceKlass  @bci javax/swing/plaf/metal/MetalLookAndFeel initComponentDefaults (Ljavax/swing/UIDefaults;)V 3858 <appendix> argL0 ; # javax/swing/plaf/metal/MetalLookAndFeel$$Lambda+0x000000003d073810
instanceKlass  @bci javax/swing/plaf/metal/MetalLookAndFeel initComponentDefaults (Ljavax/swing/UIDefaults;)V 3842 <appendix> argL0 ; # javax/swing/plaf/metal/MetalLookAndFeel$$Lambda+0x000000003d0735e8
instanceKlass  @bci javax/swing/plaf/metal/MetalLookAndFeel initComponentDefaults (Ljavax/swing/UIDefaults;)V 3826 <appendix> argL0 ; # javax/swing/plaf/metal/MetalLookAndFeel$$Lambda+0x000000003d0733c0
instanceKlass  @bci javax/swing/plaf/metal/MetalLookAndFeel initComponentDefaults (Ljavax/swing/UIDefaults;)V 3810 <appendix> argL0 ; # javax/swing/plaf/metal/MetalLookAndFeel$$Lambda+0x000000003d073198
instanceKlass  @bci javax/swing/plaf/metal/MetalLookAndFeel initComponentDefaults (Ljavax/swing/UIDefaults;)V 3794 <appendix> argL0 ; # javax/swing/plaf/metal/MetalLookAndFeel$$Lambda+0x000000003d072f70
instanceKlass  @bci javax/swing/plaf/metal/MetalLookAndFeel initComponentDefaults (Ljavax/swing/UIDefaults;)V 3778 <appendix> argL0 ; # javax/swing/plaf/metal/MetalLookAndFeel$$Lambda+0x000000003d072d48
instanceKlass  @bci javax/swing/plaf/metal/MetalLookAndFeel initComponentDefaults (Ljavax/swing/UIDefaults;)V 3762 <appendix> argL0 ; # javax/swing/plaf/metal/MetalLookAndFeel$$Lambda+0x000000003d072b20
instanceKlass  @bci javax/swing/plaf/metal/MetalLookAndFeel initComponentDefaults (Ljavax/swing/UIDefaults;)V 3746 <appendix> argL0 ; # javax/swing/plaf/metal/MetalLookAndFeel$$Lambda+0x000000003d0728f8
instanceKlass  @bci javax/swing/plaf/metal/MetalLookAndFeel initComponentDefaults (Ljavax/swing/UIDefaults;)V 3730 <appendix> argL0 ; # javax/swing/plaf/metal/MetalLookAndFeel$$Lambda+0x000000003d0726d0
instanceKlass  @bci javax/swing/plaf/metal/MetalLookAndFeel initComponentDefaults (Ljavax/swing/UIDefaults;)V 3509 <appendix> argL0 ; # javax/swing/plaf/metal/MetalLookAndFeel$$Lambda+0x000000003d0724a8
instanceKlass  @bci javax/swing/plaf/metal/MetalLookAndFeel initComponentDefaults (Ljavax/swing/UIDefaults;)V 3399 <appendix> argL0 ; # javax/swing/plaf/metal/MetalLookAndFeel$$Lambda+0x000000003d072280
instanceKlass javax/swing/plaf/metal/MetalLookAndFeel$FontActiveValue
instanceKlass  @bci javax/swing/plaf/metal/MetalLookAndFeel initComponentDefaults (Ljavax/swing/UIDefaults;)V 2174 <appendix> member <vmtarget> ; # javax/swing/plaf/metal/MetalLookAndFeel$$Lambda+0x000000003d071e18
instanceKlass  @bci javax/swing/plaf/metal/MetalLookAndFeel initComponentDefaults (Ljavax/swing/UIDefaults;)V 2165 <appendix> member <vmtarget> ; # javax/swing/plaf/metal/MetalLookAndFeel$$Lambda+0x000000003d071be8
instanceKlass  @bci javax/swing/plaf/metal/MetalLookAndFeel initComponentDefaults (Ljavax/swing/UIDefaults;)V 2156 <appendix> member <vmtarget> ; # javax/swing/plaf/metal/MetalLookAndFeel$$Lambda+0x000000003d0719b8
instanceKlass  @bci javax/swing/plaf/metal/MetalLookAndFeel initComponentDefaults (Ljavax/swing/UIDefaults;)V 2147 <appendix> member <vmtarget> ; # javax/swing/plaf/metal/MetalLookAndFeel$$Lambda+0x000000003d071788
instanceKlass  @bci javax/swing/plaf/metal/MetalLookAndFeel initComponentDefaults (Ljavax/swing/UIDefaults;)V 2138 <appendix> argL0 ; # javax/swing/plaf/metal/MetalLookAndFeel$$Lambda+0x000000003d071560
instanceKlass  @bci javax/swing/plaf/metal/MetalLookAndFeel initComponentDefaults (Ljavax/swing/UIDefaults;)V 2126 <appendix> argL0 ; # javax/swing/plaf/metal/MetalLookAndFeel$$Lambda+0x000000003d071338
instanceKlass  @bci javax/swing/plaf/metal/MetalLookAndFeel initComponentDefaults (Ljavax/swing/UIDefaults;)V 2119 <appendix> argL0 ; # javax/swing/plaf/metal/MetalLookAndFeel$$Lambda+0x000000003d071110
instanceKlass  @bci javax/swing/plaf/metal/MetalLookAndFeel initComponentDefaults (Ljavax/swing/UIDefaults;)V 2112 <appendix> argL0 ; # javax/swing/plaf/metal/MetalLookAndFeel$$Lambda+0x000000003d070ee8
instanceKlass  @bci javax/swing/plaf/metal/MetalLookAndFeel initComponentDefaults (Ljavax/swing/UIDefaults;)V 2105 <appendix> argL0 ; # javax/swing/plaf/metal/MetalLookAndFeel$$Lambda+0x000000003d070cc0
instanceKlass  @bci javax/swing/plaf/metal/MetalLookAndFeel initComponentDefaults (Ljavax/swing/UIDefaults;)V 2098 <appendix> member <vmtarget> ; # javax/swing/plaf/metal/MetalLookAndFeel$$Lambda+0x000000003d070a90
instanceKlass  @bci javax/swing/plaf/metal/MetalLookAndFeel initComponentDefaults (Ljavax/swing/UIDefaults;)V 2089 <appendix> argL0 ; # javax/swing/plaf/metal/MetalLookAndFeel$$Lambda+0x000000003d070868
instanceKlass  @bci javax/swing/plaf/metal/MetalLookAndFeel initComponentDefaults (Ljavax/swing/UIDefaults;)V 2082 <appendix> argL0 ; # javax/swing/plaf/metal/MetalLookAndFeel$$Lambda+0x000000003d070640
instanceKlass  @bci javax/swing/plaf/metal/MetalLookAndFeel initComponentDefaults (Ljavax/swing/UIDefaults;)V 2075 <appendix> argL0 ; # javax/swing/plaf/metal/MetalLookAndFeel$$Lambda+0x000000003d070418
instanceKlass  @bci javax/swing/plaf/metal/MetalLookAndFeel initComponentDefaults (Ljavax/swing/UIDefaults;)V 126 <appendix> argL0 ; # javax/swing/plaf/metal/MetalLookAndFeel$$Lambda+0x000000003d0701f0
instanceKlass  @bci javax/swing/plaf/metal/MetalLookAndFeel initComponentDefaults (Ljavax/swing/UIDefaults;)V 119 <appendix> argL0 ; # javax/swing/plaf/metal/MetalLookAndFeel$$Lambda+0x000000003d06ffc8
instanceKlass  @bci javax/swing/plaf/metal/MetalLookAndFeel initComponentDefaults (Ljavax/swing/UIDefaults;)V 112 <appendix> argL0 ; # javax/swing/plaf/metal/MetalLookAndFeel$$Lambda+0x000000003d06fda0
instanceKlass  @bci javax/swing/plaf/basic/BasicLookAndFeel initComponentDefaults (Ljavax/swing/UIDefaults;)V 10900 <appendix> argL0 ; # javax/swing/plaf/basic/BasicLookAndFeel$$Lambda+0x000000003d06fb78
instanceKlass  @bci javax/swing/plaf/basic/BasicLookAndFeel initComponentDefaults (Ljavax/swing/UIDefaults;)V 10882 <appendix> argL0 ; # javax/swing/plaf/basic/BasicLookAndFeel$$Lambda+0x000000003d06f950
instanceKlass  @bci javax/swing/plaf/basic/BasicLookAndFeel initComponentDefaults (Ljavax/swing/UIDefaults;)V 2622 <appendix> argL0 ; # javax/swing/plaf/basic/BasicLookAndFeel$$Lambda+0x000000003d06f728
instanceKlass  @bci javax/swing/plaf/basic/BasicLookAndFeel initComponentDefaults (Ljavax/swing/UIDefaults;)V 2604 <appendix> argL0 ; # javax/swing/plaf/basic/BasicLookAndFeel$$Lambda+0x000000003d06f500
instanceKlass  @bci javax/swing/plaf/basic/BasicLookAndFeel initComponentDefaults (Ljavax/swing/UIDefaults;)V 2586 <appendix> argL0 ; # javax/swing/plaf/basic/BasicLookAndFeel$$Lambda+0x000000003d06f2d8
instanceKlass  @bci javax/swing/plaf/basic/BasicLookAndFeel initComponentDefaults (Ljavax/swing/UIDefaults;)V 2568 <appendix> argL0 ; # javax/swing/plaf/basic/BasicLookAndFeel$$Lambda+0x000000003d06f0b0
instanceKlass javax/swing/UIDefaults$LazyInputMap
instanceKlass  @bci javax/swing/plaf/basic/BasicLookAndFeel initComponentDefaults (Ljavax/swing/UIDefaults;)V 789 <appendix> argL0 ; # javax/swing/plaf/basic/BasicLookAndFeel$$Lambda+0x000000003d06ec50
instanceKlass  @bci javax/swing/plaf/basic/BasicLookAndFeel initComponentDefaults (Ljavax/swing/UIDefaults;)V 730 <appendix> argL0 ; # javax/swing/plaf/basic/BasicLookAndFeel$$Lambda+0x000000003d06ea28
instanceKlass  @bci javax/swing/plaf/basic/BasicLookAndFeel initComponentDefaults (Ljavax/swing/UIDefaults;)V 723 <appendix> argL0 ; # javax/swing/plaf/basic/BasicLookAndFeel$$Lambda+0x000000003d06e800
instanceKlass  @bci javax/swing/plaf/basic/BasicLookAndFeel initComponentDefaults (Ljavax/swing/UIDefaults;)V 671 <appendix> argL0 ; # javax/swing/plaf/basic/BasicLookAndFeel$$Lambda+0x000000003d06e5d8
instanceKlass  @bci javax/swing/plaf/basic/BasicLookAndFeel initComponentDefaults (Ljavax/swing/UIDefaults;)V 664 <appendix> member <vmtarget> ; # javax/swing/plaf/basic/BasicLookAndFeel$$Lambda+0x000000003d06e3b0
instanceKlass  @bci javax/swing/plaf/basic/BasicLookAndFeel initComponentDefaults (Ljavax/swing/UIDefaults;)V 655 <appendix> member <vmtarget> ; # javax/swing/plaf/basic/BasicLookAndFeel$$Lambda+0x000000003d06e188
instanceKlass  @bci javax/swing/plaf/basic/BasicLookAndFeel initComponentDefaults (Ljavax/swing/UIDefaults;)V 642 <appendix> member <vmtarget> ; # javax/swing/plaf/basic/BasicLookAndFeel$$Lambda+0x000000003d06df60
instanceKlass  @cpi javax/swing/plaf/basic/BasicLookAndFeel 2637 form vmentry <vmtarget> ; # java/lang/invoke/LambdaForm$DMH+0x000000003d046400
instanceKlass  @bci javax/swing/plaf/basic/BasicLookAndFeel initComponentDefaults (Ljavax/swing/UIDefaults;)V 611 <appendix> argL0 ; # javax/swing/plaf/basic/BasicLookAndFeel$$Lambda+0x000000003d06daf0
instanceKlass  @bci javax/swing/plaf/basic/BasicLookAndFeel initComponentDefaults (Ljavax/swing/UIDefaults;)V 604 <appendix> argL0 ; # javax/swing/plaf/basic/BasicLookAndFeel$$Lambda+0x000000003d06d8c8
instanceKlass  @bci javax/swing/plaf/basic/BasicLookAndFeel initComponentDefaults (Ljavax/swing/UIDefaults;)V 597 <appendix> argL0 ; # javax/swing/plaf/basic/BasicLookAndFeel$$Lambda+0x000000003d06d6a0
instanceKlass  @bci javax/swing/plaf/basic/BasicLookAndFeel initComponentDefaults (Ljavax/swing/UIDefaults;)V 590 <appendix> argL0 ; # javax/swing/plaf/basic/BasicLookAndFeel$$Lambda+0x000000003d06d478
instanceKlass  @bci javax/swing/plaf/basic/BasicLookAndFeel initComponentDefaults (Ljavax/swing/UIDefaults;)V 583 <appendix> argL0 ; # javax/swing/plaf/basic/BasicLookAndFeel$$Lambda+0x000000003d06d250
instanceKlass  @bci javax/swing/plaf/basic/BasicLookAndFeel initComponentDefaults (Ljavax/swing/UIDefaults;)V 576 <appendix> argL0 ; # javax/swing/plaf/basic/BasicLookAndFeel$$Lambda+0x000000003d06d028
instanceKlass  @bci javax/swing/plaf/basic/BasicLookAndFeel initComponentDefaults (Ljavax/swing/UIDefaults;)V 569 <appendix> argL0 ; # javax/swing/plaf/basic/BasicLookAndFeel$$Lambda+0x000000003d06ce00
instanceKlass  @bci javax/swing/plaf/basic/BasicLookAndFeel initComponentDefaults (Ljavax/swing/UIDefaults;)V 562 <appendix> argL0 ; # javax/swing/plaf/basic/BasicLookAndFeel$$Lambda+0x000000003d06cbd8
instanceKlass javax/swing/plaf/basic/BasicLookAndFeel$2
instanceKlass  @bci javax/swing/plaf/basic/BasicLookAndFeel initComponentDefaults (Ljavax/swing/UIDefaults;)V 545 <appendix> argL0 ; # javax/swing/plaf/basic/BasicLookAndFeel$$Lambda+0x000000003d06c780
instanceKlass  @bci sun/swing/SwingUtilities2 makeIcon (Ljava/lang/Class;Ljava/lang/Class;Ljava/lang/String;)Ljava/lang/Object; 3 <appendix> member <vmtarget> ; # sun/swing/SwingUtilities2$$Lambda+0x000000003d06c550
instanceKlass  @bci javax/swing/plaf/basic/BasicLookAndFeel initComponentDefaults (Ljavax/swing/UIDefaults;)V 398 <appendix> argL0 ; # javax/swing/plaf/basic/BasicLookAndFeel$$Lambda+0x000000003d06c328
instanceKlass  @bci javax/swing/plaf/basic/BasicLookAndFeel initComponentDefaults (Ljavax/swing/UIDefaults;)V 391 <appendix> argL0 ; # javax/swing/plaf/basic/BasicLookAndFeel$$Lambda+0x000000003d06c100
instanceKlass  @bci javax/swing/plaf/basic/BasicLookAndFeel initComponentDefaults (Ljavax/swing/UIDefaults;)V 384 <appendix> argL0 ; # javax/swing/plaf/basic/BasicLookAndFeel$$Lambda+0x000000003d06bed8
instanceKlass  @bci jdk/internal/foreign/abi/BindingSpecializer specializeHelper (Ljava/lang/invoke/MethodType;Ljava/lang/invoke/MethodType;Ljdk/internal/foreign/abi/CallingSequence;Ljdk/internal/foreign/abi/ABIDescriptor;)[B 28 <appendix> form vmentry <vmtarget> ; # java/lang/invoke/LambdaForm$DMH+0x000000003d046000
instanceKlass  @bci javax/swing/plaf/basic/BasicLookAndFeel initComponentDefaults (Ljavax/swing/UIDefaults;)V 377 <appendix> member <vmtarget> ; # javax/swing/plaf/basic/BasicLookAndFeel$$Lambda+0x000000003d06bca8
instanceKlass javax/swing/border/AbstractBorder
instanceKlass javax/swing/border/Border
instanceKlass  @bci javax/swing/plaf/basic/BasicLookAndFeel initComponentDefaults (Ljavax/swing/UIDefaults;)V 349 <appendix> member <vmtarget> ; # javax/swing/plaf/basic/BasicLookAndFeel$$Lambda+0x000000003d06b110
instanceKlass  @bci javax/swing/plaf/basic/BasicLookAndFeel initComponentDefaults (Ljavax/swing/UIDefaults;)V 340 <appendix> argL0 ; # javax/swing/plaf/basic/BasicLookAndFeel$$Lambda+0x000000003d06aee8
instanceKlass  @bci javax/swing/plaf/basic/BasicLookAndFeel initComponentDefaults (Ljavax/swing/UIDefaults;)V 333 <appendix> argL0 ; # javax/swing/plaf/basic/BasicLookAndFeel$$Lambda+0x000000003d06acc0
instanceKlass  @bci javax/swing/plaf/basic/BasicLookAndFeel initComponentDefaults (Ljavax/swing/UIDefaults;)V 326 <appendix> argL0 ; # javax/swing/plaf/basic/BasicLookAndFeel$$Lambda+0x000000003d06aa98
instanceKlass  @bci javax/swing/plaf/basic/BasicLookAndFeel initComponentDefaults (Ljavax/swing/UIDefaults;)V 319 <appendix> argL0 ; # javax/swing/plaf/basic/BasicLookAndFeel$$Lambda+0x000000003d06a870
instanceKlass  @bci javax/swing/plaf/basic/BasicLookAndFeel initComponentDefaults (Ljavax/swing/UIDefaults;)V 312 <appendix> argL0 ; # javax/swing/plaf/basic/BasicLookAndFeel$$Lambda+0x000000003d06a648
instanceKlass javax/swing/UIDefaults$ActiveValue
instanceKlass  @bci javax/swing/plaf/basic/BasicLookAndFeel initComponentDefaults (Ljavax/swing/UIDefaults;)V 47 <appendix> argL0 ; # javax/swing/plaf/basic/BasicLookAndFeel$$Lambda+0x000000003d06a000
instanceKlass  @bci javax/swing/plaf/basic/BasicLookAndFeel initComponentDefaults (Ljavax/swing/UIDefaults;)V 40 <appendix> argL0 ; # javax/swing/plaf/basic/BasicLookAndFeel$$Lambda+0x000000003d069dd8
instanceKlass  @bci javax/swing/plaf/basic/BasicLookAndFeel initComponentDefaults (Ljavax/swing/UIDefaults;)V 33 <appendix> argL0 ; # javax/swing/plaf/basic/BasicLookAndFeel$$Lambda+0x000000003d069bb0
instanceKlass  @bci javax/swing/plaf/basic/BasicLookAndFeel initComponentDefaults (Ljavax/swing/UIDefaults;)V 26 <appendix> argL0 ; # javax/swing/plaf/basic/BasicLookAndFeel$$Lambda+0x000000003d069988
instanceKlass  @bci javax/swing/plaf/basic/BasicLookAndFeel initComponentDefaults (Ljavax/swing/UIDefaults;)V 19 <appendix> argL0 ; # javax/swing/plaf/basic/BasicLookAndFeel$$Lambda+0x000000003d069760
instanceKlass javax/swing/UIDefaults$LazyValue
instanceKlass javax/swing/plaf/metal/DefaultMetalTheme$FontDelegate
instanceKlass javax/swing/plaf/UIResource
instanceKlass javax/swing/plaf/metal/MetalTheme
instanceKlass sun/swing/DefaultLookup
instanceKlass javax/swing/LookAndFeel
instanceKlass  @bci javax/swing/UIDefaults <clinit> ()V 10 <appendix> argL0 ; # javax/swing/UIDefaults$$Lambda+0x000000003d066a78
instanceKlass  @cpi jdk/internal/foreign/abi/AbstractLinker 619 form vmentry <vmtarget> ; # java/lang/invoke/LambdaForm$DMH+0x000000003d045c00
instanceKlass sun/swing/SwingAccessor$UIDefaultsAccessor
instanceKlass javax/swing/UIManager$LAFState
instanceKlass sun/swing/SwingUtilities2$LSBCacheEntry
instanceKlass sun/swing/StringUIClientPropertyKey
instanceKlass javax/swing/UIClientPropertyKey
instanceKlass java/awt/font/FontRenderContext
instanceKlass sun/swing/SwingUtilities2
instanceKlass java/util/IdentityHashMap$IdentityHashMapIterator
instanceKlass java/util/Collections$SynchronizedCollection
instanceKlass java/awt/Toolkit$DesktopPropertyChangeSupport$1
instanceKlass java/util/ComparableTimSort
instanceKlass java/util/Arrays$LegacyMergeSort
instanceKlass sun/awt/SunHints$Value
instanceKlass java/awt/RenderingHints$Key
instanceKlass sun/awt/SunHints
instanceKlass java/awt/RenderingHints
instanceKlass sun/awt/windows/WDesktopProperties$WinPlaySound
instanceKlass java/awt/Color
instanceKlass  @bci sun/java2d/marlin/TransformingPathConsumer2D$PathTracer <init> (Ljava/lang/String;)V 6 <appendix> form vmentry <vmtarget> ; # java/lang/invoke/LambdaForm$MH+0x000000003d045800
instanceKlass java/util/concurrent/locks/ReentrantReadWriteLock$WriteLock
instanceKlass java/util/concurrent/locks/ReentrantReadWriteLock$ReadLock
instanceKlass java/util/concurrent/locks/ReentrantReadWriteLock
instanceKlass java/util/concurrent/locks/ReadWriteLock
instanceKlass sun/awt/windows/ThemeReader
instanceKlass sun/awt/windows/WDesktopProperties
instanceKlass javax/swing/UIManager$LookAndFeelInfo
instanceKlass javax/swing/UIManager
instanceKlass java/awt/FlowLayout
instanceKlass javax/swing/SwingUtilities
instanceKlass javax/swing/SwingConstants
instanceKlass sun/awt/KeyboardFocusManagerPeerImpl
instanceKlass java/awt/peer/KeyboardFocusManagerPeer
instanceKlass java/util/Collections$UnmodifiableCollection
instanceKlass javax/swing/KeyStroke$1
instanceKlass sun/swing/SwingAccessor$KeyStrokeAccessor
instanceKlass java/awt/AWTKeyStroke
instanceKlass java/awt/FocusTraversalPolicy
instanceKlass java/awt/DefaultKeyboardFocusManager$1
instanceKlass sun/awt/AWTAccessor$DefaultKeyboardFocusManagerAccessor
instanceKlass java/awt/KeyboardFocusManager$1
instanceKlass sun/awt/AWTAccessor$KeyboardFocusManagerAccessor
instanceKlass java/awt/KeyboardFocusManager
instanceKlass java/awt/KeyEventPostProcessor
instanceKlass java/awt/KeyEventDispatcher
instanceKlass java/awt/Window$WindowDisposerRecord
instanceKlass java/awt/geom/RectangularShape
instanceKlass java/awt/Shape
instanceKlass java/awt/BorderLayout
instanceKlass java/awt/LayoutManager2
instanceKlass java/awt/GraphicsConfiguration
instanceKlass sun/awt/image/SurfaceManager$ProxiedGraphicsConfig
instanceKlass sun/awt/image/SurfaceManager$ProxyCache
instanceKlass sun/java2d/pipe/hw/ContextCapabilities
instanceKlass sun/java2d/d3d/D3DGraphicsDevice$1
instanceKlass sun/java2d/d3d/D3DGraphicsDevice$1Result
instanceKlass sun/java2d/d3d/D3DRenderQueue$1
instanceKlass jdk/internal/foreign/MemorySessionImpl$ResourceList$ResourceCleanup
# instanceKlass java/lang/invoke/LambdaForm$DMH+0x000000003d045400
# instanceKlass java/lang/invoke/LambdaForm$DMH+0x000000003d045000
instanceKlass  @cpi java/lang/foreign/MemoryLayout 148 form vmentry <vmtarget> ; # java/lang/invoke/LambdaForm$DMH+0x000000003d044c00
instanceKlass java/lang/foreign/AddressLayout
instanceKlass java/lang/foreign/ValueLayout
instanceKlass java/lang/foreign/MemoryLayout
# instanceKlass java/lang/invoke/LambdaForm$DMH+0x000000003d044800
# instanceKlass java/lang/invoke/LambdaForm$DMH+0x000000003d044400
instanceKlass jdk/internal/foreign/abi/SharedUtils
instanceKlass jdk/internal/foreign/Utils
instanceKlass jdk/internal/foreign/AbstractMemorySegmentImpl
instanceKlass java/lang/foreign/MemorySegment
instanceKlass jdk/internal/foreign/SegmentFactories
instanceKlass jdk/internal/foreign/ArenaImpl
instanceKlass  @bci jdk/internal/foreign/MemorySessionImpl <clinit> ()V 47 <appendix> argL0 ; # jdk/internal/foreign/MemorySessionImpl$$Lambda+0x000000003d034358
instanceKlass  @bci jdk/internal/foreign/MemorySessionImpl <clinit> ()V 32 <appendix> argL0 ; # jdk/internal/foreign/MemorySessionImpl$$Lambda+0x000000003d033ec8
instanceKlass jdk/internal/foreign/MemorySessionImpl
instanceKlass java/lang/foreign/MemorySegment$Scope
instanceKlass java/lang/foreign/Arena$1Holder
instanceKlass java/lang/foreign/Arena
instanceKlass java/lang/foreign/SegmentAllocator
instanceKlass sun/java2d/pipe/RenderBuffer
instanceKlass sun/java2d/pipe/RenderQueue
instanceKlass java/lang/Shutdown$Lock
instanceKlass java/lang/Shutdown
instanceKlass java/lang/ApplicationShutdownHooks$1
instanceKlass java/lang/ApplicationShutdownHooks
instanceKlass  @bci sun/awt/windows/WToolkit registerShutdownHook ()V 8 <appendix> member <vmtarget> ; # sun/awt/windows/WToolkit$$Lambda+0x000000003d0326f0
instanceKlass sun/awt/AWTAutoShutdown
instanceKlass java/util/concurrent/ConcurrentLinkedDeque$Node
instanceKlass sun/awt/util/ThreadGroupUtils
instanceKlass sun/java2d/Disposer
instanceKlass sun/awt/windows/WToolkit$ToolkitDisposer
instanceKlass sun/java2d/DisposerRecord
instanceKlass sun/awt/util/PerformanceLogger$TimeData
instanceKlass sun/awt/util/PerformanceLogger
instanceKlass sun/awt/SunToolkit$ModalityListenerList
instanceKlass sun/awt/ModalityListener
instanceKlass java/beans/PropertyChangeListener
instanceKlass java/beans/ChangeListenerMap
instanceKlass java/beans/PropertyChangeSupport
instanceKlass java/awt/GraphicsDevice
instanceKlass sun/awt/SunDisplayChanger
instanceKlass sun/java2d/windows/WindowsFlags
instanceKlass sun/util/logging/PlatformLogger$ConfigurableBridge$LoggerConfiguration
instanceKlass jdk/internal/logger/BootstrapLogger$RedirectedLoggers
instanceKlass javax/swing/event/EventListenerList
instanceKlass sun/awt/windows/WDesktopPeer
instanceKlass java/awt/peer/DesktopPeer
instanceKlass sun/awt/image/SurfaceManager
instanceKlass sun/awt/image/SurfaceManager$ImageAccessor
instanceKlass java/awt/ImageCapabilities
instanceKlass java/awt/Image
instanceKlass sun/java2d/DestSurfaceProvider
instanceKlass sun/java2d/loops/RenderCache$Entry
instanceKlass sun/java2d/loops/RenderCache
instanceKlass sun/java2d/pipe/DrawImage
instanceKlass sun/java2d/pipe/GeneralCompositePipe
instanceKlass sun/java2d/pipe/SpanShapeRenderer
instanceKlass sun/java2d/pipe/AlphaPaintPipe
instanceKlass sun/java2d/pipe/AAShapePipe
instanceKlass sun/java2d/pipe/RegionIterator
instanceKlass sun/java2d/pipe/Region
instanceKlass sun/java2d/pipe/SpanClipRenderer
instanceKlass sun/java2d/pipe/PixelToShapeConverter
instanceKlass sun/java2d/pipe/AlphaColorPipe
instanceKlass sun/java2d/pipe/CompositePipe
instanceKlass  @bci sun/awt/OSInfo$WindowsVersion toString ()Ljava/lang/String; 8 <appendix> form vmentry <vmtarget> ; # java/lang/invoke/LambdaForm$MH+0x000000003d044000
instanceKlass sun/awt/OSInfo$1
instanceKlass  @cpi sun/awt/Win32FontManager 393 form vmentry <vmtarget> ; # java/lang/invoke/LambdaForm$DMH+0x000000003d043800
instanceKlass sun/awt/OSInfo$WindowsVersion
instanceKlass sun/awt/OSInfo
instanceKlass sun/font/FontUtilities
instanceKlass sun/java2d/pipe/GlyphListPipe
instanceKlass sun/java2d/pipe/OutlineTextRenderer
instanceKlass java/util/concurrent/ConcurrentLinkedQueue$Node
instanceKlass sun/java2d/ReentrantContextProvider
instanceKlass sun/java2d/marlin/FloatMath
instanceKlass sun/java2d/marlin/MarlinProperties
instanceKlass sun/java2d/marlin/MarlinConst
instanceKlass sun/java2d/pipe/RenderingEngine
instanceKlass sun/java2d/pipe/LoopPipe
instanceKlass sun/java2d/pipe/LoopBasedPipe
instanceKlass sun/java2d/pipe/ParallelogramPipe
instanceKlass sun/java2d/pipe/NullPipe
instanceKlass sun/java2d/pipe/DrawImagePipe
instanceKlass sun/java2d/pipe/TextPipe
instanceKlass sun/java2d/pipe/ShapeDrawPipe
instanceKlass sun/java2d/pipe/PixelFillPipe
instanceKlass sun/java2d/pipe/PixelDrawPipe
instanceKlass sun/java2d/StateTrackableDelegate$2
instanceKlass sun/java2d/StateTrackableDelegate
instanceKlass sun/java2d/cmm/ProfileDeferralInfo
instanceKlass java/awt/color/ICC_Profile$BuiltInProfile
instanceKlass  @bci java/awt/color/ICC_Profile <clinit> ()V 0 <appendix> argL0 ; # java/awt/color/ICC_Profile$$Lambda+0x000000003d0226b8
instanceKlass sun/java2d/cmm/Profile
instanceKlass sun/awt/AWTAccessor$ICC_ProfileAccessor
instanceKlass java/awt/color/ICC_Profile
instanceKlass java/awt/color/ColorSpace$BuiltInSpace
instanceKlass java/awt/color/ColorSpace
instanceKlass java/awt/image/ColorModel$1RGBdefault
instanceKlass java/awt/image/ColorModel
instanceKlass sun/awt/image/PixelConverter
instanceKlass sun/java2d/loops/SurfaceType
instanceKlass sun/java2d/SurfaceData
instanceKlass sun/java2d/Surface
instanceKlass sun/java2d/StateTrackable
instanceKlass sun/java2d/DisposerTarget
instanceKlass sun/awt/DisplayChangedListener
instanceKlass java/awt/GraphicsEnvironment$LocalGE
instanceKlass java/awt/Cursor$1
instanceKlass sun/awt/AWTAccessor$CursorAccessor
instanceKlass java/awt/geom/Point2D
instanceKlass java/awt/Cursor
instanceKlass sun/awt/PostEventQueue
instanceKlass sun/awt/MostRecentKeyValue
instanceKlass  @bci sun/java2d/marlin/RendererContext createContext ()Lsun/java2d/marlin/RendererContext; 10 <appendix> form vmentry <vmtarget> ; # java/lang/invoke/LambdaForm$MH+0x000000003d043400
instanceKlass java/awt/Queue
instanceKlass java/awt/EventQueue$2
instanceKlass sun/awt/AWTAccessor$EventQueueAccessor
instanceKlass java/awt/EventQueue$1
instanceKlass java/awt/EventQueue
instanceKlass sun/awt/WeakIdentityHashMap
instanceKlass java/util/concurrent/locks/AbstractQueuedSynchronizer$ConditionObject
instanceKlass java/util/concurrent/locks/Condition
instanceKlass sun/awt/KeyboardFocusManagerPeerProvider
instanceKlass sun/awt/InputMethodSupport
instanceKlass sun/awt/ComponentFactory
instanceKlass java/lang/ThreadLocal$ThreadLocalMap
instanceKlass sun/awt/AppContext$3
instanceKlass jdk/internal/access/JavaAWTAccess
instanceKlass sun/awt/AppContext$GetAppContextLock
instanceKlass java/util/Collections$SynchronizedMap
instanceKlass sun/awt/AppContext
instanceKlass java/awt/ComponentOrientation
instanceKlass java/awt/Frame$1
instanceKlass sun/awt/AWTAccessor$FrameAccessor
instanceKlass java/awt/Window$1
instanceKlass sun/awt/AWTAccessor$WindowAccessor
instanceKlass java/lang/invoke/VarForm
instanceKlass java/lang/invoke/VarHandleGuards
instanceKlass java/lang/invoke/VarHandles
instanceKlass jdk/internal/invoke/MhUtil
instanceKlass java/util/concurrent/atomic/AtomicBoolean
instanceKlass javax/swing/RootPaneContainer
instanceKlass javax/swing/WindowConstants
instanceKlass javax/swing/JComponent$2
instanceKlass java/lang/ThreadLocal
instanceKlass sun/swing/SwingAccessor
instanceKlass javax/swing/JComponent$1
instanceKlass sun/swing/SwingAccessor$JComponentAccessor
instanceKlass java/awt/Container$1
instanceKlass sun/awt/AWTAccessor$ContainerAccessor
instanceKlass java/awt/geom/Dimension2D
instanceKlass java/awt/LightweightDispatcher
instanceKlass java/awt/event/AWTEventListener
instanceKlass java/awt/LayoutManager
instanceKlass java/awt/Component$DummyRequestFocusController
instanceKlass sun/awt/RequestFocusController
instanceKlass java/awt/Component$1
instanceKlass sun/awt/AWTAccessor$ComponentAccessor
instanceKlass java/awt/font/JavaAWTFontAccessImpl
instanceKlass jdk/internal/access/JavaAWTFontAccess
instanceKlass java/text/AttributedCharacterIterator$Attribute
instanceKlass sun/font/AttributeValues
instanceKlass java/awt/geom/AffineTransform
instanceKlass sun/font/FontAccess
instanceKlass java/awt/Font
instanceKlass sun/awt/windows/WObjectPeer
instanceKlass java/awt/dnd/peer/DropTargetPeer
instanceKlass java/awt/peer/ComponentPeer
instanceKlass java/awt/event/InputEvent$1
instanceKlass sun/awt/AWTAccessor$InputEventAccessor
instanceKlass java/awt/event/NativeLibLoader
instanceKlass java/awt/AWTEvent$1
instanceKlass sun/awt/AWTAccessor$AWTEventAccessor
instanceKlass sun/awt/PlatformGraphicsInfo
instanceKlass java/awt/GraphicsEnvironment
instanceKlass java/awt/Insets
instanceKlass  @bci sun/awt/FontConfiguration findFontConfigFile ()V 45 <appendix> form vmentry <vmtarget> ; # java/lang/invoke/LambdaForm$MH+0x000000003d043000
instanceKlass  @bci sun/awt/FontConfiguration findFontConfigFile (Ljava/lang/String;)Ljava/io/File; 20 <appendix> form vmentry <vmtarget> ; # java/lang/invoke/LambdaForm$MH+0x000000003d042800
instanceKlass java/lang/StringConcatHelper$StringConcatBase
instanceKlass java/lang/invoke/StringConcatFactory$InlineHiddenClassStrategy$6
instanceKlass java/lang/invoke/StringConcatFactory$InlineHiddenClassStrategy$3$4
instanceKlass java/lang/invoke/StringConcatFactory$InlineHiddenClassStrategy$4
instanceKlass java/lang/invoke/StringConcatFactory$InlineHiddenClassStrategy$3$1
instanceKlass jdk/internal/classfile/impl/BytecodeHelpers$1
instanceKlass java/lang/invoke/StringConcatFactory$InlineHiddenClassStrategy$7
instanceKlass java/lang/invoke/StringConcatFactory$InlineHiddenClassStrategy$3$2
instanceKlass java/lang/invoke/StringConcatFactory$InlineHiddenClassStrategy$5
instanceKlass java/lang/invoke/StringConcatFactory$InlineHiddenClassStrategy$3$3
instanceKlass java/lang/invoke/StringConcatFactory$InlineHiddenClassStrategy$3
instanceKlass java/lang/invoke/StringConcatFactory$InlineHiddenClassStrategy$2
instanceKlass java/lang/invoke/StringConcatFactory$InlineHiddenClassStrategy$1
instanceKlass java/lang/invoke/StringConcatFactory$InlineHiddenClassStrategy
instanceKlass java/lang/invoke/StringConcatFactory
instanceKlass  @bci jdk/internal/module/SystemModuleFinders$SystemModuleReader open (Ljava/lang/String;)Ljava/util/Optional; 6 <appendix> member <vmtarget> ; # jdk/internal/module/SystemModuleFinders$SystemModuleReader$$Lambda+0x000000003d00b1a8
instanceKlass jdk/internal/module/SystemModuleFinders
instanceKlass java/lang/invoke/TypeConvertingMethodAdapter
instanceKlass java/lang/invoke/InnerClassLambdaMetafactory$6
instanceKlass java/lang/invoke/InnerClassLambdaMetafactory$3
instanceKlass java/lang/classfile/Interfaces
instanceKlass java/util/ImmutableCollections$Access$1
instanceKlass jdk/internal/access/JavaUtilCollectionAccess
instanceKlass java/util/ImmutableCollections$Access
instanceKlass java/lang/invoke/InnerClassLambdaMetafactory$1
instanceKlass jdk/internal/module/Checks
instanceKlass java/util/ResourceBundle$ResourceBundleProviderHelper
instanceKlass  @bci java/util/ResourceBundle$Control getCandidateLocales (Ljava/lang/String;Ljava/util/Locale;)Ljava/util/List; 23 <appendix> argL0 ; # java/util/ResourceBundle$Control$$Lambda+0x80000001d
instanceKlass java/util/ResourceBundle$CacheKeyReference
instanceKlass java/util/ResourceBundle$CacheKey
instanceKlass  @bci java/util/ResourceBundle$Control <clinit> ()V 39 <appendix> argL0 ; # java/util/ResourceBundle$Control$$Lambda+0x80000001e
instanceKlass java/lang/invoke/LambdaProxyClassArchive
instanceKlass java/lang/invoke/InfoFromMemberName
instanceKlass java/lang/invoke/MethodHandleInfo
instanceKlass java/lang/invoke/AbstractValidatingLambdaMetafactory
instanceKlass java/lang/invoke/BootstrapMethodInvoker
instanceKlass java/lang/invoke/LambdaMetafactory
instanceKlass java/util/ResourceBundle$Control
instanceKlass sun/util/locale/LocaleUtils
instanceKlass java/util/Locale
instanceKlass java/util/ResourceBundle$1
instanceKlass jdk/internal/access/JavaUtilResourceBundleAccess
instanceKlass java/util/ResourceBundle
instanceKlass sun/awt/AWTAccessor
instanceKlass java/awt/Toolkit$1
instanceKlass sun/awt/AWTAccessor$ToolkitAccessor
instanceKlass java/awt/Toolkit
instanceKlass java/awt/Component$AWTTreeLock
instanceKlass jdk/internal/logger/LazyLoggers$LazyLoggerAccessor
instanceKlass jdk/internal/logger/LazyLoggers$LoggerAccessor
instanceKlass jdk/internal/logger/AbstractLoggerWrapper
instanceKlass java/util/ServiceLoader$ProviderImpl
instanceKlass java/util/ServiceLoader$Provider
instanceKlass sun/util/logging/internal/LoggingProviderImpl$LogManagerAccess
instanceKlass java/util/concurrent/CopyOnWriteArrayList$COWIterator
instanceKlass jdk/internal/loader/URLClassPath$1
instanceKlass java/lang/CompoundEnumeration
instanceKlass jdk/internal/loader/BuiltinClassLoader$1
instanceKlass java/util/Collections$EmptyEnumeration
instanceKlass jdk/internal/jimage/ImageLocation
instanceKlass java/util/Optional
instanceKlass jdk/internal/jimage/decompressor/Decompressor
instanceKlass jdk/internal/jimage/ImageStringsReader
instanceKlass jdk/internal/jimage/ImageStrings
instanceKlass jdk/internal/jimage/ImageHeader
instanceKlass java/nio/Bits$1
instanceKlass jdk/internal/misc/VM$BufferPool
instanceKlass java/nio/Bits
instanceKlass sun/nio/ch/DirectBuffer
instanceKlass jdk/internal/loader/NativeLibraries$2
instanceKlass jdk/internal/loader/NativeLibrary
instanceKlass java/util/ArrayDeque$DeqIterator
instanceKlass jdk/internal/loader/NativeLibraries$NativeLibraryContext$1
instanceKlass jdk/internal/loader/NativeLibraries$NativeLibraryContext
instanceKlass jdk/internal/loader/NativeLibraries$1
instanceKlass jdk/internal/loader/NativeLibraries$LibraryPaths
instanceKlass jdk/internal/reflect/Reflection$1Holder
instanceKlass jdk/internal/jimage/NativeImageBuffer$1
instanceKlass jdk/internal/jimage/NativeImageBuffer
instanceKlass java/security/AccessControlContext
instanceKlass java/security/AccessController
instanceKlass jdk/internal/jimage/BasicImageReader$1
instanceKlass java/security/PrivilegedAction
instanceKlass jdk/internal/jimage/BasicImageReader
instanceKlass jdk/internal/jimage/ImageReader
instanceKlass jdk/internal/jimage/ImageReaderFactory$1
instanceKlass sun/nio/fs/WindowsPath
instanceKlass java/nio/file/Path
instanceKlass java/nio/file/Watchable
instanceKlass sun/nio/fs/WindowsPathParser
instanceKlass java/nio/file/FileSystem
instanceKlass java/nio/file/OpenOption
instanceKlass java/nio/file/spi/FileSystemProvider
instanceKlass sun/nio/fs/DefaultFileSystemProvider
instanceKlass jdk/internal/jimage/ImageReaderFactory
instanceKlass jdk/internal/module/SystemModuleFinders$SystemImage
instanceKlass jdk/internal/module/SystemModuleFinders$SystemModuleReader
instanceKlass java/lang/module/ModuleReader
instanceKlass jdk/internal/loader/BuiltinClassLoader$2
instanceKlass java/util/concurrent/ConcurrentHashMap$Traverser
instanceKlass jdk/internal/module/Resources
instanceKlass java/util/Enumeration
instanceKlass java/util/ServiceLoader$2
instanceKlass java/util/ServiceLoader$1
instanceKlass java/util/ServiceLoader$LazyClassPathLookupIterator
instanceKlass java/util/ArrayList$Itr
instanceKlass java/util/ImmutableCollections$SetN$SetNIterator
instanceKlass java/util/ImmutableCollections$Set12$1
instanceKlass java/util/Spliterators$1Adapter
# instanceKlass java/lang/invoke/LambdaForm$MH+0x000000003d042000
instanceKlass jdk/internal/util/ModifiedUtf
instanceKlass jdk/internal/classfile/impl/ClassReaderImpl
instanceKlass java/lang/classfile/ClassReader
instanceKlass jdk/internal/classfile/impl/ClassHierarchyImpl$CachedClassHierarchyResolver$1
instanceKlass java/lang/classfile/ClassHierarchyResolver$ClassHierarchyInfo
instanceKlass jdk/internal/classfile/impl/ClassHierarchyImpl$CachedClassHierarchyResolver
instanceKlass jdk/internal/classfile/impl/ClassHierarchyImpl$ClassLoadingClassHierarchyResolver$1
instanceKlass jdk/internal/classfile/impl/ClassHierarchyImpl$ClassLoadingClassHierarchyResolver
instanceKlass java/lang/classfile/ClassHierarchyResolver
instanceKlass jdk/internal/classfile/impl/ClassHierarchyImpl
instanceKlass jdk/internal/classfile/impl/RawBytecodeHelper$1
instanceKlass jdk/internal/classfile/impl/RawBytecodeHelper
instanceKlass jdk/internal/classfile/impl/StackMapGenerator$Frame
instanceKlass jdk/internal/classfile/impl/StackMapGenerator
instanceKlass java/util/ImmutableCollections$ListItr
instanceKlass java/util/ListIterator
instanceKlass jdk/internal/classfile/impl/AnnotationReader
instanceKlass java/lang/classfile/CustomAttribute
instanceKlass jdk/internal/classfile/impl/TerminalFieldBuilder
instanceKlass java/lang/classfile/FieldBuilder
instanceKlass java/lang/invoke/InvokerBytecodeGenerator$2
instanceKlass jdk/internal/classfile/impl/BytecodeHelpers
instanceKlass java/lang/classfile/constantpool/MethodRefEntry
instanceKlass sun/invoke/empty/Empty
instanceKlass sun/invoke/util/VerifyType
instanceKlass jdk/internal/classfile/impl/DirectCodeBuilder$8
instanceKlass java/lang/classfile/instruction/LabelTarget
instanceKlass java/lang/classfile/Label
instanceKlass jdk/internal/classfile/impl/BufWriterImpl
instanceKlass java/lang/classfile/BufWriter
instanceKlass java/lang/classfile/instruction/LocalVariableType
instanceKlass java/lang/classfile/instruction/LocalVariable
instanceKlass java/lang/classfile/instruction/CharacterRange
instanceKlass java/lang/classfile/PseudoInstruction
instanceKlass java/lang/classfile/CodeElement
instanceKlass jdk/internal/classfile/impl/TerminalCodeBuilder
instanceKlass jdk/internal/classfile/impl/LabelContext
instanceKlass java/lang/classfile/CodeBuilder
instanceKlass java/lang/invoke/InvokerBytecodeGenerator$4$1
instanceKlass java/lang/classfile/constantpool/FieldRefEntry
instanceKlass java/lang/classfile/constantpool/MemberRefEntry
instanceKlass java/lang/classfile/constantpool/NameAndTypeEntry
instanceKlass jdk/internal/classfile/impl/TerminalMethodBuilder
instanceKlass jdk/internal/classfile/impl/MethodInfo
instanceKlass java/lang/classfile/MethodBuilder
instanceKlass java/lang/invoke/InvokerBytecodeGenerator$4
instanceKlass java/lang/classfile/attribute/SourceFileAttribute
instanceKlass java/lang/classfile/Superclass
instanceKlass jdk/internal/classfile/impl/AttributeHolder
instanceKlass java/lang/classfile/ClassBuilder
instanceKlass java/lang/classfile/ClassFileBuilder
instanceKlass jdk/internal/classfile/impl/AbstractDirectBuilder
instanceKlass java/lang/invoke/InvokerBytecodeGenerator$1
instanceKlass jdk/internal/classfile/impl/ClassFileImpl
instanceKlass java/lang/classfile/ClassFile
instanceKlass java/lang/invoke/InvokerBytecodeGenerator$3
instanceKlass java/util/function/Consumer
instanceKlass java/lang/classfile/constantpool/ClassEntry
instanceKlass java/lang/classfile/constantpool/LoadableConstantEntry
instanceKlass jdk/internal/classfile/impl/Util
instanceKlass jdk/internal/classfile/impl/EntryMap
instanceKlass jdk/internal/classfile/impl/BootstrapMethodEntryImpl
instanceKlass java/lang/classfile/BootstrapMethodEntry
instanceKlass jdk/internal/classfile/impl/SplitConstantPool
instanceKlass java/lang/invoke/LambdaFormBuffer
instanceKlass java/lang/invoke/LambdaFormEditor$TransformKey
instanceKlass java/lang/invoke/LambdaFormEditor
instanceKlass java/lang/invoke/Invokers$Holder
instanceKlass java/lang/invoke/DelegatingMethodHandle$Holder
instanceKlass java/lang/invoke/DirectMethodHandle$2
instanceKlass java/lang/invoke/ClassSpecializer$Factory
instanceKlass java/lang/invoke/ClassSpecializer$SpeciesData
instanceKlass java/lang/invoke/ClassSpecializer$1
instanceKlass jdk/internal/vm/annotation/Stable
instanceKlass java/lang/invoke/ClassSpecializer
instanceKlass java/lang/invoke/InvokerBytecodeGenerator$8
instanceKlass jdk/internal/classfile/impl/AbstractAttributeMapper
instanceKlass java/lang/classfile/AttributeMapper
instanceKlass java/lang/classfile/Attributes
instanceKlass jdk/internal/classfile/impl/Util$Writable
instanceKlass jdk/internal/classfile/impl/AbstractElement
instanceKlass java/lang/classfile/attribute/RuntimeVisibleAnnotationsAttribute
instanceKlass java/lang/classfile/FieldElement
instanceKlass java/lang/classfile/MethodElement
instanceKlass java/lang/classfile/ClassElement
instanceKlass java/lang/classfile/Attribute
instanceKlass java/lang/classfile/ClassFileElement
instanceKlass java/lang/classfile/constantpool/Utf8Entry
instanceKlass java/lang/classfile/constantpool/AnnotationConstantValueEntry
instanceKlass java/lang/classfile/constantpool/PoolEntry
instanceKlass jdk/internal/classfile/impl/AbstractPoolEntry
instanceKlass jdk/internal/classfile/impl/TemporaryConstantPool
instanceKlass java/lang/classfile/constantpool/ConstantPoolBuilder
instanceKlass java/lang/classfile/constantpool/ConstantPool
instanceKlass java/lang/classfile/Annotation
instanceKlass java/lang/classfile/AnnotationElement
instanceKlass java/lang/invoke/InvokerBytecodeGenerator
instanceKlass java/lang/invoke/LambdaForm$Holder
instanceKlass java/lang/invoke/LambdaForm$Name
instanceKlass java/lang/reflect/Array
instanceKlass java/lang/invoke/Invokers
instanceKlass sun/invoke/util/ValueConversions
instanceKlass java/lang/invoke/DirectMethodHandle$Holder
instanceKlass java/lang/constant/DynamicConstantDesc
instanceKlass jdk/internal/constant/DirectMethodHandleDescImpl$1
instanceKlass jdk/internal/constant/DirectMethodHandleDescImpl
instanceKlass java/lang/constant/DirectMethodHandleDesc
instanceKlass java/lang/constant/MethodHandleDesc$1
instanceKlass java/lang/constant/MethodHandleDesc
instanceKlass jdk/internal/constant/MethodTypeDescImpl
instanceKlass java/lang/constant/MethodTypeDesc
instanceKlass jdk/internal/constant/ConstantUtils
instanceKlass jdk/internal/constant/ArrayClassDescImpl
instanceKlass jdk/internal/constant/ClassOrInterfaceDescImpl
instanceKlass java/lang/constant/ClassDesc
instanceKlass java/lang/constant/ConstantDescs
instanceKlass sun/invoke/util/Wrapper$Format
instanceKlass java/lang/invoke/MethodHandleImpl$1
instanceKlass jdk/internal/access/JavaLangInvokeAccess
instanceKlass java/lang/invoke/LambdaForm$NamedFunction
instanceKlass jdk/internal/reflect/MethodHandleAccessorFactory$LazyStaticHolder
instanceKlass java/lang/invoke/MethodTypeForm
instanceKlass jdk/internal/util/StrongReferenceKey
instanceKlass jdk/internal/util/ReferenceKey
instanceKlass jdk/internal/util/ReferencedKeyMap
instanceKlass java/lang/invoke/MethodType$1
instanceKlass sun/reflect/annotation/AnnotationParser
instanceKlass java/util/EnumMap$1
instanceKlass java/util/stream/StreamOpFlag$MaskBuilder
instanceKlass java/util/stream/Stream
instanceKlass java/util/stream/BaseStream
instanceKlass java/util/stream/PipelineHelper
instanceKlass java/util/stream/StreamSupport
instanceKlass java/util/Spliterators$ArraySpliterator
instanceKlass java/util/Spliterator
instanceKlass java/util/Spliterators
instanceKlass jdk/internal/loader/AbstractClassLoaderValue$Memoizer
instanceKlass java/util/ServiceLoader$ModuleServicesLookupIterator
instanceKlass java/util/ServiceLoader
instanceKlass java/lang/System$LoggerFinder
instanceKlass jdk/internal/logger/BootstrapLogger$DetectBackend
instanceKlass jdk/internal/logger/BootstrapLogger
instanceKlass sun/util/logging/PlatformLogger$ConfigurableBridge
instanceKlass sun/util/logging/PlatformLogger$Bridge
instanceKlass java/lang/System$Logger
instanceKlass jdk/internal/logger/LazyLoggers$LazyLoggerFactories
instanceKlass jdk/internal/logger/LazyLoggers$1
instanceKlass jdk/internal/logger/LazyLoggers
instanceKlass sun/util/logging/PlatformLogger
instanceKlass java/lang/PublicMethods$Key
instanceKlass java/lang/PublicMethods$MethodList
instanceKlass java/util/EventObject
instanceKlass java/awt/Stroke
instanceKlass java/awt/Paint
instanceKlass java/awt/Transparency
instanceKlass java/awt/Graphics
instanceKlass jdk/internal/misc/MethodFinder
instanceKlass java/lang/NamedPackage
instanceKlass java/awt/Component
instanceKlass java/awt/MenuContainer
instanceKlass java/awt/image/ImageObserver
instanceKlass javax/swing/TransferHandler$HasGetTransferHandler
instanceKlass javax/accessibility/Accessible
instanceKlass java/awt/event/KeyListener
instanceKlass java/util/EventListener
instanceKlass java/security/PermissionCollection
instanceKlass java/security/SecureClassLoader$1
instanceKlass java/io/FileInputStream$1
instanceKlass sun/nio/ByteBuffered
instanceKlass jdk/internal/ref/CleanerImpl$CleanableList$Node
instanceKlass jdk/internal/ref/CleanerImpl$CleanableList
instanceKlass jdk/internal/ref/CleanerImpl
instanceKlass java/lang/ref/Cleaner$1
instanceKlass java/lang/ref/Cleaner
instanceKlass jdk/internal/ref/CleanerFactory$1
instanceKlass java/util/concurrent/ThreadFactory
instanceKlass jdk/internal/ref/CleanerFactory
instanceKlass java/lang/ref/Cleaner$Cleanable
instanceKlass jdk/internal/loader/Resource
instanceKlass jdk/internal/loader/URLClassPath$Loader
instanceKlass sun/net/util/URLUtil
instanceKlass java/lang/StringCoding
instanceKlass sun/nio/cs/MS1252$Holder
instanceKlass sun/nio/cs/ArrayDecoder
instanceKlass java/nio/charset/CharsetDecoder
instanceKlass sun/launcher/LauncherHelper
instanceKlass jdk/internal/vm/ContinuationSupport
instanceKlass java/util/Deque
instanceKlass java/util/Queue
instanceKlass sun/net/util/IPAddressUtil$MASKS
instanceKlass sun/net/util/IPAddressUtil
instanceKlass java/net/URLStreamHandler
instanceKlass sun/net/www/ParseUtil
instanceKlass java/net/URL$1
instanceKlass jdk/internal/access/JavaNetURLAccess
instanceKlass java/net/URL$DefaultFactory
instanceKlass java/net/URLStreamHandlerFactory
instanceKlass jdk/internal/loader/URLClassPath
instanceKlass java/lang/Module$EnableNativeAccess
instanceKlass jdk/internal/loader/BootLoader
instanceKlass java/util/concurrent/ConcurrentHashMap$CollectionView
instanceKlass jdk/internal/loader/ClassLoaderHelper
instanceKlass java/lang/ClassLoader$ParallelLoaders
instanceKlass java/security/cert/Certificate
instanceKlass java/net/URI$1
instanceKlass jdk/internal/access/JavaNetUriAccess
instanceKlass jdk/internal/loader/AbstractClassLoaderValue
instanceKlass jdk/internal/module/ModuleBootstrap$Counters
instanceKlass jdk/internal/module/ModuleLoaderMap$Modules
instanceKlass jdk/internal/module/ModuleLoaderMap
instanceKlass jdk/internal/module/ModulePatcher
instanceKlass jdk/internal/util/DecimalDigits
instanceKlass java/io/FileSystem
instanceKlass java/io/DefaultFileSystem
instanceKlass java/io/File
instanceKlass java/lang/module/ModuleDescriptor$1
instanceKlass jdk/internal/access/JavaLangModuleAccess
instanceKlass sun/invoke/util/VerifyAccess
instanceKlass java/util/KeyValueHolder
instanceKlass java/util/ImmutableCollections$MapN$MapNIterator
instanceKlass java/lang/invoke/MethodHandles$Lookup
instanceKlass java/lang/invoke/MemberName$Factory
instanceKlass java/lang/invoke/MethodHandles
instanceKlass jdk/internal/module/ModuleBootstrap
instanceKlass java/util/HexFormat
instanceKlass jdk/internal/util/ClassFileDumper
instanceKlass java/lang/CharacterData
instanceKlass java/lang/invoke/MethodHandleStatics
instanceKlass java/util/Collections
instanceKlass java/lang/Thread$ThreadIdentifiers
instanceKlass sun/io/Win32ErrorMode
instanceKlass jdk/internal/misc/OSEnvironment
instanceKlass jdk/internal/misc/Signal$NativeHandler
instanceKlass java/util/Hashtable$Entry
instanceKlass jdk/internal/misc/Signal
instanceKlass java/lang/Terminator$1
instanceKlass jdk/internal/misc/Signal$Handler
instanceKlass java/lang/Terminator
instanceKlass java/nio/ByteOrder
instanceKlass java/nio/Buffer$2
instanceKlass jdk/internal/access/JavaNioAccess
instanceKlass java/nio/Buffer$1
instanceKlass jdk/internal/misc/ScopedMemoryAccess
instanceKlass java/nio/charset/CodingErrorAction
instanceKlass sun/nio/cs/SingleByte
instanceKlass java/lang/StringUTF16
instanceKlass sun/nio/cs/IBM437$Holder
instanceKlass sun/nio/cs/ArrayEncoder
instanceKlass java/nio/charset/CharsetEncoder
instanceKlass java/io/Writer
instanceKlass java/io/OutputStream
instanceKlass java/io/Flushable
instanceKlass java/io/FileDescriptor$1
instanceKlass jdk/internal/access/JavaIOFileDescriptorAccess
instanceKlass java/io/FileDescriptor
instanceKlass jdk/internal/util/StaticProperty
instanceKlass jdk/internal/reflect/MethodHandleAccessorFactory
instanceKlass jdk/internal/reflect/Reflection
instanceKlass java/lang/reflect/Modifier
instanceKlass java/lang/Class$Atomic
instanceKlass java/lang/Class$ReflectionData
instanceKlass java/nio/charset/StandardCharsets
instanceKlass sun/nio/cs/HistoricallyNamedCharset
instanceKlass java/util/Arrays
instanceKlass jdk/internal/util/Preconditions$3
instanceKlass jdk/internal/util/Preconditions$2
instanceKlass jdk/internal/util/Preconditions$4
instanceKlass java/util/function/BiFunction
instanceKlass jdk/internal/util/Preconditions$1
instanceKlass jdk/internal/util/Preconditions
instanceKlass java/nio/charset/spi/CharsetProvider
instanceKlass java/nio/charset/Charset
instanceKlass java/util/HashMap$HashIterator
instanceKlass java/util/Objects
instanceKlass java/util/concurrent/locks/LockSupport
instanceKlass java/util/concurrent/ConcurrentHashMap$CounterCell
instanceKlass java/util/concurrent/locks/ReentrantLock
instanceKlass java/util/concurrent/locks/Lock
instanceKlass java/lang/Runtime
instanceKlass java/lang/VersionProps
instanceKlass java/lang/StringConcatHelper
instanceKlass jdk/internal/util/ArraysSupport
instanceKlass java/lang/StringLatin1
instanceKlass java/lang/StrictMath
instanceKlass jdk/internal/util/SystemProps$Raw
instanceKlass jdk/internal/util/SystemProps
instanceKlass java/lang/System$1
instanceKlass jdk/internal/access/JavaLangAccess
instanceKlass java/lang/ref/ReferenceQueue$Lock
instanceKlass java/lang/ref/ReferenceQueue
instanceKlass java/lang/ref/Reference$1
instanceKlass jdk/internal/access/JavaLangRefAccess
instanceKlass java/lang/Math
instanceKlass java/io/ObjectStreamClass
instanceKlass jdk/internal/reflect/ReflectionFactory
instanceKlass jdk/internal/access/SharedSecrets
instanceKlass java/lang/reflect/ReflectAccess
instanceKlass jdk/internal/access/JavaLangReflectAccess
instanceKlass jdk/internal/misc/CDS
instanceKlass jdk/internal/misc/VM
instanceKlass java/lang/String$CaseInsensitiveComparator
instanceKlass java/util/Comparator
instanceKlass java/io/ObjectStreamField
instanceKlass java/lang/Module$ArchivedData
instanceKlass jdk/internal/module/ArchivedBootLayer
instanceKlass jdk/internal/loader/BuiltinClassLoader$LoadedModule
instanceKlass jdk/internal/module/ServicesCatalog$ServiceProvider
instanceKlass java/util/concurrent/CopyOnWriteArrayList
instanceKlass jdk/internal/module/ServicesCatalog
instanceKlass java/util/concurrent/ConcurrentHashMap$Node
instanceKlass jdk/internal/loader/NativeLibraries
instanceKlass java/security/Principal
instanceKlass jdk/internal/loader/ArchivedClassLoaders
instanceKlass jdk/internal/math/FDBigInteger
instanceKlass java/lang/ModuleLayer
instanceKlass java/util/ImmutableCollections
instanceKlass jdk/internal/module/ModuleLoaderMap$Mapper
instanceKlass java/util/function/Function
instanceKlass java/lang/module/ResolvedModule
instanceKlass java/lang/module/Configuration
instanceKlass java/util/HashMap$Node
instanceKlass java/util/Map$Entry
instanceKlass java/util/Collections$UnmodifiableMap
instanceKlass jdk/internal/module/ModuleHashes
instanceKlass jdk/internal/module/ModuleTarget
instanceKlass java/lang/module/ModuleDescriptor$Provides
instanceKlass java/lang/module/ModuleDescriptor$Opens
instanceKlass jdk/internal/module/SystemModuleFinders$2
instanceKlass jdk/internal/module/ModuleHashes$HashSupplier
instanceKlass jdk/internal/module/SystemModuleFinders$1
instanceKlass java/util/function/Supplier
instanceKlass java/net/URI
instanceKlass java/lang/module/ModuleDescriptor$Exports
instanceKlass java/lang/module/ModuleDescriptor$Requires
instanceKlass java/lang/module/ModuleDescriptor$Version
instanceKlass java/lang/module/ModuleDescriptor
instanceKlass java/lang/module/ModuleReference
instanceKlass java/util/Set
instanceKlass jdk/internal/module/SystemModuleFinders$SystemModuleFinder
instanceKlass java/lang/module/ModuleFinder
instanceKlass jdk/internal/module/ArchivedModuleGraph
instanceKlass sun/util/locale/BaseLocale
instanceKlass java/util/jar/Attributes$Name
instanceKlass java/lang/Character$CharacterCache
instanceKlass java/lang/Short$ShortCache
instanceKlass java/lang/Byte$ByteCache
instanceKlass java/lang/Long$LongCache
instanceKlass java/lang/Integer$IntegerCache
instanceKlass jdk/internal/vm/FillerObject
instanceKlass jdk/internal/vm/vector/VectorSupport$VectorPayload
instanceKlass jdk/internal/vm/vector/VectorSupport
instanceKlass java/lang/reflect/RecordComponent
instanceKlass java/util/Iterator
instanceKlass java/lang/Void
instanceKlass java/lang/Number
instanceKlass java/lang/Character
instanceKlass java/lang/Boolean
instanceKlass java/util/concurrent/locks/AbstractOwnableSynchronizer
instanceKlass java/lang/LiveStackFrame
instanceKlass java/lang/ClassFrameInfo
instanceKlass java/lang/StackWalker$StackFrame
instanceKlass java/lang/StackStreamFactory$AbstractStackWalker
instanceKlass java/lang/StackWalker
instanceKlass java/nio/Buffer
instanceKlass java/lang/StackTraceElement
instanceKlass java/util/RandomAccess
instanceKlass java/util/List
instanceKlass java/util/SequencedCollection
instanceKlass java/util/AbstractCollection
instanceKlass java/util/Collection
instanceKlass java/lang/Iterable
instanceKlass java/util/concurrent/ConcurrentMap
instanceKlass java/util/AbstractMap
instanceKlass java/security/CodeSource
instanceKlass jdk/internal/loader/ClassLoaders
instanceKlass java/util/jar/Manifest
instanceKlass java/lang/Enum
instanceKlass java/net/URL
instanceKlass java/io/InputStream
instanceKlass java/io/Closeable
instanceKlass java/lang/AutoCloseable
instanceKlass jdk/internal/module/Modules
instanceKlass jdk/internal/misc/Unsafe
instanceKlass jdk/internal/misc/UnsafeConstants
instanceKlass java/lang/AbstractStringBuilder
instanceKlass java/lang/Appendable
instanceKlass java/lang/AssertionStatusDirectives
instanceKlass jdk/internal/foreign/abi/ABIDescriptor
instanceKlass jdk/internal/foreign/abi/NativeEntryPoint
instanceKlass java/lang/invoke/CallSite
instanceKlass java/lang/invoke/MethodType
instanceKlass java/lang/invoke/TypeDescriptor$OfMethod
instanceKlass java/lang/invoke/LambdaForm
instanceKlass java/lang/invoke/MethodHandleNatives
instanceKlass java/lang/invoke/MethodHandleImpl
instanceKlass java/lang/invoke/ResolvedMethodName
instanceKlass java/lang/invoke/MemberName
instanceKlass java/lang/invoke/VarHandle
instanceKlass java/lang/invoke/MethodHandle
instanceKlass jdk/internal/reflect/ConstructorAccessorImpl
instanceKlass jdk/internal/reflect/ConstructorAccessor
instanceKlass jdk/internal/reflect/CallerSensitive
instanceKlass java/lang/annotation/Annotation
instanceKlass jdk/internal/reflect/ConstantPool
instanceKlass jdk/internal/reflect/MethodAccessorImpl
instanceKlass jdk/internal/reflect/MethodAccessor
instanceKlass jdk/internal/vm/StackChunk
instanceKlass jdk/internal/vm/Continuation
instanceKlass jdk/internal/vm/ContinuationScope
instanceKlass java/lang/reflect/Parameter
instanceKlass java/lang/reflect/Member
instanceKlass java/lang/reflect/AccessibleObject
instanceKlass java/lang/Module
instanceKlass java/util/Map
instanceKlass java/util/Dictionary
instanceKlass java/lang/ThreadGroup
instanceKlass java/lang/Thread$UncaughtExceptionHandler
instanceKlass java/lang/Thread$Constants
instanceKlass java/lang/Thread$FieldHolder
instanceKlass java/lang/Thread
instanceKlass java/lang/Runnable
instanceKlass java/lang/ref/Reference
instanceKlass java/lang/Record
instanceKlass java/security/ProtectionDomain
instanceKlass java/lang/Throwable
instanceKlass java/lang/System
instanceKlass java/lang/ClassLoader
instanceKlass java/lang/Cloneable
instanceKlass java/lang/Class
instanceKlass java/lang/invoke/TypeDescriptor$OfField
instanceKlass java/lang/invoke/TypeDescriptor
instanceKlass java/lang/reflect/Type
instanceKlass java/lang/reflect/GenericDeclaration
instanceKlass java/lang/reflect/AnnotatedElement
instanceKlass java/lang/String
instanceKlass java/lang/constant/ConstantDesc
instanceKlass java/lang/constant/Constable
instanceKlass java/lang/CharSequence
instanceKlass java/lang/Comparable
instanceKlass java/io/Serializable
ciInstanceKlass java/lang/Object 1 1 115 100 1 10 12 1 1 10 7 12 1 1 1 10 100 12 1 1 1 10 12 1 1 8 1 10 12 1 1 10 100 12 1 1 1 10 12 1 10 12 1 1 100 1 8 1 10 12 1 10 7 12 1 1 1 7 1 10 12 1 100 1 10 12 1 1 8 1 3 8 1 100 1 5 0 1 1 1 1 1 1 1 1 1 1 1 1 1 1 1 1 100 1 1 1 1 1 1 1 1 1 1 1 1 1 100 1 1 1 1 1 1 3 1 1
ciMethod java/lang/Object equals (Ljava/lang/Object;)Z 512 0 2489 0 -1
ciMethod java/lang/Object hashCode ()I 256 0 128 0 -1
ciInstanceKlass java/io/Serializable 1 0 7 100 1 100 1 1 1
ciInstanceKlass java/lang/System 1 1 591 10 100 12 1 1 1 10 7 12 1 1 1 10 12 1 1 10 12 1 9 12 1 1 10 7 12 1 1 1 11 100 12 1 1 1 10 100 12 1 1 1 10 12 1 1 100 1 8 1 10 12 1 9 12 1 1 9 12 1 1 10 7 12 1 1 1 10 7 12 1 1 1 10 12 1 1 10 12 1 10 7 12 1 1 1 10 12 1 10 12 1 1 7 1 10 12 1 1 100 1 8 1 10 10 12 1 1 100 1 8 1 10 10 7 12 1 1 10 12 10 100 12 1 1 10 7 12 1 1 1 100 1 8 1 10 10 100 12 1 1 1 10 100 12 1 1 1 100 1 10 100 12 1 1 1 10 12 1 1 10 7 12 1 1 1 10 12 1 1 10 12 1 10 12 1 8 1 10 12 1 1 10 12 1 1 8 1 10 12 1 7 1 7 1 10 12 1 9 7 12 1 1 1 10 7 12 1 1 1 10 12 1 10 12 1 10 7 12 1 1 1 100 1 8 1 10 9 12 1 1 9 12 1 10 12 1 10 100 12 1 1 10 12 1 10 12 1 1 100 1 10 8 1 10 12 1 1 10 12 1 10 12 1 1 10 12 1 1 8 1 11 7 12 1 1 10 12 11 12 1 1 11 7 12 1 1 1 11 7 12 1 1 11 12 1 1 7 1 11 12 1 10 12 1 8 1 10 12 1 1 8 1 8 1 8 1 8 1 11 12 1 10 12 1 1 10 12 1 10 12 1 8 1 10 12 1 1 8 1 9 12 1 8 1 10 7 12 1 1 8 1 7 1 9 7 12 1 1 1 10 12 1 7 1 9 12 10 9 12 7 1 10 12 9 12 1 1 8 1 10 12 1 1 8 1 9 12 1 10 7 12 1 1 10 12 1 10 12 1 1 11 7 12 1 1 10 12 10 7 12 1 1 1 9 12 1 1 100 1 100 1 8 1 10 12 1 1 10 12 1 8 1 8 1 10 8 1 8 1 8 1 8 1 8 1 10 8 1 10 7 12 1 1 1 10 7 12 1 1 1 10 12 1 1 7 1 10 10 12 1 10 12 1 9 12 1 1 1 1 1 1 1 1 1 1 1 1 100 1 1 100 1 1 1 1 1 1 1 1 1 1 3 1 1 1 1 1 1 1 1 1 1 1 1 1 1 1 1 1 1 1 1 1 1 1 1 1 1 1 1 1 1 1 1 1 1 1 1 1 1 1 1 1 1 1 1 1 1 1 1 1 1 1 100 1 1 1 1 1 1 1 1 1 1 1 1 1 1 1 1 1 1 1 1 1 1 1 1 1 100 1 100 1 1 1 1 1 1 1 1
staticfield java/lang/System in Ljava/io/InputStream; java/io/BufferedInputStream
staticfield java/lang/System out Ljava/io/PrintStream; java/io/PrintStream
staticfield java/lang/System err Ljava/io/PrintStream; java/io/PrintStream
ciInstanceKlass java/util/Properties 1 1 690 10 7 12 1 1 1 100 1 10 7 12 1 1 7 1 10 12 1 9 12 1 1 9 12 1 1 9 12 1 1 10 7 12 1 1 1 10 12 1 1 8 1 10 100 12 1 1 1 100 1 10 12 1 10 12 1 1 8 1 10 12 1 100 1 10 12 10 12 1 1 9 12 1 1 10 12 1 1 7 1 10 12 1 10 12 1 10 12 1 1 100 1 8 1 10 12 1 10 12 1 10 12 1 1 10 12 1 100 1 3 10 10 100 12 1 1 1 10 12 1 10 12 1 1 8 1 10 12 1 10 12 1 1 8 1 10 100 12 1 1 10 12 1 1 10 12 1 10 12 1 1 100 1 10 12 1 10 12 1 1 100 1 9 100 12 1 1 1 10 12 1 10 12 1 1 10 12 1 1 10 12 1 1 100 1 9 12 1 1 100 1 100 1 10 12 1 100 1 11 100 12 1 1 1 11 12 1 1 11 100 12 1 1 1 11 100 12 1 1 1 11 12 1 1 11 12 1 11 12 1 10 12 1 1 8 1 10 12 1 10 100 12 1 1 10 12 1 100 1 10 10 12 1 10 12 1 100 1 10 10 12 1 1 10 100 12 1 1 9 100 12 1 1 10 12 1 1 10 100 12 1 1 1 100 1 100 1 100 1 10 8 1 8 1 10 12 1 10 12 1 10 12 1 1 10 10 12 1 1 10 12 1 1 100 1 10 10 12 1 11 100 12 1 1 10 100 12 1 1 1 8 1 10 100 12 1 1 11 11 100 1 8 1 10 100 1 11 10 12 1 10 10 12 1 10 12 1 1 10 12 1 1 10 12 1 1 10 12 1 10 12 1 10 10 12 1 10 12 1 10 12 1 10 10 12 1 1 10 12 1 1 10 10 12 1 10 12 1 10 12 1 10 12 1 10 12 1 1 10 12 1 1 10 12 1 10 12 1 10 12 1 1 10 12 10 12 1 1 10 12 1 1 10 12 1 10 12 1 1 10 12 1 1 10 12 10 11 12 1 4 11 10 12 1 1 10 100 12 1 1 11 12 1 10 12 1 1 10 100 12 1 1 10 12 1 100 1 8 1 10 12 1 10 10 100 12 1 1 1 100 1 6 0 10 12 1 1 11 100 12 1 1 1 10 12 1 10 12 1 1 1 1 1 5 0 1 1 1 1 1 1 1 1 1 1 1 1 1 1 1 1 1 1 1 1 1 1 1 1 1 1 1 1 1 1 1 1 1 1 1 1 1 1 1 100 1 1 1 1 1 1 1 1 1 1 1 1 1 1 1 1 1 1 1 1 100 1 1 1 1 1 1 1 1 1 1 1 1 100 1 100 1 1 1 1 1 100 1 1 1 1 1 1 1 1 1 1 1 1 1 1 1 1 1 1 1 1 1 1 1 1 1 1 1 1 1 1 1 1 1 1 1 1 1 1 1 1 1 1 1 1 1 1 1 1 1 1 1 1 1 1 1 1 1 1 1 1 1 1 1 1 1 1 1 1 1 1 1 1 1 1 1 1 1 100 1 1 1 1 1 1 1 1 1 1 1 100 1 1
staticfield java/util/Properties UNSAFE Ljdk/internal/misc/Unsafe; jdk/internal/misc/Unsafe
instanceKlass java/util/Hashtable
ciInstanceKlass java/util/Dictionary 1 1 36 10 7 12 1 1 1 100 1 1 1 1 1 1 1 1 1 1 1 1 1 1 1 1 1 1 1 1 1 1 1 1 1 1 1 1
instanceKlass javax/swing/UIDefaults
instanceKlass java/util/Properties
ciInstanceKlass java/util/Hashtable 1 1 516 100 1 10 7 12 1 1 1 9 7 12 1 1 1 100 1 100 1 10 8 1 10 12 1 1 10 12 1 10 12 1 1 10 12 1 10 7 12 1 1 1 8 1 10 12 1 9 12 1 1 7 1 9 12 1 1 4 10 7 12 1 1 1 9 12 1 4 10 12 1 11 100 12 1 1 1 10 12 1 1 10 12 1 1 9 12 1 10 12 1 1 100 1 10 9 12 1 1 10 7 12 1 1 1 9 12 1 1 10 12 1 10 12 1 3 9 12 1 9 12 1 3 10 12 1 10 12 1 10 12 1 1 11 12 1 1 11 100 12 1 1 1 11 100 12 1 1 1 11 12 1 100 1 11 12 1 11 12 1 10 12 1 1 10 12 1 1 10 12 1 9 12 1 1 9 12 9 12 1 1 10 100 1 100 1 10 12 1 10 8 1 10 10 12 1 8 1 10 8 1 10 100 12 1 1 1 100 1 10 12 1 10 12 1 100 1 10 12 1 10 12 1 1 100 1 10 100 1 10 10 12 1 1 11 12 1 1 11 12 1 100 1 10 10 10 100 12 1 1 11 100 12 1 1 1 100 1 10 11 100 12 1 1 11 100 12 1 10 12 1 10 12 1 1 10 100 12 1 1 10 12 1 1 10 12 1 1 10 12 1 1 10 100 12 1 1 1 8 10 100 12 1 1 100 1 8 1 10 4 4 10 12 1 1 10 12 1 8 1 4 10 12 10 100 12 1 1 1 100 1 11 100 12 1 1 1 10 100 12 1 1 1 10 12 1 10 12 1 1 10 100 1 100 1 1 1 1 1 1 5 0 1 1 1 1 1 3 1 3 1 3 1 1 1 1 1 1 1 1 1 1 1 1 1 1 1 1 1 1 1 1 1 1 1 1 1 100 1 1 1 1 1 1 1 1 1 1 1 1 1 1 1 1 1 1 1 1 1 1 1 1 1 1 1 1 1 100 1 1 1 1 1 1 1 1 1 1 1 1 1 1 100 1 1 1 1 1 1 1 1 1 1 1 1 1 1 1 1 1 1 1 1 1 1 1 1 1 1 1 1 1 1 1 1 1 1 1 1 1 1 1 1 1 1 1 1 100 1 1 1 100 1 1 1 1 1 100 1 1 1 1 1 1 1 1 1 1 1 1 1 1 1 1 1 1
ciInstanceKlass java/util/Map 1 1 263 11 7 12 1 1 1 11 12 1 1 10 7 12 1 1 11 12 1 1 11 100 12 1 1 1 11 100 12 1 1 1 11 12 1 1 7 1 11 12 1 11 12 1 100 1 100 1 10 12 1 1 11 100 12 1 1 1 11 100 12 1 1 1 11 12 1 11 12 1 10 12 1 1 11 12 1 11 7 12 1 9 7 12 1 1 1 100 1 10 12 7 1 7 1 10 12 1 7 1 10 100 1 11 12 1 11 12 1 1 11 12 1 1 100 1 11 12 1 1 1 1 1 1 1 1 1 1 1 1 1 1 1 1 1 1 1 1 1 1 1 1 1 1 1 1 1 1 1 1 1 1 1 1 1 1 1 1 1 1 1 1 1 1 1 1 1 1 1 1 1 1 1 1 1 1 1 1 1 1 1 1 1 1 1 1 1 1 1 1 1 1 1 1 1 1 1 1 1 1 1 1 1 1 1 1 1 1 1 1 1 1 1 1 1 1 1 1 1 1 1 1 1 1 1 1 1 1 1 1 1 1 1 1 1 1 1 1 1 1 1 1 1 1 100 1 1 1 1 1 1 1 1 1 1 1 1 1 1 1 1 1 1
ciInstanceKlass java/lang/String 1 1 1471 10 7 12 1 1 1 8 1 9 7 12 1 1 1 9 12 1 1 9 12 1 1 9 12 1 1 10 12 1 10 12 1 1 10 12 1 1 9 12 1 10 7 12 1 1 1 10 12 1 1 10 12 1 10 7 12 1 1 1 10 12 1 1 10 12 1 1 10 12 1 10 12 1 1 10 12 1 10 7 12 1 1 1 7 1 9 7 12 1 1 1 10 7 12 1 1 1 10 12 1 1 10 12 1 1 10 7 12 1 1 1 10 12 1 1 9 7 12 1 1 10 12 9 7 12 1 1 10 12 1 1 3 10 12 1 1 7 1 11 12 1 1 11 12 1 11 12 1 1 10 7 12 1 1 1 10 12 1 1 9 7 12 1 1 1 10 12 1 1 10 12 1 11 12 1 1 10 12 1 10 12 10 12 1 1 100 1 100 1 10 12 1 10 12 1 10 7 12 1 1 1 10 12 1 1 100 1 10 12 1 1 100 1 10 12 1 1 10 12 1 1 10 12 1 10 10 12 1 100 1 100 1 100 1 10 12 1 10 12 1 1 10 12 1 1 10 12 1 10 12 1 1 10 12 1 1 10 100 12 1 1 100 1 11 10 100 12 1 1 11 12 1 11 12 1 10 12 1 10 12 1 10 12 10 12 1 1 10 10 7 12 1 1 1 10 7 12 1 1 10 12 1 1 10 7 12 1 1 10 12 1 10 12 1 1 10 12 1 1 10 12 1 10 12 1 10 12 1 1 100 1 10 12 1 1 10 12 10 12 1 10 12 1 1 10 12 1 1 10 100 12 1 1 1 10 12 1 10 12 1 1 10 12 1 10 12 1 3 3 10 12 1 1 10 12 1 10 12 1 1 10 12 1 1 10 12 1 1 10 12 1 10 12 1 1 10 12 1 1 10 12 1 10 12 1 10 12 1 10 12 1 1 10 12 1 10 12 1 10 12 1 10 12 1 10 12 1 10 12 1 10 100 1 10 8 1 10 12 1 1 10 12 1 8 1 10 12 1 1 10 12 10 12 1 8 1 10 10 12 1 1 10 12 1 1 100 1 5 0 100 1 8 1 10 10 12 1 1 5 0 5 0 5 0 10 12 1 1 10 100 1 10 10 12 1 10 12 1 10 12 1 10 10 12 1 10 12 1 10 12 1 10 12 1 10 12 1 10 12 1 10 12 1 1 10 12 1 1 10 12 1 1 10 10 12 1 1 10 10 12 1 100 1 10 9 100 12 1 1 1 11 100 12 1 1 1 10 12 1 1 10 12 1 1 10 7 1 10 12 1 10 12 1 10 7 12 1 1 1 10 12 1 10 12 1 1 10 12 1 11 7 1 11 12 10 12 1 10 12 1 1 10 12 1 1 10 10 12 1 10 12 1 9 12 1 1 11 100 12 1 1 1 10 12 10 10 12 1 10 12 1 1 10 10 12 1 10 12 1 10 12 1 1 10 12 1 1 10 10 12 1 1 10 10 7 12 1 1 1 10 12 1 10 12 1 10 12 10 10 12 10 10 12 1 10 12 1 10 10 12 10 12 1 1 10 12 10 10 12 10 12 1 10 12 10 12 10 10 12 1 10 12 1 1 10 12 1 1 10 10 12 1 10 7 12 1 1 1 10 12 1 1 10 10 100 12 1 1 1 11 10 12 1 10 12 1 1 10 12 1 1 10 100 12 1 1 1 10 12 1 10 12 1 10 12 1 10 12 1 10 12 1 10 12 1 100 1 10 10 12 1 10 12 1 1 8 1 10 12 1 3 3 10 12 1 10 12 1 1 10 12 7 1 10 10 12 1 1 10 12 10 12 1 10 12 1 10 12 1 1 10 12 1 1 11 7 12 1 1 1 7 1 10 12 1 10 12 1 1 8 1 10 12 1 1 10 12 1 11 100 12 1 1 1 11 100 12 1 1 11 12 1 10 12 1 10 12 1 1 10 10 7 12 1 1 1 10 12 1 10 12 1 10 10 12 10 12 1 1 10 10 12 1 10 10 12 1 10 10 12 1 10 10 12 1 10 12 1 1 10 10 12 1 8 1 10 12 1 1 18 12 1 1 11 100 12 1 1 1 3 18 12 1 18 12 1 8 1 10 100 12 1 1 1 11 12 1 1 10 12 10 10 12 1 10 11 12 1 1 10 12 1 1 11 12 1 18 3 11 10 11 11 10 12 1 10 12 1 1 8 1 10 12 1 10 12 1 10 12 1 1 10 10 12 1 11 100 12 1 100 1 100 1 10 12 100 1 10 10 100 12 1 1 1 100 1 10 100 1 10 10 12 1 10 10 12 1 8 1 10 10 12 1 8 1 8 1 10 12 1 10 12 1 10 10 12 10 100 12 1 1 10 100 12 1 1 10 100 12 1 1 8 1 10 12 1 10 12 1 10 9 12 1 10 12 9 7 12 1 1 1 10 12 1 10 12 1 10 12 1 10 12 10 12 1 10 12 1 8 1 10 100 12 1 1 1 10 12 10 12 1 1 10 12 10 12 10 12 7 1 9 12 1 1 7 1 10 100 1 100 1 100 1 100 1 1 1 1 1 1 5 0 1 1 1 1 1 3 1 3 1 1 1 1 1 1 1 1 1 1 1 1 1 1 1 100 1 1 1 1 1 1 1 1 1 1 1 1 1 1 1 1 1 1 1 1 1 1 1 1 1 1 1 1 1 1 1 100 1 1 1 1 1 1 1 1 1 1 1 1 100 1 1 1 1 1 1 1 1 1 1 1 1 1 1 1 1 1 1 1 1 1 1 1 1 1 1 1 1 1 1 1 1 1 1 1 1 1 1 1 1 1 1 1 1 1 1 1 1 1 1 1 1 1 1 1 1 1 1 1 1 1 1 1 1 1 1 1 1 1 1 1 1 1 1 1 1 1 1 1 1 1 1 1 1 1 1 1 1 1 1 1 1 1 1 1 1 1 1 1 1 1 1 1 1 1 1 1 1 1 1 1 1 1 1 1 1 1 1 1 1 1 1 1 1 1 1 1 1 1 1 1 1 1 1 1 1 1 1 1 1 1 1 1 1 1 1 1 1 1 1 1 1 1 1 1 1 1 1 1 1 1 1 1 1 1 1 1 1 1 1 1 1 1 1 1 1 1 1 1 100 1 1 1 1 1 1 1 1 1 1 1 1 1 1 1 1 1 1 1 1 1 1 1 100 1 1 1 1 1 1 1 1 1 1 1 1 1 1 1 100 1 1 1 1 1 1 1 1 1 1 1 1 1 1 1 16 15 10 12 16 15 10 12 15 10 12 15 10 12 15 10 100 12 1 1 1 1 100 1 1 1 1 1 100 1 100 1 1 1
staticfield java/lang/String COMPACT_STRINGS Z 1
staticfield java/lang/String serialPersistentFields [Ljava/io/ObjectStreamField; 0 [Ljava/io/ObjectStreamField;
staticfield java/lang/String CASE_INSENSITIVE_ORDER Ljava/util/Comparator; java/lang/String$CaseInsensitiveComparator
ciMethod java/lang/String equals (Ljava/lang/Object;)Z 526 0 5397 0 488
ciMethod java/lang/String hashCode ()I 1024 0 11782 0 760
ciInstanceKlass java/lang/Comparable 1 0 12 100 1 100 1 1 1 1 1 1 1 1
ciInstanceKlass java/lang/CharSequence 1 1 145 11 7 12 1 1 1 18 12 1 1 100 1 10 100 12 1 1 1 18 10 100 12 1 1 1 11 12 1 1 11 100 1 11 12 1 1 10 100 12 1 1 1 11 12 1 1 10 12 1 1 10 12 1 100 1 10 12 1 1 10 100 12 1 1 1 100 1 10 10 12 1 1 100 1 1 1 1 1 1 1 1 1 1 1 1 1 1 1 1 1 1 1 1 1 1 1 1 1 1 1 1 1 1 1 1 1 1 1 1 1 1 1 1 16 1 15 11 12 16 15 11 12 15 10 100 12 1 1 1 1 1 100 1 100 1 1 100 1 1 100 1 100 1 1
ciMethod java/lang/String length ()I 1024 0 62110 0 104
ciMethod java/lang/String getChars (II[CI)V 512 0 987 0 0
ciMethod java/lang/String charAt (I)C 1024 0 29656 0 200
ciInstanceKlass java/lang/constant/Constable 1 0 11 100 1 100 1 1 1 1 1 1 1
ciInstanceKlass java/lang/constant/ConstantDesc 1 0 37 100 1 100 1 1 1 1 100 1 1 1 1 100 1 100 1 100 1 100 1 100 1 100 1 100 1 100 1 100 1 1 100 1 100 1 1
ciInstanceKlass java/lang/AutoCloseable 1 0 12 100 1 100 1 1 1 1 100 1 1 1
ciInstanceKlass java/io/Closeable 1 0 14 100 1 100 1 100 1 1 1 1 100 1 1 1
ciInstanceKlass java/lang/Appendable 1 0 14 100 1 100 1 1 1 1 100 1 1 1 1 1
ciInstanceKlass java/util/Iterator 1 1 53 100 1 8 1 10 12 1 1 10 100 12 1 1 1 11 100 12 1 1 1 11 12 1 1 11 100 12 1 1 1 100 1 1 1 1 1 1 1 1 1 1 1 1 1 1 1 1 1 1 1 1 1
ciInstanceKlass java/util/Map$Entry 1 0 178 18 12 1 1 100 1 100 1 18 10 100 12 1 1 1 18 12 1 18 100 1 11 100 12 1 1 1 11 12 1 11 100 12 1 1 1 10 100 12 1 1 1 10 100 12 1 1 1 8 1 10 12 1 1 8 1 8 1 8 1 10 12 1 10 12 1 8 10 100 1 10 12 1 8 10 12 1 8 1 10 12 1 8 10 12 1 8 1 10 12 1 1 8 1 100 1 8 1 10 12 1 1 11 12 100 1 11 12 1 1 1 1 1 1 1 1 1 1 1 1 1 1 1 1 1 1 1 1 1 1 1 1 1 1 1 1 1 1 1 1 1 1 1 1 1 1 1 16 15 11 12 16 3 3 15 11 12 15 11 12 15 11 12 15 10 100 12 1 1 1 1 1 100 1 100 1 1
instanceKlass java/io/FilterInputStream
instanceKlass java/io/FileInputStream
instanceKlass java/io/ByteArrayInputStream
ciInstanceKlass java/io/InputStream 1 1 197 100 1 10 7 12 1 1 1 100 1 10 10 100 12 1 1 1 10 100 12 1 1 1 10 12 1 100 1 100 1 3 10 12 1 1 100 1 8 1 10 12 1 10 100 12 1 1 1 3 100 1 8 1 10 10 100 12 1 1 1 100 1 10 11 100 12 1 1 1 10 12 1 1 11 12 1 1 11 100 12 1 1 1 11 12 1 1 100 1 10 100 12 1 1 1 5 0 10 12 1 10 12 1 1 100 1 10 8 1 10 8 1 8 1 10 12 1 1 10 100 12 1 1 1 100 1 5 0 10 12 1 100 1 100 1 1 1 1 3 1 3 1 1 1 1 1 1 1 1 1 1 1 1 1 1 1 1 1 1 1 1 1 1 1 1 1 1 1 1 1 1 1 1 1 1 1 1 1 1 1 1 1 1 1 1 1 1 1 1 1 1 1 1 1 1 1
instanceKlass java/security/SecureClassLoader
ciInstanceKlass java/lang/ClassLoader 1 1 1076 9 7 12 1 1 1 10 7 12 1 1 1 9 12 1 1 10 7 12 1 1 1 7 1 10 12 1 1 10 12 1 1 9 12 1 1 10 12 1 1 100 1 10 12 1 10 12 1 1 10 7 12 1 1 1 100 1 8 1 10 12 1 10 7 1 10 7 1 7 1 7 1 10 12 1 10 12 1 9 12 1 1 10 10 7 12 1 1 1 9 12 1 1 9 12 1 9 12 1 1 9 12 1 9 12 1 1 9 12 1 1 7 1 10 12 1 9 12 1 1 10 12 1 1 10 7 12 1 1 1 9 12 1 9 12 1 1 9 12 1 10 12 1 1 9 12 10 12 1 1 7 1 10 8 1 10 12 1 1 10 12 1 10 7 1 7 1 10 7 12 1 1 1 10 7 12 1 1 1 8 1 10 12 1 10 12 1 10 12 1 1 10 12 1 1 10 12 1 1 10 12 1 1 10 12 1 1 10 12 1 100 1 10 12 1 10 100 12 1 1 1 10 12 1 1 10 12 1 10 12 1 10 12 1 10 12 1 10 12 1 1 10 10 12 1 10 12 1 10 10 12 1 1 10 12 1 1 100 1 8 1 10 8 1 10 12 1 10 12 1 100 1 8 1 10 12 1 1 10 12 1 1 10 10 12 1 1 10 12 1 1 10 12 1 1 10 7 1 10 12 1 10 12 1 1 10 12 1 1 10 12 1 1 10 12 1 1 10 12 1 1 10 12 1 1 10 12 1 1 10 100 12 1 1 1 10 12 1 10 12 1 10 12 1 1 10 12 1 10 12 1 10 12 1 10 12 1 1 10 12 1 10 12 1 1 8 1 9 12 1 10 12 1 1 8 1 8 1 10 7 12 1 1 100 1 10 10 12 10 12 1 10 12 1 10 12 1 10 12 1 1 10 7 12 1 1 10 12 1 10 7 1 7 1 10 12 1 1 10 12 1 10 7 1 10 12 1 100 1 18 12 1 10 100 12 1 1 1 10 100 12 1 1 1 10 7 12 1 1 10 12 1 10 12 1 100 1 10 12 1 8 1 10 10 12 1 1 10 12 1 10 12 1 1 100 1 10 12 1 1 10 100 12 1 1 10 12 1 10 7 12 1 1 10 12 1 8 1 100 1 10 10 12 1 9 12 1 10 7 12 1 1 10 12 1 100 1 8 1 10 12 1 10 8 1 8 1 10 12 1 1 10 12 1 1 10 12 1 1 10 100 12 1 1 100 1 100 1 10 12 1 1 100 1 100 1 10 100 12 1 1 10 12 1 10 12 1 10 12 1 10 12 1 10 12 1 1 10 12 1 8 1 100 1 18 12 1 1 10 12 1 1 10 12 1 10 12 1 10 12 1 8 1 10 12 1 10 12 1 18 12 1 11 100 12 1 1 1 100 1 10 12 1 1 10 12 1 10 11 12 1 1 10 18 10 12 1 1 11 100 12 1 18 12 1 11 12 1 1 10 12 1 10 12 1 1 10 12 1 1 100 1 8 1 10 10 12 1 8 1 8 1 10 100 12 1 1 10 12 1 100 1 10 10 12 1 8 1 8 1 8 1 10 12 1 10 12 1 10 12 1 1 10 12 1 1 10 12 1 10 100 12 1 1 1 11 100 12 1 1 100 1 10 11 10 12 1 10 12 1 10 12 1 1 9 100 12 1 1 9 12 1 1 9 12 9 12 1 9 12 1 9 12 1 8 10 12 1 1 10 7 12 1 1 1 10 12 1 1 10 12 1 1 10 12 1 1 8 1 10 12 1 1 8 10 12 1 1 8 8 10 12 1 10 12 1 10 12 1 11 12 1 1 10 100 12 1 1 1 100 1 10 12 1 10 12 1 10 12 1 1 1 1 1 1 1 1 1 1 1 1 1 1 1 1 1 1 1 1 1 1 1 1 1 1 100 1 1 1 1 1 1 1 1 1 1 1 1 1 1 1 1 1 1 1 1 1 1 1 1 1 100 1 1 1 1 1 1 1 1 1 1 1 1 1 1 1 1 1 1 1 1 1 1 1 1 1 1 1 1 1 1 1 1 1 1 1 1 1 1 1 1 1 1 1 100 1 1 1 1 1 1 1 1 1 1 1 1 1 1 1 1 1 1 1 1 1 100 1 1 1 1 1 1 1 1 1 1 1 1 1 1 1 1 1 1 1 1 1 1 1 1 1 1 1 1 1 1 1 1 1 1 1 1 1 1 1 1 1 1 1 1 100 1 1 1 1 1 1 1 1 1 1 1 1 1 1 1 1 1 1 1 1 1 1 1 1 1 1 1 1 1 1 1 1 1 1 1 1 1 1 1 1 1 1 1 1 1 1 1 1 1 1 1 16 1 15 10 12 16 1 16 15 10 12 16 1 16 1 15 10 12 16 15 10 12 16 15 10 12 16 15 10 100 12 1 1 1 1 1 100 1 100 1 1
staticfield java/lang/ClassLoader nocerts [Ljava/security/cert/Certificate; 0 [Ljava/security/cert/Certificate;
staticfield java/lang/ClassLoader $assertionsDisabled Z 1
instanceKlass java/util/concurrent/ForkJoinWorkerThread
instanceKlass java/util/concurrent/DelayScheduler
instanceKlass java/awt/EventDispatchThread
instanceKlass jdk/internal/misc/InnocuousThread
instanceKlass java/lang/ref/Finalizer$FinalizerThread
instanceKlass java/lang/ref/Reference$ReferenceHandler
instanceKlass java/lang/BaseVirtualThread
ciInstanceKlass java/lang/Thread 1 1 761 9 7 12 1 1 1 9 7 12 1 1 1 9 12 1 9 12 1 10 12 1 1 9 12 1 1 10 100 12 1 1 10 12 1 10 100 12 1 1 100 1 8 1 10 12 1 1 9 12 1 1 9 12 1 9 12 1 1 7 1 10 12 1 1 10 12 1 7 1 10 12 10 12 1 1 9 12 1 1 10 12 1 100 1 10 12 1 10 12 1 1 10 12 1 1 10 12 1 10 12 1 1 100 1 8 1 10 9 7 12 1 1 1 10 12 1 1 10 3 8 1 100 1 5 0 10 7 12 1 1 1 9 12 1 10 12 1 1 10 7 1 100 1 8 1 10 10 12 1 10 12 1 1 10 12 1 1 10 7 12 1 1 10 12 1 10 12 1 10 7 12 1 1 5 0 9 12 1 10 7 12 1 1 1 10 12 1 1 9 12 1 1 10 100 12 1 1 10 100 12 1 1 1 10 12 1 10 12 1 1 9 12 1 1 10 7 12 1 1 9 12 1 8 1 9 100 12 1 1 1 5 0 100 1 10 100 1 10 100 1 10 7 1 10 8 1 10 12 1 1 10 7 12 1 10 12 1 10 12 1 100 1 8 1 10 10 12 1 10 12 1 1 10 100 12 1 1 1 10 100 12 1 1 1 10 12 1 7 1 9 12 1 1 100 1 10 10 12 1 9 12 1 1 10 12 1 1 10 12 1 1 10 12 1 10 12 1 9 12 1 1 10 10 12 1 1 10 12 1 1 11 7 12 1 1 10 100 12 1 1 9 12 1 1 9 12 1 1 10 100 12 1 1 10 12 1 1 10 12 1 10 100 12 1 1 10 12 1 100 1 10 9 12 1 1 10 12 1 11 100 12 1 1 11 12 1 10 12 1 10 12 1 10 12 1 9 12 1 10 10 12 1 10 12 1 1 9 12 1 9 12 10 12 1 8 1 10 12 1 10 12 1 10 12 1 10 12 1 10 12 1 1 10 12 1 10 12 1 1 10 100 12 1 1 10 12 1 10 12 1 10 12 1 10 12 1 1 9 7 12 1 1 1 8 1 10 9 12 1 10 12 1 100 1 8 1 10 10 12 1 8 1 10 12 1 1 9 12 8 1 10 10 12 1 10 12 1 8 1 10 12 1 10 8 1 9 12 1 1 10 12 1 1 10 10 12 1 10 12 1 100 10 7 12 1 1 1 10 12 1 1 10 12 1 1 10 100 12 1 1 1 11 100 12 1 1 1 10 12 1 1 9 12 1 10 12 1 10 12 1 1 11 100 12 1 1 1 10 12 1 1 1 1 3 1 3 1 3 1 3 1 1 1 1 1 1 1 1 1 1 1 1 1 1 1 1 1 1 1 1 1 1 1 1 1 1 1 100 1 1 1 1 1 1 1 1 1 1 1 1 1 1 1 1 1 1 100 1 1 1 1 1 1 1 1 1 1 1 1 1 1 1 100 1 1 1 1 1 1 1 1 1 1 1 1 1 1 1 1 1 1 1 1 1 1 1 1 1 1 1 1 1 1 1 1 1 1 1 1 1 1 1 1 1 1 1 1 1 1 1 1 1 1 1 1 1 1 1 1 1 1 1 1 1 1 1 1 1 1 1 1 1 1 100 100 1 1 1 1 1 1 1 1 1 1 1 1 1 1 1 1 1 1 1 1 1 1 1 100 1 100 1 100 1 1 1 1 100 1 1 1 1 1 1 1 1 1 1 1 1
staticfield java/lang/Thread NEW_THREAD_BINDINGS Ljava/lang/Object; java/lang/Class
staticfield java/lang/Thread EMPTY_STACK_TRACE [Ljava/lang/StackTraceElement; 0 [Ljava/lang/StackTraceElement;
ciMethod java/lang/Thread terminatingThreadLocals ()Ljava/lang/ThreadLocal$ThreadLocalMap; 0 0 86 0 -1
ciMethod java/lang/Thread threadLocals ()Ljava/lang/ThreadLocal$ThreadLocalMap; 256 0 128 0 0
ciMethod java/lang/Thread setTerminatingThreadLocals (Ljava/lang/ThreadLocal$ThreadLocalMap;)V 2 0 1 0 -1
ciMethod java/lang/Thread setThreadLocals (Ljava/lang/ThreadLocal$ThreadLocalMap;)V 4 0 2 0 -1
ciInstanceKlass java/lang/Runnable 1 0 11 100 1 100 1 1 1 1 1 1 1
ciMethod java/lang/System identityHashCode (Ljava/lang/Object;)I 256 0 128 0 -1
ciMethod java/lang/System currentTimeMillis ()J 256 0 128 0 -1
ciMethod java/lang/System arraycopy (Ljava/lang/Object;ILjava/lang/Object;II)V 256 0 128 0 -1
ciInstanceKlass java/lang/Class 1 1 1652 10 7 12 1 1 1 10 7 12 1 1 9 12 1 1 9 12 1 1 9 12 1 1 9 12 1 1 9 12 1 1 10 12 1 1 8 1 10 12 1 8 1 8 1 10 12 1 1 10 7 12 1 1 1 10 12 1 7 1 10 10 12 1 10 12 1 1 10 12 1 1 10 12 1 1 10 7 12 1 1 10 12 1 10 12 1 10 12 1 1 10 12 1 8 1 10 12 1 8 1 10 12 1 8 1 8 1 10 12 1 1 10 7 12 1 1 1 18 12 1 1 11 7 12 1 1 1 8 1 8 1 8 1 10 7 12 1 1 1 11 12 1 1 8 1 10 12 1 10 10 12 1 1 10 12 1 8 1 10 12 1 1 8 1 10 12 1 10 12 1 1 11 100 12 1 1 1 11 100 12 1 1 1 11 8 1 18 8 1 10 12 1 10 7 12 1 1 10 12 1 1 10 7 12 1 1 1 10 12 1 1 10 12 1 1 10 7 12 1 1 1 10 7 12 1 10 12 1 1 10 7 1 10 12 1 8 1 10 8 1 8 1 8 1 8 1 8 1 8 1 8 1 8 1 9 100 12 1 1 9 100 1 9 100 1 9 100 1 9 100 1 9 100 1 9 100 1 9 100 1 9 100 1 9 12 1 1 100 1 8 1 10 12 1 10 12 1 1 100 1 10 12 1 1 10 7 12 1 1 1 10 7 12 1 1 1 7 1 100 1 10 10 12 1 1 10 12 1 1 100 1 10 100 12 1 1 1 10 12 1 1 10 12 1 1 10 12 9 12 1 1 10 12 1 9 12 1 1 9 12 1 1 10 12 1 1 10 100 1 10 12 1 10 12 1 1 10 9 12 1 10 12 1 8 1 10 12 1 1 10 12 1 1 10 12 1 10 12 1 10 12 1 1 9 7 12 1 1 1 10 12 1 10 7 12 1 1 10 12 1 10 12 1 10 12 1 10 12 1 9 100 12 1 1 1 9 12 1 10 12 1 10 12 1 1 9 12 1 1 10 7 10 12 1 1 10 100 12 1 1 10 12 1 10 12 1 1 10 100 12 1 1 1 10 12 1 10 12 1 1 10 12 1 10 12 1 10 12 1 1 10 7 1 10 10 12 1 1 10 12 1 1 10 12 10 10 12 1 1 100 1 8 1 10 10 12 1 1 10 12 1 100 1 11 12 1 10 12 1 10 12 1 10 100 12 1 1 10 10 12 1 1 8 1 10 12 1 8 1 9 12 1 10 12 1 10 12 1 10 12 1 10 12 100 1 9 12 1 10 12 1 9 12 1 10 12 1 10 12 1 10 12 1 10 10 12 1 10 12 1 10 12 1 10 12 1 10 12 1 10 12 1 7 1 10 10 12 1 10 12 1 11 100 12 1 1 11 12 1 1 10 12 1 1 10 12 1 1 10 12 1 1 10 12 1 1 10 12 1 1 10 12 1 1 100 1 10 10 12 1 1 10 12 1 1 10 12 1 1 10 10 12 1 10 12 1 1 10 12 1 1 10 12 1 1 10 12 1 1 10 12 10 12 1 1 10 7 12 1 1 1 10 12 1 10 12 1 1 10 12 1 10 7 12 1 1 1 10 12 1 1 10 10 12 1 1 100 1 10 10 12 1 1 10 100 12 1 1 1 100 1 100 1 10 12 1 1 10 12 1 10 10 12 1 1 10 12 1 10 12 1 10 12 1 10 100 12 1 1 1 11 100 12 1 1 10 12 1 10 12 1 9 100 12 1 1 8 1 10 12 1 10 12 1 10 12 1 10 12 1 1 9 12 1 9 12 1 1 10 7 12 1 1 9 12 1 10 12 1 1 10 10 12 1 10 7 12 1 1 1 10 100 12 1 1 10 100 12 1 1 9 12 1 1 10 12 1 9 12 1 10 12 1 10 12 1 1 9 12 1 1 9 12 1 10 12 1 10 12 1 1 9 12 1 100 1 10 10 12 1 1 7 1 10 100 11 100 1 9 12 1 1 9 12 1 10 12 1 9 12 1 1 9 12 1 10 12 1 10 12 1 1 9 12 1 100 1 10 10 12 1 1 10 10 12 1 10 12 10 10 12 1 9 12 1 10 12 1 1 10 12 1 8 10 100 8 1 18 8 1 8 1 10 12 1 9 12 1 9 12 1 1 10 12 1 7 1 100 1 10 12 1 9 12 1 1 10 10 12 1 9 12 1 8 1 10 12 1 10 10 12 1 1 100 1 100 1 9 12 1 100 1 8 1 10 10 7 12 1 1 1 10 12 11 7 12 1 1 1 10 12 1 10 12 1 1 10 8 1 10 12 1 8 1 10 12 1 1 9 100 12 1 1 11 12 100 1 11 100 12 1 1 9 12 1 10 100 12 1 1 1 10 100 12 1 1 10 12 1 1 9 12 1 9 10 12 1 1 10 12 1 1 10 12 1 1 10 12 1 1 10 12 1 1 11 12 1 11 12 1 1 11 100 12 1 1 11 12 1 100 1 11 12 1 10 100 12 1 1 1 10 12 1 11 12 1 10 100 12 1 1 1 10 12 1 10 100 12 1 1 1 11 12 1 11 12 1 1 10 12 1 10 12 1 1 9 12 1 1 10 12 1 10 100 12 1 1 1 10 12 1 1 10 12 1 10 12 1 10 12 1 10 7 12 1 1 1 10 12 1 8 1 10 12 1 10 12 1 10 12 1 8 1 8 1 10 7 12 1 1 10 100 12 1 1 100 1 10 12 10 7 12 1 1 1 10 7 12 1 1 1 10 12 1 1 10 12 1 18 12 1 1 11 12 1 1 18 11 12 1 18 12 1 11 12 1 10 12 1 10 12 1 10 12 1 10 12 10 12 1 8 1 10 12 1 7 1 9 12 1 1 100 1 100 1 100 1 100 1 1 1 3 1 3 1 3 1 1 1 1 1 1 1 1 1 5 0 1 1 1 1 1 1 1 1 1 1 1 1 1 1 1 1 1 1 1 1 1 1 1 1 1 1 1 100 1 1 1 1 1 1 1 1 1 1 1 100 1 1 1 1 1 100 1 1 1 1 1 1 1 1 1 1 1 1 1 1 1 1 1 1 1 1 1 1 1 1 1 1 1 1 1 1 1 1 1 1 100 1 1 1 1 1 1 1 1 1 1 1 1 1 1 1 1 1 1 1 1 1 1 1 1 1 1 1 1 1 1 1 100 1 1 1 1 1 1 1 1 1 1 1 1 1 1 1 1 1 1 1 1 1 1 1 1 1 1 1 1 1 1 1 1 1 1 1 1 1 1 1 1 1 1 1 1 1 1 1 1 1 1 1 1 1 1 1 1 1 1 1 1 1 100 1 100 1 1 1 1 1 1 1 1 1 1 1 1 1 1 1 1 1 1 1 1 1 1 1 1 1 1 1 1 1 1 1 1 1 1 1 1 1 1 1 1 1 1 1 1 1 1 1 1 1 1 1 1 1 1 1 1 1 1 1 1 1 1 1 1 1 1 1 1 1 1 1 1 1 1 1 1 1 1 1 1 1 1 1 1 1 1 1 1 1 1 1 1 1 1 1 1 1 1 1 1 1 1 1 1 1 1 1 1 1 1 1 1 1 1 1 1 1 1 1 1 16 15 10 12 16 15 11 12 16 1 15 10 12 16 16 15 10 12 16 15 16 1 15 10 12 16 15 10 7 12 1 1 1 1 1 100 1 1 1 1 1 1 1 1 100 1 1 100 1 100 1 1 100 1 100 1 1
staticfield java/lang/Class EMPTY_CLASS_ARRAY [Ljava/lang/Class; 0 [Ljava/lang/Class;
staticfield java/lang/Class serialPersistentFields [Ljava/io/ObjectStreamField; 0 [Ljava/io/ObjectStreamField;
ciInstanceKlass java/lang/reflect/AnnotatedElement 1 1 165 11 7 12 1 1 1 11 12 1 1 100 1 10 100 12 1 1 1 10 12 1 1 10 12 1 1 10 12 1 10 100 12 1 1 1 11 12 1 1 11 100 12 1 1 10 100 12 1 1 1 10 12 1 10 100 12 1 1 1 18 12 1 1 11 100 12 1 1 18 12 1 18 12 1 1 10 100 12 1 1 1 11 100 12 1 1 1 100 1 10 100 12 1 1 1 1 1 1 1 1 1 1 1 1 1 1 1 1 1 1 1 1 1 1 1 1 1 1 100 1 1 1 1 1 1 1 1 1 1 1 16 15 16 1 16 1 15 11 12 16 16 1 15 10 100 12 1 1 1 16 1 15 10 100 12 1 1 1 1 100 1 100 1 1
ciInstanceKlass java/lang/reflect/Type 1 1 17 11 100 12 1 1 1 100 1 1 1 1 1 1 1 1 1
ciInstanceKlass java/lang/invoke/TypeDescriptor 1 0 17 100 1 100 1 1 1 1 1 1 100 1 100 1 1 1 1
ciInstanceKlass java/lang/invoke/TypeDescriptor$OfField 1 0 21 100 1 100 1 100 1 1 1 1 1 1 1 1 1 1 1 1 1 1 1
ciInstanceKlass java/lang/reflect/GenericDeclaration 1 0 30 100 1 100 1 100 1 1 1 1 1 1 1 1 100 1 8 1 1 12 10 1 1 1 8 1 1 1 8 1
ciInstanceKlass java/lang/Module 1 1 1076 10 7 12 1 1 1 9 7 12 1 1 1 10 7 12 1 1 1 9 12 1 9 12 1 1 9 12 1 1 10 12 1 1 10 12 1 10 12 1 1 10 100 12 1 1 1 100 1 10 7 12 1 1 1 10 12 1 1 11 7 12 1 1 1 10 12 1 1 10 12 1 8 1 10 7 12 1 1 1 10 100 12 1 1 1 10 7 12 1 1 1 10 12 1 1 10 12 1 9 12 1 1 10 7 12 1 1 1 9 7 12 1 1 1 7 1 10 8 1 10 12 1 1 10 12 1 10 12 8 1 10 7 12 1 1 1 10 100 12 1 1 1 10 100 12 1 1 1 8 1 10 12 1 8 1 9 12 1 100 1 8 1 10 12 1 10 8 1 8 1 8 1 10 100 12 1 1 1 8 1 10 100 12 1 1 1 8 1 10 12 1 9 12 1 1 11 12 1 9 7 12 1 1 10 7 12 1 1 1 10 7 12 1 1 1 10 12 1 1 8 1 10 12 1 1 10 12 1 10 12 1 1 9 100 12 1 1 1 10 12 1 1 10 12 1 1 9 12 1 10 12 1 10 12 1 9 12 1 1 11 7 12 1 1 10 12 1 1 9 12 1 9 12 1 10 12 1 10 12 1 100 1 8 1 10 10 12 1 1 10 12 1 8 1 10 12 1 1 8 1 8 1 10 12 1 1 10 12 1 10 12 1 1 10 12 1 18 12 1 1 10 12 1 1 11 12 1 9 12 1 11 12 100 1 10 12 1 18 12 1 11 12 1 1 11 12 1 1 11 12 1 10 12 1 1 10 12 1 1 9 12 1 10 12 10 7 12 1 1 10 7 1 18 12 1 1 11 100 12 1 1 1 18 12 1 11 12 1 1 10 100 12 1 1 1 11 12 1 1 10 100 12 1 1 11 12 1 1 10 12 1 1 100 1 11 12 1 100 1 100 1 10 12 1 10 7 12 1 1 1 10 100 12 1 1 1 10 11 100 12 1 8 1 10 12 1 10 12 1 1 10 100 12 1 1 10 12 1 10 12 1 100 1 10 12 1 10 11 12 1 10 12 11 12 1 1 11 7 12 1 1 11 12 1 1 10 12 1 1 9 12 1 1 100 1 10 10 12 1 1 11 100 1 10 12 1 1 11 12 1 10 11 10 12 1 11 10 12 1 1 10 12 1 1 10 12 1 1 10 100 12 1 1 10 12 1 10 12 1 1 10 10 12 1 1 10 12 1 18 12 1 11 12 1 18 12 1 10 12 1 10 12 1 10 12 100 1 10 12 1 10 12 1 10 12 1 9 12 1 100 1 10 10 10 10 12 1 10 12 1 10 12 1 10 12 1 1 10 12 1 1 10 12 1 9 12 1 10 12 1 100 1 8 1 10 12 1 1 10 12 1 10 100 12 1 1 100 1 10 12 1 1 100 1 8 1 100 1 9 100 12 1 1 1 11 100 12 1 1 10 12 1 1 11 12 1 1 18 12 1 1 11 12 1 1 100 1 10 12 1 10 12 1 1 100 1 100 1 10 12 8 1 10 12 1 1 10 12 1 1 10 7 12 1 1 10 12 1 1 10 12 1 10 12 10 12 1 1 100 1 10 10 12 1 1 10 100 12 1 1 1 100 1 10 100 12 1 1 1 10 100 12 1 1 8 1 18 12 1 1 100 1 100 1 9 12 1 1 9 12 1 9 12 1 11 100 12 1 1 1 100 1 11 12 1 1 100 1 10 12 1 8 1 10 12 1 10 12 10 12 1 8 1 10 10 100 12 1 1 10 12 1 1 100 1 10 10 12 1 10 7 12 1 1 9 12 1 9 12 1 9 12 1 9 12 1 9 12 1 10 12 10 12 1 100 1 1 1 1 1 1 1 1 1 1 1 1 1 1 1 1 1 1 1 1 1 1 1 1 1 1 1 1 1 1 1 1 1 1 1 1 1 1 1 1 1 1 1 1 1 1 1 1 1 1 1 1 1 1 1 1 1 1 1 1 1 1 1 1 1 1 1 1 1 1 1 1 1 1 1 1 1 1 1 1 1 1 1 1 1 1 1 1 1 1 1 1 1 1 1 1 1 1 1 1 1 1 1 1 1 1 1 1 100 100 1 1 1 1 1 1 1 1 1 1 1 1 1 1 1 1 1 1 1 1 1 1 1 1 1 1 100 1 100 1 1 1 1 1 1 1 1 1 1 1 1 1 1 1 1 1 1 100 1 1 1 1 1 1 1 1 1 1 1 1 1 1 1 1 1 1 1 1 1 1 1 1 1 1 1 16 15 10 12 16 15 10 12 16 1 16 15 10 12 16 16 15 10 16 1 15 10 12 16 1 15 10 12 16 1 16 1 15 10 12 16 15 10 100 12 1 1 1 15 10 100 12 1 1 1 1 1 1 1 1 1 1 1 1 1 100 1 100 1 1
staticfield java/lang/Module ALL_UNNAMED_MODULE Ljava/lang/Module; java/lang/Module
staticfield java/lang/Module ALL_UNNAMED_MODULE_SET Ljava/util/Set; java/util/ImmutableCollections$Set12
staticfield java/lang/Module EVERYONE_MODULE Ljava/lang/Module; java/lang/Module
staticfield java/lang/Module EVERYONE_SET Ljava/util/Set; java/util/ImmutableCollections$Set12
staticfield java/lang/Module $assertionsDisabled Z 1
ciInstanceKlass java/lang/StringLatin1 1 1 400 7 1 10 100 12 1 1 1 10 12 1 1 100 1 10 7 12 1 1 1 10 100 12 1 1 1 10 12 1 10 7 12 1 1 1 10 12 1 1 10 7 12 1 1 1 10 7 12 1 1 1 10 12 1 1 10 12 1 1 10 10 12 1 10 12 1 10 9 7 12 1 1 1 10 12 1 1 10 100 12 1 1 1 10 12 10 12 1 1 10 12 1 1 10 12 1 10 12 1 1 10 12 1 10 7 12 1 1 10 12 1 10 12 1 1 9 12 1 1 100 1 10 10 12 1 1 10 7 12 1 1 1 10 12 1 10 12 1 100 1 100 1 8 1 10 12 1 8 1 10 12 1 1 100 1 10 10 12 1 10 7 12 1 1 1 8 1 8 1 8 1 10 12 1 1 10 12 10 100 12 1 1 10 12 1 10 12 1 1 10 12 1 1 10 12 1 1 10 12 1 10 12 10 12 10 12 1 10 12 10 10 12 1 10 12 1 10 12 1 10 100 12 1 1 1 10 100 12 1 1 1 10 12 1 1 10 10 7 12 1 1 1 1 1 1 1 1 1 1 1 1 1 1 1 1 1 1 1 1 1 1 1 1 1 1 1 1 1 1 1 1 1 1 1 1 1 1 1 1 1 1 1 1 1 1 1 1 1 1 1 1 1 1 100 1 1 1 1 1 1 1 1 1 1 1 1 1 1 1 1 1 1 1 1 1 1 1 1 1 1 1 1 1 1 1 1 1 1 1 1 1 1 1 1 1 1 1 100 1 1 1 1 1 1 1 1 1 1 1 1 1 1 1 1 1 1 1 1 1 1 1 100 1 1 1 1 1 1 1 1 1 1 1 1 1 1 1 1 1 1 1 1 1 1 1 1 1 1 1 1 1 1 1 1 100 1 1 1 1
staticfield java/lang/StringLatin1 $assertionsDisabled Z 1
ciInstanceKlass java/lang/Math 1 1 480 7 1 7 1 10 100 12 1 1 1 10 7 12 1 1 1 10 12 1 10 12 1 10 12 1 10 12 1 10 12 1 6 0 6 0 10 12 1 10 12 1 10 12 1 10 12 1 10 12 1 10 12 1 1 10 12 1 10 12 1 10 12 1 10 12 1 10 12 1 10 7 12 1 1 1 100 1 3 3 3 10 12 1 1 100 1 5 0 5 0 5 0 5 0 5 0 9 100 12 1 1 1 10 100 12 1 1 1 100 1 8 1 10 12 1 8 1 10 12 1 1 10 12 1 1 100 1 5 0 5 0 100 1 3 5 0 3 5 0 10 12 1 10 12 1 10 12 1 10 12 1 10 12 1 8 1 10 12 1 8 1 10 12 1 1 10 12 1 1 9 12 1 1 9 12 1 100 1 100 1 10 10 12 1 1 8 1 10 12 1 10 12 1 1 10 10 12 1 10 12 1 10 12 1 10 12 1 1 8 1 8 1 10 12 1 1 10 12 1 10 12 10 12 10 12 1 10 12 1 10 12 1 10 12 1 10 12 6 0 10 12 1 9 12 1 1 100 1 10 10 12 1 100 1 10 12 1 10 12 1 1 10 12 1 10 12 1 10 12 10 12 1 1 10 12 1 1 10 12 1 1 10 12 6 0 10 12 1 1 10 12 10 12 1 4 10 12 1 10 12 1 10 12 10 12 1 10 12 1 10 12 1 10 12 1 10 12 1 10 12 1 5 0 6 0 4 6 0 4 6 0 4 10 12 1 6 0 6 0 10 12 1 10 12 8 1 10 12 1 10 12 1 8 1 8 1 10 12 10 12 10 7 12 1 1 1 4 6 0 1 1 1 6 0 1 6 0 1 6 0 1 1 1 1 1 1 1 1 1 1 1 1 1 1 1 1 1 1 1 1 1 1 1 1 1 1 1 1 1 1 1 1 1 1 1 1 1 1 1 1 1 1 1 1 1 1 1 1 1 1 1 1 1 1 1 1 1 1 1 1 1 1 1 1 1 1 1 1 1 1 1 1 1 1 1 1 1 1 1 1 1 1 1 1 1 1 1 1 1 1 1 1 1 1 1 1 1 1 1
staticfield java/lang/Math negativeZeroFloatBits J -2147483648
staticfield java/lang/Math negativeZeroDoubleBits J -9223372036854775808
staticfield java/lang/Math $assertionsDisabled Z 1
ciInstanceKlass jdk/internal/util/ArraysSupport 1 1 396 7 1 100 1 8 1 10 12 1 1 10 12 1 1 10 100 12 1 1 9 7 12 1 1 1 9 12 1 1 10 7 12 1 1 1 9 12 1 1 10 7 12 1 1 1 9 12 1 10 12 9 12 1 10 12 1 1 10 12 10 12 1 1 10 7 12 1 1 1 9 12 1 1 11 100 12 1 1 1 10 7 12 1 1 1 7 1 10 12 1 1 10 12 1 100 1 10 12 1 10 12 100 1 10 12 1 100 1 10 12 1 100 1 100 1 10 8 1 10 12 1 1 10 12 1 10 12 1 1 10 9 12 1 1 9 12 1 10 12 1 1 9 12 1 9 12 1 9 12 1 9 12 1 9 12 1 9 12 1 9 12 1 10 12 1 1 10 100 12 1 1 1 9 12 1 9 12 1 10 12 1 1 10 12 1 9 12 1 10 12 1 10 100 12 1 1 1 9 12 1 9 12 1 10 12 1 10 12 1 10 7 12 1 1 1 3 10 12 1 100 1 8 1 8 1 8 1 10 10 100 12 1 1 1 11 100 12 1 1 1 10 12 1 10 100 12 1 1 1 10 12 1 1 10 12 1 1 9 12 1 10 12 1 9 12 1 9 12 1 9 12 1 9 12 1 9 12 1 9 12 1 9 12 1 10 7 12 1 1 1 1 1 3 1 3 1 3 1 3 1 3 1 3 1 3 1 3 1 1 1 1 1 1 1 1 1 1 1 1 1 1 1 1 1 1 1 1 1 1 1 1 1 1 1 1 1 1 1 1 1 1 1 1 1 1 1 1 1 1 1 1 1 1 1 1 1 1 1 1 1 1 1 1 1 1 1 1 1 1 1 1 1 1 1 1 1 1 1 1 1 1 1 1 1 1 1 1 1 1 1 100 1 1 1 1
staticfield jdk/internal/util/ArraysSupport U Ljdk/internal/misc/Unsafe; jdk/internal/misc/Unsafe
staticfield jdk/internal/util/ArraysSupport BIG_ENDIAN Z 0
staticfield jdk/internal/util/ArraysSupport LOG2_ARRAY_BOOLEAN_INDEX_SCALE I 0
staticfield jdk/internal/util/ArraysSupport LOG2_ARRAY_BYTE_INDEX_SCALE I 0
staticfield jdk/internal/util/ArraysSupport LOG2_ARRAY_CHAR_INDEX_SCALE I 1
staticfield jdk/internal/util/ArraysSupport LOG2_ARRAY_SHORT_INDEX_SCALE I 1
staticfield jdk/internal/util/ArraysSupport LOG2_ARRAY_INT_INDEX_SCALE I 2
staticfield jdk/internal/util/ArraysSupport LOG2_ARRAY_LONG_INDEX_SCALE I 3
staticfield jdk/internal/util/ArraysSupport LOG2_ARRAY_FLOAT_INDEX_SCALE I 2
staticfield jdk/internal/util/ArraysSupport LOG2_ARRAY_DOUBLE_INDEX_SCALE I 3
staticfield jdk/internal/util/ArraysSupport LOG2_BYTE_BIT_SIZE I 3
staticfield jdk/internal/util/ArraysSupport JLA Ljdk/internal/access/JavaLangAccess; java/lang/System$1
ciInstanceKlass java/lang/CharacterDataLatin1 1 1 142 9 7 12 1 1 1 9 12 1 1 10 12 1 1 10 12 1 10 12 1 1 10 12 1 9 12 1 1 100 1 3 3 3 3 9 12 1 10 7 12 1 1 1 10 9 12 1 1 3 3 3 3 3 3 3 3 3 3 3 3 3 3 3 3 3 3 3 3 3 3 3 3 3 3 3 3 3 3 3 3 3 3 3 1 1 1 1 1 1 1 1 1 1 1 1 1 1 1 1 1 1 1 1 1 1 1 1 1 1 1 1 1 1 1 1 1 1 1 1 1 1 1 1 1 1 1 1 1 1 1 1 1 1 1 1 1 1 100 1 1 1
staticfield java/lang/CharacterDataLatin1 DIGITS [B 256
staticfield java/lang/CharacterDataLatin1 instance Ljava/lang/CharacterDataLatin1; java/lang/CharacterDataLatin1
staticfield java/lang/CharacterDataLatin1 A [I 256
staticfield java/lang/CharacterDataLatin1 B [C 256
instanceKlass java/lang/CharacterDataLatin1
ciInstanceKlass java/lang/CharacterData 1 1 87 10 7 12 1 1 1 10 100 12 1 1 1 9 7 12 1 1 1 9 100 12 1 1 9 100 12 1 1 9 100 1 9 100 1 9 100 1 9 100 1 9 100 1 1 1 1 1 1 1 1 1 1 1 1 1 1 1 1 1 1 1 1 1 1 1 1 1 1 1 1 1 1 1 1 1 1 1 1 1 1 1 1 1 1 1 1
ciMethod java/lang/CharacterDataLatin1 getProperties (I)I 518 0 6615 0 0
ciMethod java/lang/CharacterDataLatin1 getType (I)I 512 0 6400 0 120
ciInstanceKlass java/util/Arrays 1 1 1020 10 7 12 1 1 1 10 100 12 1 1 1 10 7 12 1 1 1 10 12 1 10 12 1 10 12 1 10 12 1 10 12 1 10 12 1 10 100 12 1 1 1 100 1 100 1 10 8 1 10 12 1 1 10 12 1 8 1 8 1 10 12 1 1 10 12 1 100 1 10 12 1 9 100 12 1 1 1 10 7 12 1 1 100 1 10 12 1 1 10 7 12 1 1 10 7 12 1 1 1 100 1 10 12 1 10 12 1 1 7 1 9 7 12 1 1 1 10 12 1 1 10 7 12 1 1 10 12 1 10 12 1 1 10 12 1 10 12 1 1 100 1 11 12 1 1 10 12 1 10 7 12 1 1 1 10 12 10 12 1 10 12 1 10 12 10 12 1 11 7 12 1 1 1 10 7 12 1 1 1 100 1 10 12 1 10 100 1 10 12 1 10 100 1 10 12 1 10 100 1 10 12 1 10 10 12 1 1 10 12 1 10 12 1 10 12 1 10 12 1 10 12 1 10 100 12 1 1 1 10 12 1 10 100 12 1 1 1 10 12 1 10 12 1 10 7 12 1 1 1 10 12 1 10 12 1 10 12 1 10 12 1 10 12 1 10 12 1 10 12 1 10 12 1 10 12 1 10 12 1 10 12 1 10 12 1 10 12 1 10 12 1 10 12 1 10 12 1 1 10 12 1 1 10 7 12 1 1 1 10 7 1 10 100 1 10 7 1 10 100 1 10 100 1 10 7 1 10 100 1 10 100 1 10 12 1 8 1 7 1 10 12 10 100 12 1 1 1 10 12 10 12 1 10 12 1 10 12 1 10 100 12 1 1 10 12 10 12 1 10 12 1 10 12 10 12 1 1 10 12 1 1 9 100 12 1 1 1 10 12 1 9 100 1 10 12 1 9 10 12 1 9 100 1 10 12 1 9 100 1 10 12 1 9 10 12 1 9 10 12 1 10 12 1 10 12 1 9 12 1 100 1 10 10 12 1 1 10 12 1 10 12 1 10 12 1 10 12 1 10 12 1 10 12 1 10 12 1 10 12 1 10 12 1 8 1 8 1 10 12 1 10 12 1 8 1 10 12 1 10 12 1 10 12 1 10 100 12 1 1 1 3 10 100 1 10 10 12 1 1 11 100 12 1 1 10 12 1 1 10 12 1 10 12 1 10 12 1 10 12 1 10 12 1 10 12 1 10 12 1 10 12 1 11 12 1 8 1 10 11 12 1 11 100 12 1 1 1 11 100 12 1 1 1 11 12 1 1 18 12 1 1 11 12 1 1 11 100 12 1 1 1 18 12 1 11 100 12 1 1 1 18 12 1 11 100 12 1 1 1 18 12 1 100 1 10 7 12 1 1 1 10 12 1 10 12 1 10 12 1 10 12 1 10 12 1 10 12 1 10 12 1 10 12 1 1 10 12 1 10 7 12 1 1 10 12 1 10 12 1 10 12 1 1 10 12 1 10 12 1 10 12 1 1 10 12 1 10 12 1 10 12 1 1 10 12 1 10 12 1 10 12 1 10 12 1 10 12 10 12 1 10 12 10 12 10 12 1 10 12 10 12 1 10 12 1 10 12 1 1 1 1 3 1 3 1 1 1 1 1 1 1 1 1 1 1 1 1 1 1 1 1 1 1 1 1 1 1 1 1 1 1 1 1 1 1 1 1 1 1 1 1 1 1 1 1 1 1 1 1 1 1 1 1 1 1 1 1 1 1 1 1 1 1 1 1 1 1 1 1 1 1 1 1 1 1 1 1 1 1 1 1 1 1 1 1 1 1 1 1 1 1 1 1 1 1 1 1 1 1 1 1 1 1 1 1 1 1 1 1 1 1 1 1 1 1 1 1 1 1 1 1 1 1 1 1 1 1 1 1 1 1 1 1 1 1 1 1 1 1 1 1 1 1 1 1 1 1 1 1 1 1 1 1 1 1 1 1 1 1 1 1 1 1 1 1 1 1 1 1 1 1 1 1 1 1 1 1 1 1 1 1 1 1 1 1 1 1 1 1 1 1 1 1 1 1 1 1 1 1 1 1 1 1 1 1 1 1 1 1 1 1 1 1 1 1 1 1 1 1 1 1 1 1 1 1 1 1 1 1 1 1 1 1 1 1 1 1 1 1 1 1 1 1 1 1 1 1 1 1 1 1 1 1 1 1 1 1 1 1 1 1 1 1 1 100 1 1 16 15 10 12 15 10 12 15 10 12 15 10 12 15 10 100 12 1 1 1 1 1 100 1 100 1 1 1 1 100 1 1 1 1 1 1 100 1 1 100 1 1 100 1 1 1 100 1 100 1 1
staticfield java/util/Arrays $assertionsDisabled Z 1
ciMethod java/lang/StringLatin1 equals ([B[B)Z 440 768 3087 0 -1
ciMethod java/lang/StringLatin1 hashCode ([B)I 154 0 4429 0 0
ciMethod java/lang/StringLatin1 inflate ([BI[CII)V 256 7688 1375 0 -1
ciMethod java/lang/StringLatin1 getChars ([BII[CI)V 512 0 987 0 -1
ciMethod java/lang/StringLatin1 toChars ([B)[C 498 0 1558 0 0
ciMethod java/lang/StringLatin1 charAt ([BI)C 1024 0 29655 0 0
ciInstanceKlass java/lang/StringUTF16 1 1 603 100 1 7 1 10 100 12 1 1 1 10 7 12 1 1 1 100 1 10 3 100 1 100 1 10 8 1 10 12 1 1 10 12 1 8 1 10 12 1 1 10 12 1 9 12 1 1 10 12 1 1 100 1 8 1 10 12 1 9 12 1 1 9 12 1 10 10 12 1 1 10 12 1 1 10 100 12 1 1 1 10 12 1 10 12 1 1 10 12 1 1 10 12 1 1 10 12 1 1 10 12 1 10 12 1 1 10 12 1 1 10 12 1 1 10 12 1 1 10 12 1 1 10 12 1 10 100 12 1 1 1 10 12 1 1 10 100 12 1 1 1 10 12 1 1 10 12 1 10 12 1 1 10 12 1 1 10 12 1 1 10 12 1 10 12 1 100 1 10 12 1 10 10 12 1 10 12 1 1 10 12 1 10 100 12 1 1 1 10 12 1 1 10 12 10 12 1 1 10 12 1 10 12 1 1 10 12 1 10 12 1 10 12 1 10 12 1 10 100 12 1 1 1 3 10 12 1 10 12 1 10 12 1 10 12 1 10 12 1 10 12 1 1 9 12 1 10 12 1 10 12 10 12 1 1 10 12 1 10 12 1 10 12 1 10 10 12 10 12 10 10 12 1 1 10 12 1 10 12 1 10 12 1 100 1 8 1 8 1 10 12 1 1 100 1 10 10 100 12 1 1 1 10 100 12 1 1 8 1 8 1 8 1 10 12 1 1 10 12 1 1 10 12 10 100 12 1 1 10 12 1 1 10 12 1 1 10 12 1 10 12 10 12 10 12 1 10 12 10 12 1 10 12 1 10 12 1 10 12 1 10 100 12 1 1 1 10 100 12 1 1 1 10 12 1 1 11 100 12 1 1 10 12 1 1 10 12 1 10 12 10 12 10 7 12 1 1 1 10 7 12 1 1 1 10 12 1 1 1 1 1 1 1 1 1 1 1 1 1 1 1 1 1 1 1 1 1 1 1 1 1 1 1 1 1 1 100 1 1 1 1 1 1 1 1 1 1 1 1 1 1 1 1 1 1 1 1 1 1 1 1 1 1 1 1 1 1 1 1 1 1 1 1 1 1 1 1 1 1 1 1 1 1 1 1 1 1 1 1 1 1 1 1 1 1 1 1 1 1 1 1 1 1 1 1 1 1 1 1 1 1 1 1 1 1 1 1 1 1 1 1 1 1 1 1 1 100 1 1 1 1 1 1 1 1 1 1 1 1 1 1 1 1 1 100 1 1 1 1 1 1 1 1 1 1 1 1 1 1 1 1 1 1 1 1 1 1 1 1 1 1 1 1 1 1 1 1 1 1 1 1 1 1 1 1 1 1 1 1 1 1 1 1 1 100 1 100 1 1 1 1 1
staticfield java/lang/StringUTF16 HI_BYTE_SHIFT I 0
staticfield java/lang/StringUTF16 LO_BYTE_SHIFT I 8
staticfield java/lang/StringUTF16 $assertionsDisabled Z 1
ciInstanceKlass jdk/internal/misc/Unsafe 1 1 1248 10 7 12 1 1 1 10 7 12 1 1 9 12 1 1 9 12 1 1 10 12 1 1 10 7 12 1 1 1 10 12 1 1 10 12 1 1 10 12 1 1 10 12 1 1 10 12 1 1 10 12 1 1 10 12 1 1 10 12 1 1 10 12 1 1 10 12 1 1 10 12 1 1 10 12 1 1 10 12 1 1 10 12 1 10 12 1 100 1 10 10 12 1 1 10 12 1 1 5 0 10 12 1 1 10 12 1 1 10 7 12 1 1 1 10 12 1 1 10 12 1 10 12 1 10 12 1 1 10 12 1 1 10 12 1 10 12 1 100 1 100 1 10 8 1 10 12 1 1 10 12 1 8 1 10 12 1 1 10 12 1 10 12 1 10 12 1 1 10 12 1 10 12 1 1 10 12 1 1 10 12 1 10 12 1 10 12 1 10 12 1 1 10 12 1 10 12 1 10 12 1 1 10 12 1 5 0 5 0 5 0 10 12 1 10 12 1 10 12 1 10 12 1 10 12 1 10 12 1 10 12 1 10 12 1 10 12 1 1 10 12 1 10 12 1 100 1 8 1 10 100 1 10 10 12 1 1 10 12 1 1 10 12 1 10 12 1 1 10 12 1 1 10 12 1 10 12 1 1 10 12 1 9 7 12 1 1 9 12 1 100 1 10 10 12 1 1 8 1 10 8 1 8 1 10 12 1 1 9 7 12 1 1 1 9 100 1 9 7 1 9 7 1 9 9 100 1 9 100 1 9 100 1 10 12 1 1 10 12 1 1 10 12 1 1 10 12 1 1 5 0 5 0 9 12 1 1 10 12 1 10 12 1 10 12 1 1 10 12 1 1 10 12 1 8 1 3 10 12 1 1 10 12 1 1 10 12 1 10 12 1 1 10 12 1 1 10 12 1 10 12 1 10 12 1 10 12 1 10 12 1 10 12 1 1 10 12 1 1 10 12 1 10 12 1 10 12 1 10 12 1 10 12 1 10 12 1 1 10 12 1 1 10 12 1 10 12 1 10 12 1 10 12 1 10 12 1 10 12 1 1 10 12 1 1 10 12 1 1 10 12 1 1 10 12 1 10 12 1 10 12 1 10 12 1 10 12 1 10 12 1 10 12 1 1 10 12 1 1 10 12 1 10 12 1 10 12 1 10 12 1 10 12 1 10 12 1 10 12 1 1 10 12 1 1 10 12 1 10 12 1 10 12 1 10 12 1 10 12 1 10 12 1 10 12 1 10 12 1 1 10 12 1 10 12 1 10 12 1 10 12 1 10 12 1 1 10 12 1 10 12 1 10 12 1 10 12 1 10 12 1 10 12 1 10 12 1 10 12 1 1 10 12 1 10 12 1 10 12 1 10 12 1 10 12 1 10 12 1 1 10 12 1 10 12 1 10 12 1 1 10 12 1 10 12 1 10 12 1 10 12 1 10 12 1 10 12 1 10 12 1 10 12 1 10 12 1 10 12 1 10 12 1 10 12 1 10 12 1 10 12 1 10 12 1 10 12 1 10 12 1 10 12 1 10 12 1 10 12 1 10 12 1 10 12 1 10 12 1 100 1 10 100 1 10 9 12 1 5 0 10 12 1 1 5 0 10 12 1 5 0 10 12 1 10 12 1 10 12 1 1 10 12 1 1 10 12 1 10 12 1 10 12 1 10 12 1 1 10 12 1 10 12 1 10 12 1 10 12 1 10 12 1 1 10 12 1 10 12 1 10 12 1 10 12 1 1 10 12 1 10 12 1 10 12 1 1 10 12 1 10 12 1 10 12 1 10 12 1 1 10 12 1 10 10 12 1 1 10 12 1 10 12 1 1 10 12 1 10 12 5 0 5 0 5 0 10 12 1 1 10 12 1 10 12 1 10 12 10 100 12 1 1 8 1 100 1 11 12 1 1 8 1 11 12 1 1 10 100 12 1 1 10 12 1 10 7 1 10 12 1 1 9 12 1 1 7 1 9 12 1 7 1 9 12 1 7 1 9 12 1 7 1 9 12 1 7 1 9 12 1 7 1 9 12 1 7 1 9 12 1 7 1 9 12 1 10 12 1 9 12 1 9 12 1 9 12 1 9 12 1 9 12 1 9 12 1 9 12 1 9 12 1 9 12 1 9 12 1 1 1 5 0 1 1 1 1 1 1 1 1 1 1 1 1 1 1 1 1 1 1 1 1 1 1 1 1 1 1 1 1 1 1 1 1 1 1 1 1 1 1 1 1 1 1 1 1 1 1 1 1 1 1 1 1 1 1 1 1 1 1 1 1 1 1 1 1 1 1 1 1 1 1 1 1 1 1 1 1 1 1 1 1 1 1 1 1 1 1 1 1 1 1 100 1 1 1 1 1 1 1 1 1 1 1 1 1 1 1 1 1 1 1 1 1 1 1 1 1 1 1 1 1 1 1 1 1 1 1 1 1 1 1 1 1 1 1 1 1 1 1 1 1 1 1 1 1 1 1 1 1 1 1 1 1 1 1 1 1 1 1 1 1 1 1 1 1 1 1 1 1 1 1 1 1 1 1 1 1 1 1 1 1 1 1 1 1 1 1 1 1 1 1 1 1 1 1 1 1 1 1 1 1 1 1 1 1 1 1 1 1 1 1 1 1 1 1 1 1 1 1 1 1 1 1 1 1 1 1 1 1 1 1 1 1 1 1 1 1 1 1 1 1 1 1 1 1 1 1 1 1 1 1 1 1 1 1 1 1 1 1 1 1 1 1 1 1 1 1 1 1 1 1 1 1 1 1 1 1 1 1 1 1 1 1 1 1 1 1 1 1 1 1 1 1 1 1 1 1 1 1 1 1 1 1 1 1
staticfield jdk/internal/misc/Unsafe theUnsafe Ljdk/internal/misc/Unsafe; jdk/internal/misc/Unsafe
staticfield jdk/internal/misc/Unsafe ARRAY_BOOLEAN_BASE_OFFSET J 16
staticfield jdk/internal/misc/Unsafe ARRAY_BYTE_BASE_OFFSET J 16
staticfield jdk/internal/misc/Unsafe ARRAY_SHORT_BASE_OFFSET J 16
staticfield jdk/internal/misc/Unsafe ARRAY_CHAR_BASE_OFFSET J 16
staticfield jdk/internal/misc/Unsafe ARRAY_INT_BASE_OFFSET J 16
staticfield jdk/internal/misc/Unsafe ARRAY_LONG_BASE_OFFSET J 16
staticfield jdk/internal/misc/Unsafe ARRAY_FLOAT_BASE_OFFSET J 16
staticfield jdk/internal/misc/Unsafe ARRAY_DOUBLE_BASE_OFFSET J 16
staticfield jdk/internal/misc/Unsafe ARRAY_OBJECT_BASE_OFFSET J 16
staticfield jdk/internal/misc/Unsafe ARRAY_BOOLEAN_INDEX_SCALE I 1
staticfield jdk/internal/misc/Unsafe ARRAY_BYTE_INDEX_SCALE I 1
staticfield jdk/internal/misc/Unsafe ARRAY_SHORT_INDEX_SCALE I 2
staticfield jdk/internal/misc/Unsafe ARRAY_CHAR_INDEX_SCALE I 2
staticfield jdk/internal/misc/Unsafe ARRAY_INT_INDEX_SCALE I 4
staticfield jdk/internal/misc/Unsafe ARRAY_LONG_INDEX_SCALE I 8
staticfield jdk/internal/misc/Unsafe ARRAY_FLOAT_INDEX_SCALE I 4
staticfield jdk/internal/misc/Unsafe ARRAY_DOUBLE_INDEX_SCALE I 8
staticfield jdk/internal/misc/Unsafe ARRAY_OBJECT_INDEX_SCALE I 4
staticfield jdk/internal/misc/Unsafe ADDRESS_SIZE I 8
ciMethod java/lang/StringUTF16 length ([B)I 6 0 8 0 -1
ciMethod java/lang/StringUTF16 hashCode ([B)I 0 0 1 0 -1
ciMethod java/lang/StringUTF16 getChars ([BII[CI)V 14 1304 7 0 -1
ciMethod java/lang/StringUTF16 getChar ([BI)C 1024 0 654 0 -1
ciMethod java/lang/StringUTF16 checkBoundsOffCount (II[B)V 14 0 7 0 -1
ciMethod java/lang/StringUTF16 toChars ([B)[C 14 0 7 0 -1
ciMethod java/lang/StringUTF16 charAt ([BI)C 2 0 1 0 -1
ciInstanceKlass java/lang/Thread$FieldHolder 1 1 55 10 7 12 1 1 1 9 7 12 1 1 1 9 12 1 1 9 12 1 1 9 12 1 1 9 12 1 1 1 1 1 1 1 1 1 1 1 1 100 1 100 1 1 1 1 100 1 1 1 100 1 100 1 1
ciInstanceKlass java/lang/Thread$Constants 0 0 47 100 1 10 100 12 1 1 1 10 12 1 1 10 12 1 1 10 100 12 1 1 8 1 10 12 1 9 100 12 1 1 1 1 1 1 1 1 1 1 1 1 1 1 1 1 1
ciInstanceKlass java/lang/ThreadGroup 1 1 380 10 7 12 1 1 1 9 7 12 1 1 1 8 1 9 12 1 1 100 1 9 12 1 1 9 12 1 1 10 7 12 1 1 1 10 12 1 1 10 12 1 10 12 1 1 10 12 1 1 10 12 1 10 12 1 10 12 1 10 100 12 1 1 1 10 12 1 1 18 12 1 1 11 100 12 1 1 1 10 12 1 1 10 12 1 1 10 12 1 1 10 100 12 1 1 1 10 12 1 11 12 1 1 11 100 12 1 1 11 12 1 1 10 12 1 1 10 12 1 10 12 1 11 12 1 11 12 1 1 10 12 1 100 1 10 18 12 1 1 11 100 12 1 1 1 11 12 1 1 9 100 12 1 1 1 10 12 1 1 8 1 10 100 12 1 1 1 10 100 12 1 1 1 10 12 1 1 11 12 10 12 1 1 10 12 1 1 11 100 1 9 12 1 100 1 10 8 1 10 12 1 1 10 12 1 1 8 1 10 12 1 10 100 12 1 1 1 10 12 1 1 10 7 1 8 1 10 8 1 10 12 1 10 12 1 8 1 9 12 1 1 9 12 1 10 100 12 1 1 1 100 9 12 1 1 7 1 9 12 1 10 12 10 12 1 1 100 10 12 9 12 1 10 12 1 100 1 10 100 1 10 10 12 1 10 12 1 1 1 1 1 1 1 1 1 1 1 1 1 1 1 1 3 1 1 1 1 1 1 1 1 1 1 1 100 1 1 1 1 1 1 1 1 1 1 1 1 1 1 1 1 1 1 1 1 1 1 1 1 1 1 1 1 1 1 1 1 1 1 1 1 1 1 1 1 16 15 10 12 16 16 15 10 12 16 15 10 100 12 1 1 1 1 1 100 1 100 1 1
staticfield java/lang/ThreadGroup $assertionsDisabled Z 1
ciInstanceKlass java/lang/Thread$UncaughtExceptionHandler 1 0 16 100 1 100 1 1 1 1 1 1 1 1 100 1 1 1
instanceKlass java/lang/ThreadBuilders$BoundVirtualThread
instanceKlass java/lang/VirtualThread
ciInstanceKlass java/lang/BaseVirtualThread 0 0 36 10 100 12 1 1 1 100 1 1 1 1 1 1 1 1 1 1 1 1 1 1 1 1 1 1 1 1 100 1 100 1 1 100 1 1
ciInstanceKlass java/lang/VirtualThread 0 0 930 9 100 12 1 1 1 9 12 1 1 10 100 12 1 1 1 10 100 12 1 1 1 10 100 12 1 1 1 9 12 1 1 100 1 10 12 1 9 12 1 1 18 12 1 1 9 12 1 1 10 12 1 1 100 1 10 12 1 10 12 1 1 10 12 1 1 10 12 1 10 12 1 1 9 12 1 1 10 12 1 10 100 12 1 10 12 1 10 12 1 10 12 1 10 12 1 9 12 1 1 11 100 12 1 1 1 10 10 12 1 11 100 12 1 1 1 10 12 1 100 1 10 12 1 1 100 1 9 12 1 1 5 0 10 100 12 1 1 1 9 12 1 100 1 100 1 10 10 100 12 1 1 1 10 100 12 1 1 1 10 12 1 1 10 12 1 10 12 1 1 10 12 1 10 12 10 12 1 100 1 10 10 12 1 10 12 1 1 9 12 1 1 10 12 1 1 9 12 1 1 10 12 1 9 12 1 10 100 12 1 1 10 9 10 10 12 1 1 10 12 1 1 10 100 12 1 1 10 100 1 10 9 10 100 1 10 12 1 1 10 12 1 10 10 12 1 1 9 12 1 10 12 1 10 12 1 9 12 1 1 10 12 1 10 12 1 10 12 1 1 9 12 1 1 10 12 1 10 12 1 1 10 12 1 10 12 1 1 9 12 1 18 9 100 12 1 1 1 10 12 1 1 9 12 1 10 12 1 10 12 1 1 10 12 1 9 12 1 1 18 12 1 9 12 1 9 12 1 10 12 9 12 1 1 10 100 12 1 1 10 12 1 10 12 1 1 10 100 12 1 1 10 12 1 100 1 8 1 10 12 1 10 12 1 1 10 12 1 10 12 1 10 12 1 10 100 12 1 1 10 12 1 10 12 1 10 12 1 10 12 1 10 100 12 1 1 8 1 10 12 1 10 12 1 10 12 1 10 12 1 1 10 12 1 10 12 10 12 10 12 1 100 1 10 10 12 1 10 12 1 1 10 12 1 1 10 12 1 10 12 1 10 12 1 1 10 12 1 1 11 100 12 1 1 11 12 1 10 12 9 100 12 1 1 1 9 12 1 10 12 1 1 9 12 1 9 12 1 9 12 1 9 12 1 100 1 10 10 12 1 1 10 12 1 100 1 100 1 10 8 1 10 12 1 1 10 12 1 10 12 1 10 10 12 1 8 1 10 10 12 1 10 12 1 10 100 12 1 1 8 1 8 1 10 12 1 1 10 10 9 100 12 1 1 1 10 12 1 1 10 12 1 10 10 12 9 12 1 10 12 1 1 10 12 1 9 12 1 10 12 1 1 9 12 1 10 12 1 1 9 12 1 10 12 1 1 18 12 1 1 8 1 10 12 1 1 8 1 8 1 10 100 12 1 1 1 10 100 12 1 1 1 10 12 1 10 12 1 1 10 12 1 18 12 1 1 18 12 1 1 5 0 9 12 1 10 12 1 10 12 1 10 100 1 10 12 1 1 9 12 1 9 12 1 1 10 12 1 1 10 12 1 10 12 10 12 1 1 10 100 12 1 1 10 12 1 1 100 1 8 1 10 10 12 1 8 10 12 1 1 8 8 9 12 1 8 8 10 12 1 10 12 1 1 8 1 18 12 1 10 100 12 1 1 10 12 1 10 12 1 3 1 3 1 3 1 3 1 3 1 3 1 3 1 3 1 3 1 3 1 3 1 3 1 3 3 1 3 3 1 3 3 1 3 3 1 3 1 1 1 1 1 1 1 1 1 1 1 1 1 1 1 1 1 100 1 1 1 1 1 1 1 1 1 1 1 1 1 1 1 1 1 1 1 1 100 1 1 1 1 1 1 1 1 1 1 1 1 1 1 1 1 1 1 1 1 1 1 1 1 1 1 1 1 1 1 1 1 1 100 1 1 1 1 1 1 1 1 1 1 1 1 1 1 1 1 1 1 1 1 1 1 1 1 1 1 1 100 1 1 1 1 1 1 1 1 1 1 1 1 1 1 1 1 1 1 1 1 1 1 100 1 1 16 15 10 12 15 10 12 15 10 12 16 15 10 12 16 15 10 12 16 15 10 12 16 15 10 12 15 10 100 12 1 1 1 1 1 1 1 100 1 1 1 100 1 100 1 1
ciInstanceKlass java/lang/ThreadBuilders$BoundVirtualThread 0 0 132 10 100 12 1 1 1 9 100 12 1 1 1 10 100 12 1 1 1 9 12 1 1 10 12 1 1 10 12 1 1 9 12 1 1 10 100 12 1 1 1 10 12 1 1 100 1 8 1 10 12 1 10 12 1 1 10 12 1 1 10 12 1 1 10 100 12 1 1 1 8 1 10 12 1 8 1 10 12 1 1 10 100 12 1 1 9 100 12 1 1 1 10 12 1 1 10 10 12 1 1 1 1 1 1 1 1 1 1 1 1 1 1 1 1 1 1 1 1 1 1 1 1 1 1 1 1 100 1 1 1 1
instanceKlass java/lang/Exception
instanceKlass java/lang/Error
ciInstanceKlass java/lang/Throwable 1 1 403 10 7 12 1 1 1 9 7 12 1 1 1 9 12 1 1 9 12 1 9 12 1 1 9 12 1 10 12 1 1 9 12 1 1 10 12 1 1 10 100 12 1 1 1 9 12 1 1 10 12 1 1 10 12 1 100 1 100 1 10 8 1 10 12 1 1 8 1 10 100 12 1 1 10 10 12 1 100 1 8 1 10 10 7 12 1 1 10 12 1 8 1 9 100 12 1 1 1 10 12 1 1 100 1 10 12 10 12 1 100 1 10 10 7 12 1 1 1 11 100 12 1 1 1 10 100 12 1 1 1 10 12 1 1 10 12 1 1 8 1 10 12 1 10 12 1 1 8 1 8 1 10 12 1 1 10 12 1 8 1 8 1 9 12 1 10 100 12 1 1 100 1 10 11 12 1 8 1 8 1 10 7 12 1 1 8 1 10 12 1 8 1 100 1 10 12 1 9 12 1 1 10 12 1 10 100 12 1 9 12 1 1 10 12 1 1 100 1 8 1 10 12 1 10 100 12 1 1 10 12 1 1 100 1 10 100 12 1 1 1 10 12 1 11 100 12 1 1 1 11 100 12 1 1 1 11 12 1 8 1 10 12 1 1 8 1 10 10 9 100 12 1 1 1 8 1 10 12 1 1 11 10 100 1 8 1 10 11 12 1 1 8 1 9 12 1 10 100 12 1 1 11 9 12 1 1 11 12 1 1 100 10 12 1 10 12 1 1 100 1 1 1 1 5 0 1 1 1 1 1 1 1 1 1 1 1 1 100 1 1 1 1 1 1 1 1 1 1 1 1 1 1 1 1 1 1 1 1 1 1 1 1 1 1 1 1 1 1 1 1 1 1 1 1 1 1 1 1 1 1 1 100 1 100 1 1 1 1 1 1 1 1 1 1 1 1 1 1 1 1 1 1
staticfield java/lang/Throwable UNASSIGNED_STACK [Ljava/lang/StackTraceElement; 0 [Ljava/lang/StackTraceElement;
staticfield java/lang/Throwable SUPPRESSED_SENTINEL Ljava/util/List; java/util/Collections$EmptyList
staticfield java/lang/Throwable EMPTY_THROWABLE_ARRAY [Ljava/lang/Throwable; 0 [Ljava/lang/Throwable;
staticfield java/lang/Throwable $assertionsDisabled Z 1
ciInstanceKlass jdk/internal/vm/ContinuationScope 0 0 50 10 100 12 1 1 1 10 100 12 1 1 1 100 1 9 100 12 1 1 1 10 12 1 1 10 100 12 1 1 1 10 12 1 1 10 12 1 1 1 1 1 1 1 1 1 1 1 1 1
ciInstanceKlass jdk/internal/vm/StackChunk 1 1 32 10 100 12 1 1 1 9 100 12 1 1 1 9 12 1 1 9 12 1 1 1 1 1 1 1 1 1 1 1 1 1
ciInstanceKlass java/lang/Boolean 1 1 146 10 7 12 1 1 1 9 7 12 1 1 1 10 12 1 1 10 12 1 8 1 10 7 12 1 1 9 12 1 1 9 12 1 10 12 1 1 10 12 1 1 10 12 1 1 10 12 1 10 7 12 1 1 1 10 12 1 1 9 100 12 1 1 9 12 10 100 12 1 1 1 10 12 1 1 8 1 10 7 12 1 1 1 9 12 1 1 100 1 100 1 100 1 1 1 1 1 1 5 0 1 1 1 1 1 1 1 1 1 1 1 1 1 1 1 1 1 1 1 1 1 1 1 1 1 1 1 1 1 1 1 1 1 1 1 100 1 1 1 1 1 1 1 1 1
staticfield java/lang/Boolean TRUE Ljava/lang/Boolean; java/lang/Boolean
staticfield java/lang/Boolean FALSE Ljava/lang/Boolean; java/lang/Boolean
staticfield java/lang/Boolean TYPE Ljava/lang/Class; java/lang/Class
ciInstanceKlass java/lang/Character 1 1 603 7 1 100 1 100 1 9 12 1 1 8 1 9 12 1 1 100 1 9 12 1 1 10 100 12 1 1 1 10 100 12 1 1 1 10 100 12 1 1 1 10 7 12 1 1 1 9 7 12 1 1 1 10 12 1 10 12 1 1 10 12 1 1 10 100 12 1 1 10 12 1 1 3 3 3 3 3 10 12 1 1 10 12 1 3 11 7 12 1 1 1 11 12 1 1 10 12 1 1 10 12 1 1 100 1 10 10 12 1 3 10 12 1 1 10 12 1 10 12 1 1 100 1 8 1 10 12 1 1 10 12 1 10 12 1 10 12 1 10 100 12 1 1 1 10 12 1 10 12 1 10 12 1 1 10 12 1 10 7 12 1 1 10 10 12 1 10 10 12 1 10 12 1 1 10 12 1 10 10 12 1 10 12 1 10 12 1 10 12 1 10 12 1 10 12 1 10 12 1 10 12 10 10 12 10 10 12 1 10 10 12 1 10 10 12 1 10 10 12 1 10 12 1 10 12 1 10 12 1 10 12 1 10 12 1 10 12 1 10 10 12 1 10 10 12 1 10 10 12 1 1 10 10 12 1 10 5 0 10 12 1 10 12 1 10 10 12 1 10 10 12 1 1 10 10 12 1 10 10 12 1 9 12 1 1 100 1 10 10 12 1 10 12 1 1 3 10 100 12 1 1 1 10 12 1 10 100 12 1 1 100 1 10 10 12 1 1 10 12 1 1 10 12 1 1 8 1 10 12 1 9 100 12 1 1 1 10 12 1 10 10 12 1 10 12 1 1 10 12 1 10 10 12 1 1 10 10 12 1 1 100 1 8 1 10 12 1 1 10 7 12 1 1 1 8 1 10 12 1 1 9 12 1 1 100 1 100 1 100 1 1 1 1 3 1 3 1 3 1 3 1 1 1 1 1 3 1 1 3 1 3 1 3 1 3 1 3 1 3 1 3 1 3 1 3 1 3 1 3 1 3 1 3 1 3 1 3 1 3 1 3 1 3 1 3 1 3 1 3 1 3 1 3 1 3 1 3 1 3 1 3 1 3 1 1 1 1 1 1 1 1 1 1 1 1 1 1 1 1 1 1 1 3 1 1 1 1 1 1 1 3 1 1 3 1 1 1 1 1 3 1 1 5 0 1 1 1 1 1 1 1 1 1 1 1 1 1 1 1 1 1 1 1 1 1 1 1 1 1 1 1 1 1 1 1 1 1 1 1 1 1 1 1 1 1 1 1 1 1 1 1 1 1 1 1 1 1 1 1 1 1 1 1 1 1 1 1 1 1 1 1 1 1 1 1 1 1 1 1 1 1 1 1 1 1 1 1 1 1 1 1 1 1 100 1 100 1 1 1 1 1 1
staticfield java/lang/Character TYPE Ljava/lang/Class; java/lang/Class
staticfield java/lang/Character $assertionsDisabled Z 1
ciMethod java/lang/Character getType (I)I 512 0 13914 0 0
ciMethod java/lang/Character isSpaceChar (C)Z 546 0 1546 0 0
ciMethod java/lang/Character isSpaceChar (I)Z 546 0 1546 0 0
ciInstanceKlass java/lang/Float 1 1 277 7 1 100 1 10 100 12 1 1 1 10 100 12 1 1 1 4 100 1 10 12 1 1 10 12 1 1 8 1 8 1 10 100 12 1 1 1 10 12 1 1 10 12 1 1 10 100 1 4 10 7 12 1 1 9 12 1 1 10 12 1 1 10 12 1 10 10 12 1 1 10 12 1 10 12 1 3 3 100 1 4 4 4 3 10 12 1 1 9 12 1 1 100 1 10 3 3 4 4 10 12 1 3 3 3 10 12 1 1 10 12 1 1 10 12 1 10 100 12 1 1 1 10 12 1 1 10 12 1 1 10 7 12 1 1 1 8 1 10 12 1 1 9 12 1 1 100 1 100 1 100 1 1 1 1 4 1 4 1 1 1 4 1 1 3 1 3 1 3 1 3 1 3 1 1 1 1 5 0 1 1 1 1 1 1 1 1 1 1 100 1 1 1 1 1 1 1 1 1 1 1 1 1 1 1 1 1 1 1 1 1 1 1 1 1 1 1 1 1 1 1 1 1 1 1 1 1 1 1 1 1 1 1 1 1 1 1 1 1 1 1 1 1 1 1 1 1 1 1 1 1 1 1 1 1 1 1 1 1 1 1 1 1 100 1 1 1 1 1 1 1 100 1 100 1 1
staticfield java/lang/Float TYPE Ljava/lang/Class; java/lang/Class
staticfield java/lang/Float $assertionsDisabled Z 1
instanceKlass java/util/concurrent/atomic/AtomicLong
instanceKlass java/util/concurrent/atomic/AtomicInteger
instanceKlass java/lang/Long
instanceKlass java/lang/Integer
instanceKlass java/lang/Short
instanceKlass java/lang/Byte
instanceKlass java/lang/Double
instanceKlass java/lang/Float
ciInstanceKlass java/lang/Number 1 1 37 10 7 12 1 1 1 10 100 12 1 1 1 100 1 1 1 1 5 0 1 1 1 1 1 1 1 1 1 1 1 1 1 1 1 1 1
ciMethod java/lang/Float valueOf (F)Ljava/lang/Float; 512 0 4661 0 -1
ciInstanceKlass java/lang/Double 1 1 288 7 1 100 1 10 100 12 1 1 1 10 12 1 1 10 100 1 10 12 1 1 10 100 12 1 1 1 6 0 8 1 10 12 1 1 8 1 10 12 1 1 8 1 6 0 10 12 1 1 100 1 5 0 5 0 8 1 8 1 10 100 12 1 1 1 10 100 12 1 1 1 8 1 10 12 1 1 8 1 8 1 8 1 10 12 1 1 10 12 1 10 12 1 1 10 12 1 10 12 1 10 12 1 1 10 12 1 10 100 1 6 0 10 7 12 1 1 9 12 1 1 10 12 1 10 12 1 10 12 1 10 12 1 10 12 1 5 0 10 12 1 1 10 12 1 10 12 1 10 100 12 1 1 1 10 12 1 1 10 12 1 1 8 1 10 7 12 1 1 1 9 12 1 1 100 1 100 1 100 1 1 1 6 0 1 6 0 1 6 0 1 1 1 6 0 1 1 3 1 3 1 3 1 3 1 3 1 1 1 1 5 0 1 1 1 1 1 1 1 1 1 1 1 1 1 1 1 1 100 1 1 1 1 1 1 1 1 1 1 1 1 1 1 1 1 1 1 1 1 1 1 1 1 1 1 1 1 1 1 1 1 1 1 1 1 1 1 1 1 1 1 1 1 1 100 1 1 1 1 1 1 1 100 1 100 1 1
staticfield java/lang/Double TYPE Ljava/lang/Class; java/lang/Class
ciMethod java/lang/Double doubleToLongBits (D)J 516 0 5378 0 -1
ciMethod java/lang/Double isNaN (D)Z 512 0 14685 0 0
ciInstanceKlass java/lang/Byte 1 1 212 7 1 100 1 10 100 12 1 1 1 9 12 1 1 8 1 9 12 1 1 100 1 10 12 1 1 10 12 1 1 10 100 12 1 1 1 10 100 12 1 1 1 9 7 12 1 1 1 10 12 1 1 100 1 100 1 10 12 1 1 8 1 10 12 1 1 8 1 10 12 1 10 12 1 10 12 1 10 12 1 1 10 12 1 10 12 1 10 12 1 1 10 8 1 8 1 10 7 1 9 12 1 1 10 12 1 1 10 12 1 1 10 12 1 1 10 12 1 5 0 10 12 1 1 8 1 10 7 12 1 1 1 9 12 1 1 100 1 100 1 1 1 3 1 3 1 1 1 1 3 1 3 1 1 5 0 1 1 1 1 1 1 1 1 1 1 1 1 1 1 1 1 1 1 1 1 1 1 1 1 1 1 1 1 1 1 1 1 1 1 1 1 1 1 1 1 1 1 1 1 1 1 1 1 1 1 1 1 1 1 1
staticfield java/lang/Byte TYPE Ljava/lang/Class; java/lang/Class
ciMethod java/lang/Byte toUnsignedInt (B)I 1024 0 26184 0 80
ciInstanceKlass java/lang/Short 1 1 220 7 1 100 1 100 1 10 100 12 1 1 1 10 12 1 1 100 1 100 1 10 12 1 1 8 1 10 12 1 1 8 1 10 12 1 10 12 1 10 12 1 10 12 1 1 10 12 1 1 10 12 1 9 12 1 1 8 1 9 12 1 1 100 1 10 12 1 1 10 12 1 10 100 12 1 1 1 10 100 12 1 1 1 9 7 12 1 1 1 10 12 1 10 12 1 1 10 8 1 8 1 10 7 1 9 12 1 1 10 12 1 1 10 12 1 1 10 12 1 1 10 12 1 3 3 5 0 10 12 1 1 8 1 10 7 12 1 1 1 9 12 1 1 100 1 100 1 1 1 3 1 3 1 1 1 1 3 1 3 1 1 5 0 1 1 1 1 1 1 1 1 1 1 1 1 1 1 1 1 1 1 1 1 1 1 1 1 1 1 1 1 1 1 1 1 1 1 1 1 1 1 1 1 1 1 1 1 1 1 1 1 1 1 1 1 1 1 1 1
staticfield java/lang/Short TYPE Ljava/lang/Class; java/lang/Class
ciInstanceKlass java/lang/Integer 1 1 436 7 1 100 1 7 1 7 1 10 12 1 1 9 12 1 1 9 12 1 1 10 100 12 1 1 1 10 12 1 1 10 100 12 1 1 1 10 10 12 1 1 10 100 12 1 1 1 10 12 1 10 12 1 1 10 7 12 1 1 1 10 12 1 1 10 12 1 1 10 12 1 10 100 12 1 1 10 12 1 1 10 12 1 10 12 1 100 1 8 1 10 12 1 8 1 100 1 10 12 1 1 10 12 1 1 8 1 10 12 1 1 8 1 10 12 1 1 10 12 1 1 10 12 1 1 3 3 10 100 12 1 1 1 11 100 1 10 12 1 1 11 10 12 1 1 10 12 1 1 8 1 10 12 1 10 12 1 8 1 100 1 10 12 1 8 1 10 12 1 1 10 12 1 8 1 10 12 1 10 12 1 7 1 9 12 1 1 9 12 1 1 10 12 1 10 7 1 9 12 1 10 12 1 10 12 1 10 12 1 1 10 12 1 1 10 7 12 1 1 1 10 12 1 1 8 1 8 1 10 12 1 1 8 1 8 1 8 1 8 1 8 1 8 1 10 12 1 10 12 1 10 12 1 5 0 3 3 3 3 10 12 1 10 12 1 3 10 12 1 10 100 12 1 1 1 10 12 1 1 10 12 1 1 8 1 10 7 12 1 1 1 9 12 1 1 100 1 100 1 100 1 1 1 1 3 1 1 1 1 1 3 1 3 1 1 5 0 1 1 1 1 1 1 1 1 1 100 1 1 1 1 1 1 1 1 1 1 1 1 1 1 1 1 1 1 1 1 1 1 1 1 1 1 1 1 1 1 1 1 1 1 1 1 1 1 1 1 1 1 1 1 1 1 1 1 1 1 1 1 1 1 1 1 1 1 1 1 1 1 1 1 1 1 1 1 1 1 1 1 1 1 1 1 1 1 1 1 1 1 1 1 1 1 1 1 1 1 1 1 1 100 1 1 1 1 1 1 1 1 1 100 1 100 1 1
staticfield java/lang/Integer TYPE Ljava/lang/Class; java/lang/Class
staticfield java/lang/Integer digits [B 36
ciInstanceKlass java/lang/Long 1 1 498 7 1 100 1 100 1 100 1 10 12 1 1 9 12 1 1 9 7 12 1 1 1 10 100 12 1 1 1 10 12 1 1 10 100 12 1 1 1 10 10 12 10 12 1 10 12 1 10 12 1 5 0 5 0 100 1 10 12 1 1 10 12 1 1 10 12 1 10 12 1 10 12 1 10 12 1 1 10 100 12 1 1 10 12 1 10 12 1 1 10 12 1 1 10 12 1 1 10 12 1 1 10 100 12 1 1 1 10 12 1 1 10 12 1 10 12 1 10 100 12 1 1 10 12 1 1 10 12 1 10 12 1 100 1 8 1 10 12 1 8 1 100 1 10 12 1 10 12 1 1 8 1 10 12 1 1 8 1 10 12 1 1 10 12 1 1 10 12 1 1 5 0 5 0 10 100 12 1 1 1 11 100 1 10 12 1 1 11 10 12 1 1 10 12 1 1 8 1 5 0 10 12 1 1 10 12 1 1 8 1 8 1 10 12 1 8 1 10 12 1 10 12 1 5 0 5 0 9 7 12 1 1 1 10 12 1 10 12 1 1 8 1 8 1 10 12 1 1 8 1 8 1 8 1 8 1 8 1 8 1 10 12 1 10 12 1 10 7 1 9 12 1 1 10 12 1 10 12 1 1 10 12 1 1 10 100 12 1 1 1 10 12 1 1 10 12 1 10 12 1 10 12 1 5 0 5 0 5 0 10 12 1 1 10 12 1 5 0 5 0 10 12 10 12 1 10 100 12 1 1 1 10 12 1 1 10 12 1 1 8 1 10 7 12 1 1 1 9 12 1 1 100 1 100 1 100 1 1 1 1 5 0 1 1 1 1 3 1 3 1 5 0 1 1 1 1 1 1 1 1 1 100 1 1 1 1 1 1 1 1 1 1 1 1 1 1 1 1 1 1 1 1 1 1 1 1 1 1 1 1 1 1 1 1 1 1 1 1 1 1 1 1 1 1 1 1 1 1 1 1 1 1 1 1 1 1 1 1 1 1 1 1 1 1 1 1 1 1 1 1 1 1 1 1 1 1 1 1 1 1 1 1 1 1 1 1 1 1 1 1 1 1 1 1 1 1 1 1 1 1 1 1 100 1 1 1 1 1 1 1 1 1 100 1 100 1 1
staticfield java/lang/Long TYPE Ljava/lang/Class; java/lang/Class
ciInstanceKlass java/lang/Void 1 1 31 10 100 12 1 1 1 8 1 10 7 12 1 1 1 9 7 12 1 1 1 1 1 1 1 1 1 1 1 1 1
staticfield java/lang/Void TYPE Ljava/lang/Class; java/lang/Class
ciInstanceKlass jdk/internal/vm/vector/VectorSupport 0 0 597 100 1 10 100 12 1 1 1 9 12 1 1 10 100 12 1 1 1 100 1 10 12 1 11 100 12 1 1 1 11 100 12 1 1 1 11 100 12 1 1 1 11 100 12 1 1 11 100 12 1 1 11 100 12 1 1 11 100 12 1 1 11 100 12 1 1 11 100 12 1 1 11 100 12 1 1 11 100 12 1 1 1 11 100 12 1 1 11 100 12 1 1 1 11 100 12 1 1 1 11 100 12 1 1 11 100 12 1 1 1 11 100 12 1 1 100 1 10 12 1 1 11 100 12 1 1 11 100 12 1 1 11 100 12 1 1 11 100 1 11 100 12 1 1 11 100 12 1 1 11 100 12 1 1 9 12 1 1 10 100 12 1 1 11 100 12 1 1 10 100 12 1 1 1 10 100 12 1 1 10 12 1 1 10 12 1 1 1 1 1 3 1 3 1 3 1 3 1 3 1 3 1 3 1 3 1 3 1 3 1 3 1 3 1 3 1 3 1 3 1 3 1 3 1 3 1 3 1 3 1 3 1 3 1 3 1 3 1 3 1 3 1 3 1 3 1 3 1 3 1 3 1 3 1 3 1 3 1 3 1 3 1 3 1 3 1 3 1 3 1 3 1 3 1 3 1 3 1 3 1 3 1 3 1 3 1 3 1 3 1 3 1 3 1 3 1 1 1 3 1 3 1 3 1 3 1 3 1 3 1 1 1 1 1 1 1 1 1 1 1 1 1 1 1 1 1 1 1 1 1 1 1 1 1 1 1 1 1 1 1 1 1 1 1 1 1 1 1 1 1 1 1 1 1 1 1 1 1 1 1 1 1 1 1 1 1 1 1 1 1 1 1 1 1 1 1 1 1 1 1 1 1 1 1 1 1 1 1 1 1 1 1 1 1 1 1 1 1 1 1 1 1 1 1 1 1 1 1 1 1 1 1 1 1 1 1 1 1 1 1 1 1 1 1 1 1 1 1 1 1 1 1 1 1 1 1 1 1 1 1 1 1 1 1 1 1 1 1 1 1 1 1 1 1 1 1 1 1 1 1 1 1 1 1 1 1 1 1 1 1 1 1 1 1 1 1 1 1 1 1 1 1 1 1 1 1 1 1 1 1 1 1 1 1 1 1 1 1 1 1 1 1 1 1 1 1 1 1 1 1 1 1 1 1 1 1 1 1 1 1 1 1 1 1 1 1 1 1 1 1 1 1 1 1 1 1 1 1 1 1 1 1 1 1 1 1 1 1 1 1 1 1 1 1 1 1 100 1 100 1 100 1 100 1 100 1 1 1 1 1 1 1 1 1 1 1 1 1 1 1 1 1 1 1 1 1 1 1 1 1 1 1 1 1 1 1
instanceKlass jdk/internal/vm/vector/VectorSupport$VectorShuffle
instanceKlass jdk/internal/vm/vector/VectorSupport$VectorMask
instanceKlass jdk/internal/vm/vector/VectorSupport$Vector
ciInstanceKlass jdk/internal/vm/vector/VectorSupport$VectorPayload 0 0 32 10 100 12 1 1 1 9 100 12 1 1 1 10 100 12 1 1 1 1 1 1 1 1 1 1 1 1 1 1 1 1
ciInstanceKlass jdk/internal/vm/vector/VectorSupport$Vector 0 0 28 10 100 12 1 1 1 100 1 1 1 1 1 1 1 1 1 1 1 1 1 1 1 100 1 1 1 1
ciInstanceKlass jdk/internal/vm/vector/VectorSupport$VectorMask 0 0 28 10 100 12 1 1 1 100 1 1 1 1 1 1 1 1 1 1 1 1 1 1 1 100 1 1 1 1
ciInstanceKlass jdk/internal/vm/vector/VectorSupport$VectorShuffle 0 0 28 10 100 12 1 1 1 100 1 1 1 1 1 1 1 1 1 1 1 1 1 1 1 100 1 1 1 1
ciInstanceKlass jdk/internal/vm/FillerObject 0 0 16 10 100 12 1 1 1 100 1 1 1 1 1 1 1 1
instanceKlass java/lang/ref/PhantomReference
instanceKlass java/lang/ref/FinalReference
instanceKlass java/lang/ref/WeakReference
instanceKlass java/lang/ref/SoftReference
ciInstanceKlass java/lang/ref/Reference 1 1 198 9 7 12 1 1 1 9 7 12 1 1 10 12 1 1 10 12 1 1 9 12 1 1 10 12 1 1 9 12 1 1 9 12 1 1 7 1 10 12 1 10 7 12 1 1 10 12 1 10 12 1 1 10 12 1 7 1 8 1 10 12 1 1 7 1 10 12 1 1 10 12 1 1 10 12 1 7 1 10 12 10 7 12 1 1 1 9 12 1 10 12 1 1 10 12 1 10 12 1 10 12 1 9 12 1 100 1 100 1 10 9 12 1 9 12 1 100 1 10 10 12 1 10 10 7 12 1 1 10 12 1 1 1 1 1 1 1 1 1 1 1 1 1 1 1 1 1 100 1 1 1 100 1 1 1 1 1 1 1 1 1 1 1 1 1 1 1 1 1 1 1 1 1 1 1 1 1 1 1 1 1 1 1 1 1 1 1 1 1 100 1 100 1 100 1 1 1
staticfield java/lang/ref/Reference processPendingLock Ljava/lang/Object; java/lang/Object
staticfield java/lang/ref/Reference $assertionsDisabled Z 1
ciMethod java/lang/ref/Reference get ()Ljava/lang/Object; 0 0 1 0 -1
ciMethod java/lang/ref/Reference refersToImpl (Ljava/lang/Object;)Z 512 0 6836 0 96
ciMethod java/lang/ref/Reference <init> (Ljava/lang/Object;)V 504 0 5931 0 0
ciMethod java/lang/ref/Reference <init> (Ljava/lang/Object;Ljava/lang/ref/ReferenceQueue;)V 512 0 7222 0 0
ciMethod java/lang/ref/Reference refersTo0 (Ljava/lang/Object;)Z 256 0 128 0 -1
ciMethod java/lang/ref/Reference refersTo (Ljava/lang/Object;)Z 512 0 7053 0 0
instanceKlass sun/font/FontDesignMetrics$KeyReference
instanceKlass sun/font/StrikeCache$SoftDisposerRef
instanceKlass java/util/ResourceBundle$BundleReference
instanceKlass jdk/internal/util/SoftReferenceKey
instanceKlass java/lang/invoke/LambdaFormEditor$Transform
ciInstanceKlass java/lang/ref/SoftReference 1 1 50 10 7 12 1 1 1 9 7 12 1 1 1 9 12 1 10 12 1 10 12 1 1 1 1 1 1 1 1 1 1 1 1 1 1 1 1 1 1 1 1 1 1 100 1 1 1 1 1 1
ciMethod java/lang/ref/SoftReference get ()Ljava/lang/Object; 600 0 10542 0 131
ciMethod java/lang/ref/SoftReference <init> (Ljava/lang/Object;)V 512 0 4236 0 0
instanceKlass sun/awt/WeakIdentityHashMap$WeakKey
instanceKlass sun/java2d/ReentrantContextProvider$HardReference
instanceKlass javax/swing/plaf/metal/MetalLookAndFeel$AATextListener
instanceKlass java/lang/ThreadLocal$ThreadLocalMap$Entry
instanceKlass java/util/ResourceBundle$KeyElementReference
instanceKlass jdk/internal/util/WeakReferenceKey
instanceKlass java/util/WeakHashMap$Entry
ciInstanceKlass java/lang/ref/WeakReference 1 1 34 10 7 12 1 1 1 10 12 1 100 1 1 1 1 1 1 1 1 1 1 1 1 1 1 1 1 1 1 1 1 1 1 1
ciMethod java/lang/ref/WeakReference <init> (Ljava/lang/Object;)V 236 0 1698 0 -1
instanceKlass java/lang/ref/Finalizer
ciInstanceKlass java/lang/ref/FinalReference 1 1 50 10 7 12 1 1 1 10 100 12 1 1 1 10 12 1 1 100 1 8 1 10 12 1 1 1 1 1 1 1 1 1 1 1 1 1 1 1 1 1 1 1 1 1 1 1 1 1 100 1
instanceKlass jdk/internal/ref/PhantomCleanable
instanceKlass jdk/internal/ref/Cleaner
ciInstanceKlass java/lang/ref/PhantomReference 1 1 47 10 7 12 1 1 1 10 12 1 1 10 7 12 1 1 1 1 1 1 1 1 1 1 1 1 1 1 1 1 1 1 1 1 1 1 1 1 1 1 1 1 1 1 1 1 1
ciInstanceKlass java/lang/ref/Finalizer 1 1 177 9 7 12 1 1 1 10 7 12 1 1 1 9 12 1 1 9 12 1 1 9 12 1 9 12 1 9 12 1 1 10 12 1 100 1 8 1 10 12 1 10 12 1 1 9 12 1 100 1 10 12 1 100 1 11 100 12 1 1 10 12 1 100 1 10 12 1 10 7 12 1 1 1 10 12 1 1 10 100 12 1 1 8 1 10 12 1 10 12 1 10 12 1 100 1 10 12 1 10 100 12 1 1 1 100 1 10 10 12 1 1 7 1 10 12 1 10 12 1 1 10 12 1 1 10 7 12 1 1 1 7 1 10 7 1 10 10 12 1 1 1 1 1 1 1 1 1 1 1 1 1 1 1 1 1 1 1 1 1 1 1 1 1 1 100 1 1 1 1 1 1 1 1 1 1 1
staticfield java/lang/ref/Finalizer lock Ljava/lang/Object; java/lang/Object
staticfield java/lang/ref/Finalizer ENABLED Z 1
staticfield java/lang/ref/Finalizer $assertionsDisabled Z 1
instanceKlass java/lang/ref/ReferenceQueue$Null
ciInstanceKlass java/lang/ref/ReferenceQueue 1 1 160 10 7 12 1 1 1 9 7 12 1 1 1 7 1 10 9 12 1 1 9 7 12 1 1 1 9 12 1 9 12 1 9 12 1 1 100 1 10 9 12 1 1 9 12 1 7 1 10 100 12 1 1 1 10 12 1 10 12 1 1 10 7 12 1 1 1 10 12 1 1 5 0 10 12 10 12 1 1 10 100 12 1 1 10 12 1 100 1 8 1 10 12 1 10 12 1 10 12 1 1 10 12 11 100 12 1 1 1 10 7 12 1 1 1 7 1 10 1 1 1 1 1 1 1 1 1 1 1 1 1 1 1 1 1 1 1 100 1 1 1 100 1 1 1 1 1 1 1 1 1 1 1 1 1 1 1 1 1 1
staticfield java/lang/ref/ReferenceQueue NULL_QUEUE Ljava/lang/ref/ReferenceQueue; java/lang/ref/ReferenceQueue$Null
staticfield java/lang/ref/ReferenceQueue ENQUEUED Ljava/lang/ref/ReferenceQueue; java/lang/ref/ReferenceQueue$Null
staticfield java/lang/ref/ReferenceQueue $assertionsDisabled Z 1
instanceKlass java/lang/reflect/Executable
instanceKlass java/lang/reflect/Field
ciInstanceKlass java/lang/reflect/AccessibleObject 1 1 374 10 7 12 1 1 1 10 100 12 1 1 1 10 7 12 1 1 1 10 12 1 1 9 12 1 1 100 1 10 7 12 1 1 1 11 12 1 100 1 10 12 1 7 1 100 1 10 12 1 1 10 12 1 1 10 12 1 1 10 12 1 1 10 12 1 1 7 1 10 100 12 1 1 1 10 12 1 1 11 10 7 12 1 1 1 10 12 1 1 10 12 1 10 12 1 10 12 1 1 10 12 1 8 1 100 1 100 1 10 10 12 1 1 8 1 10 12 1 10 12 1 8 1 8 1 8 1 8 1 8 1 8 1 8 1 8 1 8 1 100 1 10 12 1 10 12 1 9 100 12 1 1 1 10 12 1 1 10 12 1 10 100 1 100 1 8 1 10 8 1 10 12 1 8 1 10 12 1 10 12 1 1 10 100 1 8 1 10 11 7 12 1 1 1 10 12 1 1 10 12 1 1 10 12 1 1 9 12 1 1 100 1 10 12 1 7 1 10 12 1 10 12 1 1 10 100 1 10 12 1 10 12 10 12 1 10 12 1 10 12 1 1 10 12 1 9 12 1 10 100 12 1 1 8 1 10 12 1 1 8 1 10 100 12 1 1 1 9 12 1 100 1 10 7 1 10 10 7 12 1 1 1 10 7 12 1 1 1 9 12 1 1 1 1 1 1 1 1 1 1 1 1 1 1 1 1 1 1 1 1 1 1 1 1 1 1 1 1 1 1 1 1 1 1 1 1 1 1 1 1 1 1 1 1 1 1 1 1 1 1 1 1 1 1 1 1 1 1 1 1 1 1 1 1 1 1 1 1 1 1 1 1 1 1 1 1 1 1 1 1 1 1 1
staticfield java/lang/reflect/AccessibleObject reflectionFactory Ljdk/internal/reflect/ReflectionFactory; jdk/internal/reflect/ReflectionFactory
ciInstanceKlass java/lang/reflect/Method 1 1 468 9 7 12 1 1 1 10 100 12 1 1 1 10 100 12 1 1 9 12 1 1 9 12 1 1 10 12 1 1 10 12 1 1 10 12 1 1 10 100 12 1 1 10 7 12 1 1 1 9 12 1 1 9 12 1 9 12 1 1 9 12 1 9 12 1 9 12 1 1 9 12 1 9 12 1 1 9 12 1 9 12 1 100 1 8 1 10 12 1 10 12 1 9 12 1 1 10 7 12 1 1 1 10 12 1 1 10 12 1 1 10 12 1 10 12 1 1 9 100 12 1 1 1 10 12 1 1 10 12 10 7 12 1 1 10 12 1 1 10 12 1 10 12 1 10 12 1 10 100 12 1 1 1 10 12 1 1 9 12 1 10 100 1 10 100 12 1 1 1 10 7 12 1 1 10 12 1 1 10 12 1 1 10 12 1 10 100 12 1 1 1 10 12 1 10 8 1 10 12 1 10 12 1 100 1 8 1 8 1 8 1 10 12 1 10 12 1 1 10 12 1 1 10 10 12 1 1 10 12 1 11 100 1 10 12 1 9 12 1 1 10 12 1 1 10 12 1 10 12 1 1 10 12 1 1 11 7 12 1 1 1 11 12 1 9 12 1 1 10 12 1 10 12 1 10 12 1 10 12 1 10 12 1 10 12 1 9 12 1 1 10 7 12 1 1 1 10 7 12 1 1 10 12 1 1 10 100 12 1 1 1 10 100 12 1 1 1 10 100 12 1 1 1 11 100 12 1 1 1 10 100 12 1 1 1 100 1 100 1 100 1 10 12 1 10 12 1 1 10 12 1 100 1 8 1 10 12 1 10 10 12 1 1 10 12 1 1 10 12 1 1 10 12 1 1 8 1 10 12 1 1 1 1 1 1 1 1 1 1 1 1 1 1 1 1 1 1 1 1 1 1 1 1 1 1 1 1 1 1 1 1 1 1 1 1 1 1 1 1 1 1 1 1 1 1 1 1 1 1 1 1 1 100 1 100 1 100 1 1 1 1 1 1 1 1 1 1 1 1 1 1 1 1 1 1 1 1 1 1 1 1 1 1 1 1 1 1
ciInstanceKlass java/lang/reflect/Member 1 1 37 100 1 10 12 1 1 100 1 100 1 1 1 1 3 1 3 1 1 1 1 1 1 1 1 1 1 1 1 1 1 1 1 1 1 1 1
instanceKlass java/lang/reflect/Constructor
instanceKlass java/lang/reflect/Method
ciInstanceKlass java/lang/reflect/Executable 1 1 587 10 7 12 1 1 1 10 7 12 1 1 1 10 7 12 1 1 1 11 7 12 1 1 1 10 7 12 1 1 1 10 12 1 1 10 100 12 1 1 1 10 100 12 1 1 1 10 12 1 8 1 10 10 12 1 1 10 12 1 1 10 100 12 1 1 1 18 12 1 1 11 100 12 1 1 1 8 1 8 1 8 1 10 100 12 1 1 1 11 12 1 1 100 1 8 1 8 1 10 12 1 100 1 8 1 10 12 1 8 1 11 100 12 1 1 1 100 1 11 100 12 1 1 1 11 12 1 8 1 18 8 1 10 12 1 10 12 1 1 18 8 1 10 12 1 100 1 10 12 1 10 12 1 11 12 1 10 12 1 1 8 1 8 1 10 12 1 1 10 12 1 1 10 10 12 1 9 12 1 1 9 100 12 1 1 1 10 100 12 1 1 1 10 12 1 10 12 1 1 10 100 12 1 1 10 12 1 10 12 1 10 12 1 10 7 12 1 1 100 1 10 100 12 1 1 1 10 12 1 1 10 100 12 1 1 10 12 1 10 12 1 1 9 100 12 1 1 1 10 100 10 12 1 8 1 10 12 1 10 12 1 3 100 1 8 1 10 12 1 10 12 1 10 10 12 1 10 12 1 1 8 1 8 1 8 1 9 12 1 1 9 12 1 10 12 1 100 1 8 1 10 12 1 10 12 1 10 12 1 1 10 12 1 1 10 12 1 10 12 10 12 1 100 1 10 12 1 10 12 1 1 100 1 10 100 12 1 1 1 100 1 10 7 12 1 1 1 10 12 1 1 11 7 12 1 1 10 12 1 10 100 12 1 1 1 10 12 1 1 9 12 1 10 12 1 1 10 12 1 10 12 1 1 9 100 12 1 1 1 10 100 12 1 1 1 10 12 1 10 12 1 1 9 12 1 10 10 10 10 100 12 1 1 1 10 12 1 9 12 1 10 12 1 1 9 12 1 100 1 100 1 1 1 1 1 1 1 1 1 1 1 1 1 1 1 1 1 1 1 1 1 1 1 1 1 1 1 1 1 1 1 1 1 1 1 1 100 1 1 1 1 1 1 1 1 1 1 1 1 1 1 1 1 1 1 1 100 1 1 1 1 1 1 1 1 1 1 1 1 1 1 1 1 1 1 1 1 1 1 1 1 1 1 1 1 1 1 1 1 1 1 1 1 1 1 1 1 1 1 1 100 1 1 1 1 1 1 1 1 1 1 1 1 1 1 1 1 1 1 1 1 1 1 100 1 1 16 15 16 1 16 1 15 10 12 16 15 10 100 12 1 1 1 1 100 1 1 1 100 1 1 100 1 100 1 1
ciInstanceKlass java/lang/reflect/Constructor 1 1 437 10 100 12 1 1 1 10 100 12 1 1 9 7 12 1 1 1 9 12 1 1 10 12 1 1 10 12 1 1 10 12 1 1 10 100 12 1 1 10 7 12 1 1 1 9 12 1 1 9 12 1 1 9 12 1 9 12 1 1 9 12 1 9 12 1 1 9 12 1 1 9 12 1 100 1 8 1 10 12 1 10 12 1 9 12 1 1 10 7 12 1 1 1 10 12 1 1 10 12 1 1 10 12 1 7 1 100 1 8 1 10 10 12 1 10 12 1 10 12 1 1 9 100 12 1 1 1 10 100 12 1 1 10 12 1 1 10 12 1 10 12 1 1 10 100 12 1 1 1 10 100 12 1 1 10 12 1 1 10 12 1 10 100 12 1 1 1 8 1 10 10 12 1 100 1 8 1 10 12 1 10 12 1 1 10 12 1 1 10 12 1 10 12 1 10 12 1 1 10 12 1 1 9 12 1 1 10 12 1 1 10 12 1 1 10 12 1 1 11 7 12 1 1 1 10 12 1 1 10 12 1 10 12 1 10 12 1 8 1 9 12 1 1 10 7 12 1 1 1 10 7 12 1 1 10 12 1 1 10 12 1 1 10 12 1 1 10 12 1 1 10 12 1 9 100 12 1 1 10 12 1 10 12 1 10 12 1 100 1 8 1 10 10 12 1 1 10 12 1 10 10 12 1 1 10 12 1 1 10 100 12 1 1 1 11 100 12 1 1 1 10 12 1 1 9 100 12 1 1 1 10 100 12 1 1 1 10 12 1 1 1 1 1 1 1 1 1 1 1 1 1 1 1 1 1 1 1 1 1 1 1 1 1 1 1 1 1 1 1 1 1 1 1 1 1 1 1 1 1 1 1 1 1 1 1 1 1 1 1 1 1 1 1 1 100 1 100 1 100 1 100 1 1 1 1 1 1 1 1 1 1 1 1 1 1 1 1 1 1 1 1 1 1 1 1 1 1 1 1 1 1 1 1 100 1 1
ciInstanceKlass java/lang/reflect/Field 1 1 454 9 7 12 1 1 1 10 12 1 1 10 100 12 1 1 1 10 100 12 1 1 9 12 1 1 9 12 1 1 10 12 1 1 10 12 1 1 10 12 1 1 10 100 12 1 1 10 7 12 1 1 1 9 12 1 1 9 12 1 9 12 1 9 12 1 1 9 12 1 1 9 12 1 9 12 1 1 100 1 8 1 10 12 1 10 12 1 9 12 1 1 9 12 1 10 7 12 1 1 10 12 1 1 10 12 1 1 10 12 1 9 12 1 1 10 12 1 1 9 100 12 1 1 1 10 7 12 1 1 1 7 1 10 12 1 1 10 12 1 1 10 12 1 10 12 1 10 100 1 10 100 12 1 1 100 1 10 8 1 10 12 1 1 10 12 1 1 8 1 10 12 10 12 1 8 1 8 1 10 11 100 1 9 12 1 10 12 1 1 10 12 1 1 11 7 12 1 1 1 10 12 1 11 12 1 1 11 12 1 1 11 12 1 1 11 12 1 1 11 12 1 1 11 12 1 1 11 12 1 1 11 12 1 1 11 12 1 1 11 12 1 1 11 12 1 1 11 12 1 1 11 12 1 1 11 12 1 1 11 12 1 1 11 12 1 1 11 12 1 1 10 12 1 10 100 12 1 1 10 12 1 10 12 1 10 12 1 10 12 1 1 10 12 1 1 10 12 1 10 100 12 1 1 10 12 1 1 11 100 1 10 12 1 100 1 10 100 12 1 1 1 10 100 12 1 1 1 9 12 1 10 100 12 1 1 1 11 100 12 1 1 1 10 12 1 1 10 12 1 1 9 100 12 1 1 10 100 12 1 1 1 10 12 1 1 100 1 1 1 1 1 1 1 1 1 1 1 1 1 1 1 1 1 1 1 1 1 1 1 1 1 1 1 1 1 1 1 1 1 1 1 1 1 1 1 100 1 1 1 1 1 1 1 1 1 1 1 1 1 1 1 1 1 1 1 1 1 1 1 1 1 1 1 1 1 1 1 1 100 1 1 1 1 1 1 1 1 100 1 1 100 1 1
ciInstanceKlass java/lang/reflect/Parameter 0 0 256 10 100 12 1 1 1 9 100 12 1 1 1 9 12 1 1 9 12 1 1 9 12 1 10 12 1 1 10 12 1 1 10 100 12 1 1 1 100 1 10 10 12 1 1 11 100 12 1 1 1 10 12 1 10 100 12 1 1 1 10 12 1 1 10 12 1 10 12 1 8 1 8 1 10 100 12 1 1 1 10 12 1 10 12 9 100 12 1 1 1 9 100 12 1 1 1 10 12 1 1 10 12 1 1 10 100 12 1 1 1 10 12 1 8 1 10 12 1 9 12 1 1 10 12 1 1 9 12 1 1 10 12 1 1 10 12 1 1 10 12 1 1 10 12 1 10 10 12 1 10 100 12 1 1 1 10 12 1 1 11 100 12 1 1 10 100 12 1 1 100 1 10 100 12 1 1 1 10 12 1 1 10 12 1 1 10 12 1 1 10 12 1 1 9 12 1 100 1 10 11 12 1 11 12 1 1 100 1 1 1 1 1 1 1 1 1 1 1 1 1 1 1 1 1 1 1 1 1 1 1 1 1 1 1 1 1 1 1 1 1 1 1 1 1 1 1 100 1 1 1 1 1 100 1 1
ciInstanceKlass java/lang/reflect/RecordComponent 0 0 196 10 100 12 1 1 1 9 100 12 1 1 1 9 12 1 1 9 12 1 10 12 1 1 10 12 1 1 10 100 12 1 1 1 10 12 1 1 9 12 1 1 10 12 1 1 10 12 1 1 10 12 1 10 100 12 1 1 10 100 12 1 1 9 12 1 1 10 100 12 1 1 1 11 100 12 1 1 1 10 9 100 12 1 1 1 10 100 12 1 1 1 9 12 1 1 10 100 12 1 1 1 10 12 1 1 11 100 12 1 1 10 100 12 1 1 100 1 9 12 1 9 12 1 1 9 12 1 10 100 12 1 1 1 10 12 1 1 10 12 1 1 100 1 10 10 12 1 10 12 1 1 8 1 10 12 1 10 12 1 9 12 1 100 1 1 1 1 1 1 1 1 1 1 1 1 1 1 1 1 1 1 1 1 1 1 100 1 1 1 1 1 1 100 1 1
ciInstanceKlass java/lang/StringBuffer 1 1 487 10 7 12 1 1 1 10 12 1 10 12 1 10 12 1 1 9 7 12 1 1 1 10 12 1 1 10 12 1 10 12 1 1 9 12 1 1 10 12 1 10 12 1 1 10 12 1 1 10 12 1 10 12 1 1 10 12 1 10 12 1 1 10 12 1 1 10 100 12 1 1 1 10 12 1 1 10 12 1 10 12 1 10 12 1 10 12 1 10 12 1 10 12 1 10 12 1 10 12 1 10 12 1 10 12 1 10 12 1 10 12 1 10 12 1 10 12 1 1 10 12 1 10 12 1 1 10 12 1 1 10 10 12 1 1 10 12 1 10 12 1 10 12 1 10 12 1 10 12 1 10 12 1 10 12 10 12 1 10 12 1 10 12 1 10 12 1 1 10 12 1 10 12 1 10 10 12 1 1 10 12 1 10 12 1 10 12 1 8 1 10 12 1 10 10 100 12 1 1 1 10 10 12 1 1 9 12 1 1 10 100 12 1 1 10 100 1 8 10 100 12 1 1 1 8 10 12 1 8 1 10 12 1 10 12 1 10 100 12 1 1 1 10 100 12 1 1 1 7 1 10 12 100 1 8 1 10 10 12 1 1 10 12 1 1 10 12 1 10 12 1 10 12 1 1 10 12 1 10 12 1 10 12 1 10 12 1 10 12 1 10 12 10 12 1 10 12 1 10 12 1 10 12 1 10 12 1 10 12 1 10 12 1 10 12 1 10 12 1 10 12 1 10 12 10 12 10 12 1 10 12 1 10 12 1 10 12 10 12 1 10 12 1 10 12 1 10 12 1 10 12 1 10 12 1 10 12 1 10 12 1 10 12 1 10 12 1 10 12 1 7 1 10 12 1 9 7 12 1 1 1 9 7 1 9 12 1 1 100 1 100 1 100 1 100 1 1 1 1 5 0 1 1 1 1 1 1 1 1 1 1 1 1 1 1 1 1 1 1 1 1 1 1 1 1 1 1 1 1 1 1 1 1 1 1 1 1 1 1 1 1 1 1 1 1 1 1 1 1 1 1 1 1 1 1 1 1 1 1 1 1 100 1 1 1 1 1 100 1 1 1 1 1 1 1 1 1 1 1 1 1 1 1 1 1 1
staticfield java/lang/StringBuffer serialPersistentFields [Ljava/io/ObjectStreamField; 3 [Ljava/io/ObjectStreamField;
instanceKlass java/lang/StringBuilder
instanceKlass java/lang/StringBuffer
ciInstanceKlass java/lang/AbstractStringBuilder 1 1 662 7 1 10 7 12 1 1 1 9 7 12 1 1 1 9 12 1 9 12 1 1 9 12 1 1 10 7 12 1 1 1 10 12 1 1 100 1 3 3 10 12 1 10 12 1 1 10 12 1 1 11 100 1 100 1 100 1 10 8 1 10 12 1 10 12 1 10 12 1 1 10 12 1 10 12 1 9 12 1 10 12 1 9 12 1 1 10 7 12 1 1 1 10 10 12 1 10 12 1 10 12 1 1 9 12 1 100 1 8 1 10 12 1 10 12 1 1 8 1 10 7 12 1 1 1 10 12 1 1 8 1 10 7 12 1 1 1 100 1 8 1 10 100 1 10 12 1 10 12 1 1 10 100 12 1 1 1 10 12 1 1 10 12 1 1 10 12 1 1 10 12 1 1 10 7 12 1 1 1 10 12 1 100 1 10 10 100 12 1 1 1 9 12 1 1 9 12 1 10 12 1 1 10 10 12 1 1 10 12 1 1 10 12 1 1 10 12 1 1 10 12 1 1 10 12 1 1 10 12 1 1 10 12 1 10 10 10 12 1 10 12 1 1 10 8 1 10 12 1 1 10 12 1 10 12 1 10 12 1 10 10 7 12 1 1 1 10 12 1 1 10 12 1 10 12 1 10 12 1 10 12 100 1 9 12 1 1 9 12 1 10 12 1 1 100 1 9 12 1 9 12 10 12 1 10 12 1 1 10 12 1 1 10 12 1 10 12 1 1 10 12 1 10 12 1 1 10 12 1 1 10 10 100 12 1 1 1 10 12 1 10 12 1 10 12 1 1 10 12 1 10 12 1 1 10 12 1 10 12 1 10 12 1 10 12 1 10 12 1 10 12 1 10 12 1 10 12 1 1 10 12 1 10 12 1 10 12 10 12 1 1 18 12 1 1 100 1 10 100 12 1 1 1 18 10 12 1 1 10 12 1 1 10 12 1 10 12 1 10 12 1 1 10 12 1 10 12 1 1 11 12 1 1 10 12 1 10 12 1 1 10 12 1 10 12 1 10 12 1 10 5 0 10 100 1 8 1 10 10 12 1 1 10 100 12 1 1 1 10 12 1 10 12 1 1 100 1 10 12 100 1 10 100 1 10 10 7 12 1 1 100 1 1 1 1 1 1 1 1 1 1 1 100 1 1 1 1 1 1 1 1 1 1 1 1 1 1 1 1 1 1 1 1 1 1 1 1 1 1 1 1 1 1 1 1 1 1 1 1 1 1 1 1 1 1 1 1 1 1 1 1 1 1 1 1 100 1 1 1 1 1 1 1 1 1 1 1 1 1 1 1 1 1 1 1 1 1 1 1 1 1 1 1 1 1 1 1 1 1 1 1 1 1 1 1 1 1 1 1 1 1 1 1 1 1 1 1 1 1 1 1 1 1 1 1 1 1 1 1 100 1 1 1 1 1 1 100 1 1 1 1 1 1 100 1 1 16 1 15 10 12 16 15 10 12 15 10 100 12 1 1 1 1 1 1 1 100 1 100 1 1
staticfield java/lang/AbstractStringBuilder EMPTYVALUE [B 0
staticfield java/lang/AbstractStringBuilder $assertionsDisabled Z 1
ciInstanceKlass java/lang/StringBuilder 1 1 425 10 7 12 1 1 1 10 12 1 10 12 1 10 12 1 1 10 7 12 1 1 1 10 7 12 1 1 1 10 12 1 10 12 1 10 12 1 10 12 1 10 12 1 10 12 1 10 12 1 10 12 1 10 12 1 10 12 1 10 12 1 10 12 1 10 12 1 10 12 1 1 10 12 1 10 12 1 1 10 12 1 1 10 12 1 10 12 1 10 12 1 10 12 1 10 12 1 10 12 1 10 12 1 10 12 10 12 1 10 12 1 10 12 1 10 12 1 1 10 12 1 10 12 1 10 12 10 12 1 1 10 12 1 10 12 1 10 12 1 1 8 1 10 12 1 10 100 12 1 1 1 9 12 1 1 10 12 1 10 12 1 10 12 1 1 9 12 1 1 10 100 12 1 1 1 10 100 1 10 12 1 1 10 100 12 1 1 10 12 1 10 12 1 1 100 1 100 1 8 1 10 10 12 1 1 10 12 1 10 12 1 10 12 1 1 10 12 1 10 12 1 10 12 1 10 12 1 10 12 1 10 12 10 12 1 10 12 1 10 12 1 10 12 1 10 12 1 10 12 1 10 12 1 10 12 1 10 12 1 1 10 12 1 1 10 12 1 10 12 1 10 12 1 10 12 10 12 10 12 1 10 12 1 10 12 1 10 12 10 12 1 10 12 1 10 12 1 10 12 1 10 12 1 10 12 1 10 12 1 10 12 1 10 12 1 1 10 12 1 10 12 1 1 10 12 1 10 12 1 1 10 12 1 10 12 1 1 10 12 1 10 12 1 10 12 1 10 10 10 12 1 100 1 100 1 100 1 100 1 1 1 1 5 0 1 1 1 1 1 1 1 1 1 1 1 1 1 1 1 1 1 1 1 1 1 1 1 1 1 1 1 1 1 1 1 1 1 1 1 1 1 1 1 1 1 1 1 1 100 1 1 1 100 1 1 1 1 1 1 1 1 1 1 1
ciInstanceKlass java/security/CodeSource 1 1 396 10 7 12 1 1 1 9 7 12 1 1 1 9 12 1 1 9 12 1 1 9 12 1 1 10 7 12 1 1 1 9 12 1 1 10 100 12 1 1 10 100 10 100 12 1 1 1 10 12 1 1 10 12 1 1 100 1 10 10 100 12 1 1 1 10 100 12 1 1 1 10 12 1 1 100 1 10 12 1 1 10 12 1 1 10 12 1 1 10 12 1 10 10 100 1 10 12 1 1 10 100 12 1 1 1 10 12 1 1 10 12 1 10 12 1 8 1 10 12 1 10 12 1 10 12 1 1 10 12 1 8 1 10 12 1 1 10 100 1 10 10 12 1 1 8 1 10 12 1 10 12 1 10 12 1 8 1 8 1 9 12 1 1 100 1 8 1 10 12 1 10 12 1 1 8 1 10 12 1 8 1 8 1 8 1 10 100 12 1 1 10 12 1 1 10 12 1 10 12 1 1 10 12 1 1 10 12 1 1 100 1 100 1 10 12 1 10 12 10 12 1 1 10 100 12 1 1 10 12 1 100 1 10 12 10 100 12 1 1 1 10 8 1 10 12 1 10 12 1 1 100 1 10 12 1 1 100 1 100 1 8 1 8 1 10 10 12 1 1 10 100 12 1 1 1 100 1 10 12 10 12 1 1 11 100 12 1 1 10 10 12 1 11 10 12 1 8 1 100 1 10 12 1 10 12 1 1 10 12 1 11 12 1 1 100 1 1 1 1 5 0 1 1 1 1 1 1 1 1 1 1 1 1 1 1 1 1 1 1 1 1 1 1 1 1 1 1 1 1 1 1 1 1 1 1 1 1 1 1 1 1 1 1 1 1 1 1 1 1 1 1 1 1 1 1 1 1 1 1 1 1 1 1 1 1 1 1 100 1 1 1 1 1 1 1
ciInstanceKlass java/security/ProtectionDomain 1 1 141 10 7 12 1 1 1 9 7 12 1 1 1 9 12 1 1 9 12 1 1 10 7 12 1 1 7 1 9 12 1 9 12 1 1 7 1 9 12 1 1 9 12 1 10 100 12 1 1 10 100 12 1 1 1 10 12 1 1 10 12 1 8 1 100 1 8 1 10 12 1 10 11 12 1 1 10 100 12 1 1 1 10 12 1 1 8 1 11 8 1 10 12 1 8 1 8 1 8 1 10 12 1 8 1 8 1 1 1 1 1 1 1 1 100 1 1 100 1 1 1 1 1 1 1 1 1 1 1 1 1 1 1 1 1 1 1 100 1 1 1
instanceKlass jdk/internal/loader/BuiltinClassLoader
ciInstanceKlass java/security/SecureClassLoader 1 1 99 10 7 12 1 1 1 7 1 10 12 1 9 7 12 1 1 1 10 12 1 10 12 1 10 12 1 1 10 12 1 1 10 12 1 7 1 10 7 1 10 12 1 7 1 10 12 1 11 7 12 1 1 1 7 1 11 12 1 10 12 1 1 1 1 1 1 1 1 1 1 1 1 1 1 1 1 1 1 1 1 1 1 1 1 1 1 1 1 1 1 1 1 1 1 1 1 1 1
ciInstanceKlass java/net/URL 1 1 736 10 7 12 1 1 1 10 12 1 10 7 12 1 1 9 12 1 1 9 12 1 10 12 1 1 9 12 1 1 10 7 12 1 1 1 8 1 10 12 1 1 100 1 10 10 12 1 1 8 1 10 12 1 1 9 12 1 100 1 8 1 10 12 1 10 12 1 8 1 9 12 1 10 12 1 1 9 12 1 10 12 1 10 12 1 9 12 1 9 12 1 8 1 9 12 1 10 12 1 1 8 1 9 12 1 1 10 12 1 1 10 7 12 1 1 1 8 1 10 12 1 100 1 10 12 1 10 12 1 10 12 1 10 12 1 1 10 12 1 1 8 1 10 12 1 1 10 12 1 8 1 9 12 1 8 1 10 12 1 10 7 12 1 1 1 100 1 10 12 1 10 12 1 1 10 100 12 1 1 1 100 1 8 1 10 10 12 1 8 1 10 12 1 1 10 12 1 10 12 1 10 12 1 10 12 1 10 12 1 10 12 1 8 1 10 12 1 8 1 10 10 100 1 10 10 12 1 8 1 10 7 12 1 1 1 10 12 1 9 12 1 1 10 12 1 10 100 12 1 1 1 100 1 10 12 1 10 12 1 10 12 1 10 12 1 10 12 1 10 12 10 10 12 1 8 1 100 1 10 100 12 1 1 1 10 12 1 1 10 12 1 10 12 1 1 8 1 9 100 12 1 1 1 10 100 12 1 1 1 10 12 1 10 12 1 10 100 12 1 1 1 10 12 1 1 10 12 1 9 12 1 1 9 12 1 1 100 1 8 1 10 9 12 1 1 10 7 12 1 1 8 1 10 100 12 1 1 8 1 10 12 1 1 10 12 1 8 1 8 1 10 7 12 1 1 1 100 1 10 100 12 1 1 1 10 12 1 10 12 1 9 100 12 1 1 1 10 100 12 1 1 10 12 1 1 10 12 1 8 1 100 1 10 100 12 1 1 1 10 12 1 1 11 100 12 1 1 11 12 1 10 12 1 10 12 1 8 9 100 12 1 1 1 10 12 1 1 10 12 1 10 12 1 1 10 100 12 1 1 11 7 1 10 12 1 10 12 1 9 12 1 10 12 1 1 10 100 12 1 1 10 100 12 1 1 1 8 10 100 12 1 1 100 1 10 8 8 10 12 1 8 8 8 100 1 10 12 1 9 12 1 1 10 12 1 10 12 1 1 10 12 1 10 12 10 12 1 1 10 12 1 1 10 10 10 12 1 10 12 1 10 12 1 10 12 1 10 12 1 10 10 12 1 100 1 8 1 10 10 10 12 1 1 10 12 1 10 12 1 1 8 1 7 1 10 10 7 1 10 12 1 9 7 12 1 1 1 9 12 1 1 7 1 10 10 7 12 1 1 1 100 1 1 1 1 1 5 0 1 1 1 1 1 1 1 1 1 1 1 1 1 1 1 1 1 1 1 1 1 1 1 1 1 1 1 1 1 1 1 1 1 1 1 1 1 1 1 1 1 1 1 1 1 1 100 1 1 1 1 1 1 1 1 1 1 1 1 1 1 1 1 1 1 1 1 1 1 1 1 1 1 1 1 1 1 1 1 1 1 1 1 100 1 1 1 1 1 1 1 1 1 1 1 1 1 1 1 1 1 1 1 1 1 1 1 100 1 1 1 1 1 1 1 1 1 1 1 1 1 1 1 1 1 1 1
staticfield java/net/URL defaultFactory Ljava/net/URLStreamHandlerFactory; java/net/URL$DefaultFactory
staticfield java/net/URL handlers Ljava/util/Hashtable; java/util/Hashtable
staticfield java/net/URL streamHandlerLock Ljava/lang/Object; java/lang/Object
staticfield java/net/URL serialPersistentFields [Ljava/io/ObjectStreamField; 7 [Ljava/io/ObjectStreamField;
ciInstanceKlass java/util/jar/Manifest 0 0 320 10 7 12 1 1 1 100 1 10 9 7 12 1 1 1 100 1 10 9 12 1 1 9 12 1 1 10 12 1 10 12 1 1 10 12 1 1 10 12 1 1 10 12 1 1 11 100 1 11 12 1 1 10 12 1 1 10 100 12 1 1 1 100 1 100 1 10 8 1 10 12 1 1 10 12 1 1 10 12 1 10 12 1 11 100 1 10 12 1 10 12 1 1 11 12 1 1 10 12 1 11 12 1 1 11 100 12 1 1 1 11 100 12 1 1 11 12 1 1 100 1 10 12 1 8 1 11 12 1 100 1 10 12 1 1 11 12 1 10 12 1 10 12 1 10 9 100 12 1 1 1 10 12 1 1 10 100 12 1 10 12 1 10 12 1 9 100 12 1 1 1 8 1 10 12 1 8 1 8 1 100 1 10 12 1 10 12 1 10 12 1 1 100 1 8 1 10 12 1 1 8 1 10 10 12 1 1 8 1 10 12 1 1 10 100 12 1 1 1 10 12 1 10 11 12 1 1 10 12 1 1 10 100 12 1 1 1 10 12 1 1 10 12 1 10 12 1 1 11 10 12 1 11 10 12 1 100 1 1 1 1 1 1 1 1 1 1 1 1 1 1 1 1 1 1 1 1 1 1 1 1 1 1 1 1 1 1 1 1 1 1 1 100 1 1 1 1 1 1 1 1 1 1 1 1 1 1 100 1 1 1 1 1 1 1 1 1 1 1
ciInstanceKlass java/io/ByteArrayInputStream 1 1 135 10 7 12 1 1 1 9 7 12 1 1 1 9 12 1 1 9 12 1 9 12 1 10 100 12 1 1 1 10 7 12 1 1 1 10 7 12 1 1 1 10 100 12 1 1 1 10 12 1 1 10 100 12 1 1 1 100 1 100 1 100 1 3 10 100 1 10 100 12 1 1 1 9 12 1 1 100 1 10 10 7 12 1 1 1 1 1 1 1 1 1 1 1 1 1 1 1 1 1 1 1 1 1 1 1 1 1 1 1 1 1 1 1 1 1 1 1 100 1 100 1 1 1 1 1 1 1 1 1 1 1 1 1 1
staticfield java/io/ByteArrayInputStream $assertionsDisabled Z 1
instanceKlass java/nio/ShortBuffer
instanceKlass java/nio/CharBuffer
instanceKlass java/nio/IntBuffer
instanceKlass java/nio/ByteBuffer
ciInstanceKlass java/nio/Buffer 1 1 259 100 1 10 7 12 1 1 1 9 7 12 1 1 1 9 12 1 9 12 1 1 9 12 1 9 12 1 1 10 12 1 1 10 12 1 1 10 12 100 1 100 1 10 8 1 10 12 1 1 10 12 1 8 1 8 1 10 12 1 1 10 12 1 8 1 9 12 1 1 100 1 8 1 10 12 1 8 1 8 1 9 12 10 12 1 8 1 8 1 8 1 10 12 1 8 1 8 1 8 1 100 1 10 100 1 10 100 1 10 9 12 1 1 10 7 12 1 1 1 100 1 10 12 1 1 10 12 1 10 100 12 1 1 10 7 12 1 1 1 10 7 12 1 1 1 9 12 1 1 10 7 12 1 1 1 9 12 1 1 7 1 10 10 12 1 1 7 1 10 10 7 12 1 1 1 1 1 3 1 1 1 1 1 1 1 1 1 1 1 1 1 1 100 1 1 1 1 1 1 1 100 1 1 1 1 1 1 1 1 1 1 1 1 1 1 1 1 1 1 1 1 1 1 1 1 1 1 1 1 1 1 1 1 1 1 1 1 1 1 1 1 1 1 100 1 100 1 100 1 100 1 100 1 100 1 100 1 1
staticfield java/nio/Buffer UNSAFE Ljdk/internal/misc/Unsafe; jdk/internal/misc/Unsafe
staticfield java/nio/Buffer SCOPED_MEMORY_ACCESS Ljdk/internal/misc/ScopedMemoryAccess; jdk/internal/misc/ScopedMemoryAccess
staticfield java/nio/Buffer IOOBE_FORMATTER Ljava/util/function/BiFunction; jdk/internal/util/Preconditions$4
staticfield java/nio/Buffer $assertionsDisabled Z 1
ciInstanceKlass jdk/internal/util/Preconditions 1 1 194 10 100 12 1 1 1 11 100 12 1 1 1 11 100 12 1 1 1 100 1 100 1 10 7 12 1 1 1 10 12 1 8 1 100 1 10 100 12 1 1 1 10 12 1 1 8 1 8 1 10 100 12 1 1 7 1 10 12 1 8 1 10 100 12 1 1 1 8 1 10 12 1 1 10 12 1 1 11 12 1 8 1 8 1 11 12 1 1 8 1 8 1 8 1 10 12 1 1 10 12 1 1 10 12 1 10 12 1 10 12 1 10 12 7 1 10 10 12 1 1 9 12 1 1 7 1 10 9 12 1 7 1 10 9 12 1 1 1 1 1 1 1 1 1 1 1 1 1 1 1 1 1 1 1 1 1 1 1 1 1 1 1 1 1 1 1 1 1 1 1 1 1 1 1 1 1 1 1 1 1 1 1 1 1 1 1 1 1 1 1 1 1 1
staticfield jdk/internal/util/Preconditions SIOOBE_FORMATTER Ljava/util/function/BiFunction; jdk/internal/util/Preconditions$4
staticfield jdk/internal/util/Preconditions AIOOBE_FORMATTER Ljava/util/function/BiFunction; jdk/internal/util/Preconditions$4
staticfield jdk/internal/util/Preconditions IOOBE_FORMATTER Ljava/util/function/BiFunction; jdk/internal/util/Preconditions$4
ciInstanceKlass jdk/internal/util/Preconditions$4 1 1 61 9 7 12 1 1 1 10 7 12 1 1 1 10 100 12 1 1 1 11 100 12 1 1 1 100 1 100 1 100 1 10 12 1 100 1 1 1 1 1 1 1 1 1 1 1 1 1 1 1 1 1 1 1 1 1 12 1 1 1 1
ciInstanceKlass java/util/function/BiFunction 1 1 65 10 100 12 1 1 1 18 12 1 1 11 100 12 1 1 11 100 12 1 100 1 1 1 1 1 1 1 1 1 1 1 1 1 1 1 1 1 1 1 1 1 1 1 1 1 1 1 16 15 11 12 15 10 100 12 1 1 1 1 100 1 100 1 1
ciMethod jdk/internal/util/Preconditions checkIndex (IILjava/util/function/BiFunction;)I 1024 0 1564 0 -1
ciInstanceKlass java/lang/AssertionStatusDirectives 0 0 24 10 100 12 1 1 1 100 1 1 1 1 1 1 1 1 1 1 1 1 1 1 1 1
instanceKlass sun/util/locale/LanguageTag
instanceKlass jdk/internal/foreign/Utils$1VarHandleCache
instanceKlass jdk/internal/foreign/Utils$BaseAndScale
instanceKlass sun/font/HBShaper$ScopedVars
instanceKlass java/lang/ClassValue$Version
instanceKlass jdk/internal/foreign/abi/UpcallLinker$InvocationData
instanceKlass jdk/internal/classfile/impl/StackMapGenerator$RawExceptionCatch
instanceKlass jdk/internal/foreign/abi/NativeEntryPoint$CacheKey
instanceKlass jdk/internal/foreign/abi/DowncallLinker$InvocationData
instanceKlass jdk/internal/foreign/abi/LinkerOptions$CaptureCallState
instanceKlass jdk/internal/foreign/abi/x64/windows/CallArranger$Bindings
instanceKlass jdk/internal/foreign/abi/Binding$SegmentOffset
instanceKlass jdk/internal/foreign/abi/Binding$SegmentBase
instanceKlass jdk/internal/foreign/abi/Binding$BufferLoad
instanceKlass jdk/internal/foreign/abi/Binding$VMStore
instanceKlass jdk/internal/foreign/abi/Binding$ShiftRight
instanceKlass jdk/internal/foreign/abi/Binding$ShiftLeft
instanceKlass jdk/internal/foreign/abi/Binding$Dup
instanceKlass jdk/internal/foreign/abi/Binding$Allocate
instanceKlass jdk/internal/foreign/abi/Binding$Copy
instanceKlass jdk/internal/foreign/abi/Binding$BufferStore
instanceKlass jdk/internal/foreign/abi/Binding$BoxAddress
instanceKlass jdk/internal/foreign/abi/Binding$VMLoad
instanceKlass jdk/internal/foreign/abi/AbstractLinker$LinkRequest
instanceKlass jdk/internal/foreign/abi/LinkerOptions$FirstVariadicArg
instanceKlass jdk/internal/classfile/impl/AbstractInstruction$SwitchCaseImpl
instanceKlass jdk/internal/classfile/impl/StackMapDecoder$StackMapFrameImpl
instanceKlass jdk/internal/classfile/impl/StackMapDecoder$ObjectVerificationTypeInfoImpl
instanceKlass jdk/internal/foreign/LayoutPath$GroupElementByName
instanceKlass java/util/stream/Collectors$CollectorImpl
instanceKlass java/lang/invoke/StringConcatFactory$InlineHiddenClassStrategy$MethodHandlePair
instanceKlass sun/nio/fs/WindowsPathParser$Result
instanceKlass java/lang/invoke/MethodHandles$Lookup$ClassDefiner
instanceKlass jdk/internal/classfile/impl/ClassHierarchyImpl$ClassHierarchyInfoImpl
instanceKlass java/lang/classfile/ClassHierarchyResolver$1Factory
instanceKlass jdk/internal/classfile/impl/RawBytecodeHelper$CodeRange
instanceKlass jdk/internal/classfile/impl/StackMapGenerator$Type
instanceKlass jdk/internal/classfile/impl/Util$1WithCodeMethodHandler
instanceKlass jdk/internal/classfile/impl/DirectCodeBuilder$DeferredLabel
instanceKlass java/lang/invoke/InvokerBytecodeGenerator$ClassData
instanceKlass jdk/internal/classfile/impl/AnnotationImpl
instanceKlass java/security/SecureClassLoader$CodeSourceKey
instanceKlass jdk/internal/reflect/ReflectionFactory$Config
instanceKlass jdk/internal/foreign/abi/UpcallLinker$CallRegs
instanceKlass jdk/internal/foreign/abi/VMStorage
ciInstanceKlass java/lang/Record 1 1 22 10 7 12 1 1 1 100 1 1 1 1 1 1 1 1 1 1 1 1 1 1
ciInstanceKlass java/util/concurrent/ConcurrentHashMap 1 1 1219 100 1 7 1 10 7 12 1 1 1 10 12 1 1 9 12 1 1 3 10 7 12 1 1 1 3 100 1 10 7 12 1 1 1 100 1 10 100 12 1 1 1 100 1 11 12 1 1 11 12 1 11 12 1 1 9 12 1 1 9 12 1 9 12 1 1 10 7 12 1 1 1 7 1 10 12 1 1 10 12 1 1 10 7 12 1 1 1 4 10 12 1 11 100 12 1 1 10 12 1 10 12 1 1 100 1 10 5 0 10 12 1 9 12 1 10 12 1 1 5 0 10 12 1 10 12 1 9 12 1 1 10 12 1 1 9 12 1 9 12 1 1 10 12 1 1 9 12 1 10 12 1 1 9 12 1 1 10 12 1 1 100 1 10 100 1 10 12 1 10 12 1 1 10 12 1 1 10 12 1 1 10 12 1 10 12 1 1 10 12 1 1 100 1 10 12 1 1 7 1 100 1 8 1 10 12 1 10 12 1 1 10 12 1 1 10 10 12 1 11 12 1 1 11 100 12 1 1 1 11 100 12 1 1 1 11 12 1 100 1 11 12 1 11 12 1 10 12 1 1 10 12 1 1 9 12 1 1 10 100 12 1 1 1 9 10 12 1 1 9 12 1 10 12 1 1 5 0 9 12 1 1 7 1 10 12 1 9 12 1 1 7 1 10 12 1 9 12 1 100 1 10 100 1 10 10 12 1 1 8 1 10 12 1 10 12 1 1 11 100 1 10 12 1 10 100 12 1 1 1 8 1 10 100 12 1 1 1 8 1 10 12 1 8 1 10 12 1 10 12 1 1 10 100 12 1 1 10 12 1 10 12 1 10 12 1 9 12 1 9 10 12 1 9 12 1 11 100 12 1 1 1 11 7 12 1 1 1 100 1 10 12 11 100 12 1 1 10 11 7 12 1 10 12 1 100 1 10 12 1 100 1 10 10 9 7 12 1 1 1 3 10 100 12 1 1 9 12 1 10 12 1 1 9 12 1 1 9 12 1 10 12 1 1 10 100 12 1 1 9 12 1 9 7 12 1 1 10 12 1 1 10 12 1 3 9 12 1 9 12 1 10 12 1 1 7 1 9 3 100 1 10 12 1 9 12 1 10 12 1 9 12 1 10 12 1 9 12 1 10 100 12 1 1 1 100 10 12 1 100 1 5 0 10 100 12 1 1 100 1 10 12 1 1 10 12 1 10 12 1 100 1 10 12 1 10 100 1 100 1 10 10 12 1 10 100 1 10 12 1 10 100 1 10 12 1 10 100 1 10 12 1 1 100 1 10 12 1 10 10 12 1 100 1 10 12 1 10 10 12 1 100 1 10 12 1 10 100 1 10 12 1 10 100 1 10 12 1 10 100 1 10 12 1 10 100 1 10 12 1 10 100 1 10 12 1 10 100 1 10 12 1 10 100 1 10 12 1 10 100 1 10 10 100 1 10 10 100 1 10 10 100 1 10 12 1 10 100 1 10 12 1 10 100 1 10 12 1 10 100 1 10 12 1 10 100 1 10 12 1 10 100 1 10 10 100 1 10 10 100 1 10 10 100 1 10 12 1 10 100 1 10 12 1 10 100 1 10 12 1 10 100 1 10 12 1 10 100 1 10 12 1 10 10 12 1 10 12 1 7 1 7 1 10 12 1 9 12 1 1 9 12 1 1 10 12 1 1 8 10 12 1 1 8 8 8 8 7 10 12 1 1 10 12 1 1 100 1 8 1 10 7 1 100 1 100 1 1 1 5 0 1 1 3 1 3 1 1 1 1 3 1 3 1 3 1 1 1 1 1 3 1 3 1 3 1 1 1 1 1 1 1 1 1 1 1 1 1 1 1 1 1 1 1 1 1 1 1 1 1 1 1 100 1 1 1 1 1 1 1 1 1 1 1 1 1 1 1 1 1 1 1 1 1 1 1 1 1 1 1 1 1 1 1 1 1 1 1 1 1 1 1 1 1 1 1 1 1 1 1 1 1 1 1 1 1 1 1 1 1 1 1 1 1 1 1 1 1 1 1 1 1 1 1 1 1 1 1 1 1 1 1 1 1 1 1 1 100 1 1 1 1 1 1 1 1 1 1 1 100 1 1 1 1 1 1 1 1 1 1 1 1 1 1 1 1 1 1 1 1 1 1 1 1 1 1 1 1 1 1 1 1 1 1 1 1 1 1 1 1 1 1 1 1 1 1 1 1 1 1 1 1 1 1 1 1 1 1 1 1 1 1 1 1 1 1 1 1 1 1 1 1 1 1 1 1 1 1 1 1 1 1 1 1 1 1 1 1 1 1 1 1 1 1 1 1 1 1 1 1 1 1 1 1 1 1 1 1 1 1 1 1 1 1 1 1 1 1 1 1 1 1 1 1 1 1 1 1 1 1 1 1 1 1 1 1 1 1 1 1 1 1 1 1 1 1 1 1 1 1 1 1 1 1 1 1 1 1 1 1 1 1 1 1 1 1 1 1 1 1 1 1 1 1 1 1 1 1 1 1 1 1 1 1 1 1 1 1 1 1 1 1 1 1 1 1 1 1 1 1 1 1 1 1 1 1 1 1 1 1 1 1 1 1 1 1 1 1 1 1 1 1 1 100 1 100 1 100 1 100 1 100 1 100 1 100 1 100 1 100 1 1 1 1 1 1 1 1 1 1 1 1 1 1 1 1 1 1 1 1 1 1 1 1 1 1 1 1 1 1 1 1 1 1 1 1 1 1 1 1 1 1 1 1 1 1 1 1 1 1 1 1 1 1 1 1 1 1
staticfield java/util/concurrent/ConcurrentHashMap serialPersistentFields [Ljava/io/ObjectStreamField; 3 [Ljava/io/ObjectStreamField;
staticfield java/util/concurrent/ConcurrentHashMap U Ljdk/internal/misc/Unsafe; jdk/internal/misc/Unsafe
staticfield java/util/concurrent/ConcurrentHashMap SIZECTL J 44
staticfield java/util/concurrent/ConcurrentHashMap TRANSFERINDEX J 56
staticfield java/util/concurrent/ConcurrentHashMap BASECOUNT J 48
staticfield java/util/concurrent/ConcurrentHashMap CELLSBUSY J 60
staticfield java/util/concurrent/ConcurrentHashMap CELLVALUE J 144
staticfield java/util/concurrent/ConcurrentHashMap ABASE J 16
staticfield java/util/concurrent/ConcurrentHashMap ASHIFT I 2
instanceKlass java/util/TreeMap
instanceKlass sun/font/AttributeMap
instanceKlass sun/awt/SoftCache
instanceKlass java/util/IdentityHashMap
instanceKlass java/util/EnumMap
instanceKlass java/util/WeakHashMap
instanceKlass java/util/Collections$EmptyMap
instanceKlass sun/util/PreHashedMap
instanceKlass java/util/HashMap
instanceKlass java/util/ImmutableCollections$AbstractImmutableMap
instanceKlass java/util/concurrent/ConcurrentHashMap
ciInstanceKlass java/util/AbstractMap 1 1 198 10 7 12 1 1 1 10 7 12 1 1 1 11 7 12 1 1 1 10 11 12 1 1 11 7 12 1 1 1 11 12 1 1 7 1 11 12 1 10 12 1 1 11 12 1 100 1 10 11 12 1 11 7 1 10 12 1 1 11 12 1 9 12 1 1 100 1 10 12 1 9 12 1 1 7 1 10 11 11 12 1 1 11 12 1 100 1 100 1 11 12 1 8 1 100 1 10 10 12 1 1 8 1 10 12 1 10 12 1 1 10 12 1 1 1 1 1 1 1 1 1 1 1 1 1 1 1 1 1 1 1 1 1 1 1 1 1 1 1 1 1 1 1 1 1 1 1 1 1 1 1 1 100 1 1 1 1 1 1 1 100 1 1 1 1 1 1 1 1 1 100 1 1 1 1 1 1 1 1 1 100 1 100 1 100 1 100 1 100 1 1 1 1 1 1 1 1
ciMethod java/util/concurrent/ConcurrentHashMap get (Ljava/lang/Object;)Ljava/lang/Object; 512 6 6443 0 680
ciMethod java/util/concurrent/ConcurrentHashMap put (Ljava/lang/Object;Ljava/lang/Object;)Ljava/lang/Object; 386 0 199 0 -1
ciInstanceKlass java/util/concurrent/ConcurrentMap 1 1 201 11 100 12 1 1 1 10 100 12 1 1 11 12 1 1 11 100 12 1 1 1 11 100 12 1 1 1 11 12 1 1 100 1 11 12 1 11 12 1 100 1 11 100 12 1 1 1 18 12 1 11 12 1 1 11 100 12 1 1 11 12 1 1 11 100 12 1 11 12 1 1 11 12 1 1 100 1 100 1 1 1 1 1 1 1 1 1 1 1 1 1 1 1 1 1 1 1 1 1 1 1 1 1 1 1 1 1 1 1 1 1 1 1 1 1 1 1 1 1 1 1 1 1 1 1 1 1 1 1 1 1 1 1 1 1 1 1 1 16 15 11 12 15 10 100 12 1 1 1 1 1 100 1 100 1 1 1 100 1 8 1 1 12 10 1 8 1 1 1 8 1 8 1 1 8 1 1 1 8 1 1 1 8 1 1 8 1 8 1 1 1 8 1 1 8 1 1 1 8 1
ciInstanceKlass java/util/Collection 1 1 115 11 100 12 1 1 1 100 1 11 7 12 1 1 1 10 100 12 1 1 1 11 12 1 1 11 100 12 1 1 1 11 12 1 1 11 100 12 1 1 1 11 12 1 1 10 100 12 1 1 1 11 12 1 10 7 12 1 1 1 100 1 100 1 1 1 1 1 1 1 1 1 1 1 1 1 1 1 1 1 1 1 1 1 1 1 1 1 1 1 1 1 1 1 1 1 1 1 1 1 1 1 1 1 1 1 1 1 1 1 1 1 1 1 1
instanceKlass jdk/internal/loader/ClassLoaders$BootClassLoader
instanceKlass jdk/internal/loader/ClassLoaders$PlatformClassLoader
instanceKlass jdk/internal/loader/ClassLoaders$AppClassLoader
ciInstanceKlass jdk/internal/loader/BuiltinClassLoader 1 1 652 9 7 12 1 1 1 10 7 12 1 1 1 10 7 12 1 1 1 9 12 1 1 9 12 1 1 7 1 10 12 1 9 12 1 10 12 1 9 12 1 10 7 12 1 1 1 10 7 12 1 1 1 10 100 12 1 1 1 11 7 12 1 1 1 100 1 100 1 10 10 12 1 1 8 1 10 12 1 10 12 7 1 10 12 1 10 12 1 1 11 100 12 1 1 1 11 7 12 1 1 1 11 12 1 1 7 1 8 1 8 1 10 9 12 1 1 10 7 12 1 1 11 12 1 1 10 12 1 1 10 12 1 1 10 12 1 1 11 7 12 1 1 1 10 7 12 1 1 7 1 10 100 12 1 1 1 10 7 12 1 1 1 10 12 1 10 12 1 100 1 8 1 10 12 1 1 10 8 1 10 12 1 1 10 12 1 1 10 12 1 1 11 7 12 1 1 11 12 1 7 1 10 11 12 1 1 11 10 12 1 1 7 1 10 12 1 10 7 12 1 10 12 1 11 12 1 1 11 7 1 11 12 1 100 1 10 12 1 1 100 1 100 1 11 12 1 1 10 12 1 10 12 10 12 1 10 7 12 1 1 1 100 1 10 10 12 1 1 10 12 1 1 10 12 1 1 10 12 1 9 12 1 1 100 1 10 10 12 1 1 10 12 1 1 10 12 1 10 12 10 12 1 1 10 12 1 1 10 12 1 1 10 12 1 10 12 1 1 10 12 1 1 10 12 1 10 12 1 1 10 12 1 100 1 10 12 10 7 12 1 1 1 10 12 1 11 12 1 100 1 10 12 1 7 1 100 1 10 12 1 10 12 1 11 12 1 1 10 12 1 1 10 12 1 1 10 12 1 1 10 12 1 1 10 12 1 10 12 1 10 12 1 10 12 1 8 1 10 12 1 1 10 100 12 1 1 10 12 1 100 1 8 1 8 1 10 10 12 1 8 1 8 1 10 100 12 1 1 1 11 100 12 1 1 1 9 100 12 1 1 1 10 100 12 1 1 1 9 12 1 9 12 1 9 12 1 9 12 1 9 12 1 9 12 1 10 100 12 1 1 1 8 1 10 12 1 7 1 10 11 12 1 1 10 12 10 12 1 10 12 1 100 1 10 12 1 10 12 1 11 11 12 1 10 7 12 1 1 10 7 12 1 1 8 1 10 7 12 1 1 10 12 1 1 1 1 1 1 1 1 1 1 1 1 1 1 1 1 1 1 1 1 1 1 1 1 1 1 1 1 1 1 1 1 1 1 1 1 1 1 1 1 1 1 1 1 1 1 1 1 1 1 1 1 1 1 1 100 1 1 1 1 1 1 1 1 1 1 1 1 1 100 1 100 1 1 1 1 1 1 1 1 1 1 1 1 1 1 1 1 1 1 1 1 1 1 1 1 1 1 1 1 1 1 1 1 1 1 1 1 1 1 1 1 1 1 1 1 1 1 1 100 1 1 1 100 1 1 1 1 1
staticfield jdk/internal/loader/BuiltinClassLoader packageToModule Ljava/util/Map; java/util/concurrent/ConcurrentHashMap
staticfield jdk/internal/loader/BuiltinClassLoader $assertionsDisabled Z 1
ciInstanceKlass jdk/internal/loader/ClassLoaders$AppClassLoader 1 1 57 8 1 10 7 12 1 1 1 10 100 12 1 1 1 10 12 1 1 10 7 12 1 1 1 100 1 10 12 1 1 1 1 1 1 1 1 1 1 1 1 1 1 1 1 1 1 1 1 1 1 1 1 100 1 1 1
ciInstanceKlass jdk/internal/loader/ClassLoaders$PlatformClassLoader 1 1 42 8 1 10 7 12 1 1 1 10 7 12 1 1 1 100 1 10 12 1 100 1 1 1 1 1 1 1 1 1 1 1 1 1 1 100 1 1 1 100 1 1
ciInstanceKlass java/lang/ArithmeticException 1 1 26 10 100 12 1 1 1 10 12 1 100 1 1 1 1 5 0 1 1 1 1 1 1 1 1 1
instanceKlass java/io/IOException
instanceKlass java/lang/InterruptedException
instanceKlass java/lang/ReflectiveOperationException
instanceKlass java/lang/RuntimeException
ciInstanceKlass java/lang/Exception 1 1 40 10 7 12 1 1 1 10 12 1 10 12 1 10 12 1 10 12 1 100 1 1 1 1 5 0 1 1 1 1 1 1 1 1 1 1 1 1 1 1
instanceKlass java/util/concurrent/StructureViolationException
instanceKlass java/lang/WrongThreadException
instanceKlass java/lang/IllegalStateException
instanceKlass java/lang/IllegalArgumentException
instanceKlass java/lang/IndexOutOfBoundsException
instanceKlass java/lang/ArithmeticException
instanceKlass java/lang/NullPointerException
instanceKlass java/lang/IllegalCallerException
instanceKlass java/lang/IllegalMonitorStateException
instanceKlass java/lang/ArrayStoreException
instanceKlass java/lang/ClassCastException
ciInstanceKlass java/lang/RuntimeException 1 1 40 10 100 12 1 1 1 10 12 1 10 12 1 10 12 1 10 12 1 100 1 1 1 1 5 0 1 1 1 1 1 1 1 1 1 1 1 1 1 1
ciInstanceKlass java/lang/ArrayIndexOutOfBoundsException 1 1 45 10 100 12 1 1 1 10 12 1 100 1 10 8 1 10 12 1 1 10 12 1 10 12 1 1 100 1 1 1 1 5 0 1 1 1 1 1 1 1 1 1 1 1 1
instanceKlass java/lang/ArrayIndexOutOfBoundsException
ciInstanceKlass java/lang/IndexOutOfBoundsException 1 1 49 10 100 12 1 1 1 10 12 1 100 1 10 8 1 10 12 1 1 10 12 1 10 12 1 1 10 12 1 100 1 1 1 1 5 0 1 1 1 1 1 1 1 1 1 1 1 1 1
ciInstanceKlass java/lang/ArrayStoreException 1 1 26 10 100 12 1 1 1 10 12 1 100 1 1 1 1 5 0 1 1 1 1 1 1 1 1 1
ciInstanceKlass java/lang/ClassCastException 1 1 26 10 100 12 1 1 1 10 12 1 100 1 1 1 1 5 0 1 1 1 1 1 1 1 1 1
ciInstanceKlass java/lang/ClassNotFoundException 1 1 96 7 1 10 7 12 1 1 1 10 12 1 10 12 1 1 10 100 12 1 1 1 8 1 10 100 12 1 1 1 10 7 12 1 1 10 100 12 1 1 1 10 100 12 1 1 1 10 12 1 1 7 1 10 12 1 9 12 1 1 1 1 1 5 0 1 1 1 1 1 1 1 1 1 1 1 1 1 1 1 1 1 1 100 1 1 1 1 1 1 1 1 1 1 1 1
staticfield java/lang/ClassNotFoundException serialPersistentFields [Ljava/io/ObjectStreamField; 1 [Ljava/io/ObjectStreamField;
instanceKlass java/lang/IllegalAccessException
instanceKlass java/lang/NoSuchFieldException
instanceKlass java/lang/NoSuchMethodException
instanceKlass java/lang/ClassNotFoundException
ciInstanceKlass java/lang/ReflectiveOperationException 1 1 34 10 7 12 1 1 1 10 12 1 10 12 1 10 12 1 100 1 1 1 1 5 0 1 1 1 1 1 1 1 1 1 1 1
ciInstanceKlass java/lang/IllegalArgumentException 1 1 35 10 100 12 1 1 1 10 12 1 10 12 1 10 12 1 100 1 1 1 1 5 0 1 1 1 1 1 1 1 1 1 1 1 1
ciInstanceKlass java/lang/IllegalCallerException 0 0 35 10 100 12 1 1 1 10 12 1 10 12 1 10 12 1 100 1 1 1 1 5 0 1 1 1 1 1 1 1 1 1 1 1 1
ciInstanceKlass java/lang/IllegalMonitorStateException 1 1 26 10 100 12 1 1 1 10 12 1 100 1 1 1 1 5 0 1 1 1 1 1 1 1 1 1
ciInstanceKlass java/lang/BootstrapMethodError 0 0 45 10 100 12 1 1 1 10 12 1 10 12 1 10 100 12 1 1 1 10 100 12 1 1 1 1 1 1 5 0 1 1 1 1 1 1 1 1 1 1 1 100 1 1 1
instanceKlass jdk/internal/misc/ScopedMemoryAccess$ScopedAccessError
instanceKlass java/lang/VirtualMachineError
instanceKlass java/lang/LinkageError
ciInstanceKlass java/lang/Error 1 1 58 10 7 12 1 1 1 9 12 1 1 10 100 12 1 1 1 10 100 12 1 1 1 10 12 1 10 12 1 10 12 1 10 12 1 100 1 1 1 1 5 0 1 1 1 1 1 1 1 1 100 1 1 1 1 1 1 1
instanceKlass java/lang/IncompatibleClassChangeError
instanceKlass java/lang/BootstrapMethodError
instanceKlass java/lang/NoClassDefFoundError
ciInstanceKlass java/lang/LinkageError 1 1 31 10 7 12 1 1 1 10 12 1 10 12 1 100 1 1 1 1 5 0 1 1 1 1 1 1 1 1 1 1 1
ciInstanceKlass java/lang/NullPointerException 1 1 52 10 100 12 1 1 1 10 12 1 9 100 12 1 1 1 10 12 1 1 9 12 1 1 10 12 1 1 10 12 1 1 1 1 5 0 1 1 1 1 1 1 1 1 100 1 100 1 100 1 1 1
ciMethod java/lang/NullPointerException <init> (Ljava/lang/String;)V 0 0 1 0 -1
ciInstanceKlass java/lang/InternalError 1 1 34 10 100 12 1 1 1 10 12 1 10 12 1 10 12 1 100 1 1 1 1 5 0 1 1 1 1 1 1 1 1 1 1 1
instanceKlass java/lang/StackOverflowError
instanceKlass java/lang/OutOfMemoryError
instanceKlass java/lang/InternalError
ciInstanceKlass java/lang/VirtualMachineError 1 1 34 10 100 12 1 1 1 10 12 1 10 12 1 10 12 1 100 1 1 1 1 5 0 1 1 1 1 1 1 1 1 1 1 1
ciMethod java/lang/InternalError <init> (Ljava/lang/String;)V 0 0 1 0 -1
ciInstanceKlass java/lang/NoClassDefFoundError 0 0 26 10 100 12 1 1 1 10 12 1 100 1 1 1 1 5 0 1 1 1 1 1 1 1 1 1
ciInstanceKlass java/lang/OutOfMemoryError 1 1 26 10 100 12 1 1 1 10 12 1 100 1 1 1 1 5 0 1 1 1 1 1 1 1 1 1
ciInstanceKlass java/lang/StackOverflowError 1 1 26 10 100 12 1 1 1 10 12 1 100 1 1 1 1 5 0 1 1 1 1 1 1 1 1 1
ciInstanceKlass java/lang/StackTraceElement 0 0 235 10 100 12 1 1 1 10 100 12 1 1 9 12 1 1 9 12 1 1 9 12 1 9 12 1 8 1 10 100 12 1 1 1 100 1 9 12 1 8 1 9 12 1 9 12 1 9 12 1 1 10 12 1 1 10 12 1 8 1 10 100 12 1 1 1 100 1 10 12 1 10 12 1 1 10 12 1 10 12 1 1 10 12 1 10 12 1 10 10 12 1 8 1 10 12 1 10 12 1 1 10 12 1 1 10 12 1 10 12 1 10 12 1 9 12 1 1 10 100 12 1 1 1 10 12 1 1 100 1 10 12 1 1 10 100 12 1 1 10 100 12 1 1 1 10 100 12 1 1 10 100 12 1 1 10 10 12 1 1 10 12 1 1 10 12 1 1 10 12 1 100 1 1 1 1 1 1 1 3 1 3 1 1 5 0 1 1 1 1 1 1 1 1 1 1 1 1 1 1 1 1 1 1 1 1 1 1 1 1 1 1 1 1 1 100 1 100 1 1 1 1 1 1 1 100 1 1 1 1 1 1 1 1 1
instanceKlass java/util/concurrent/locks/AbstractQueuedLongSynchronizer
instanceKlass java/util/concurrent/locks/AbstractQueuedSynchronizer
ciInstanceKlass java/util/concurrent/locks/AbstractOwnableSynchronizer 1 1 32 10 7 12 1 1 1 9 7 12 1 1 1 100 1 1 1 1 5 0 1 1 1 1 1 1 1 1 1 1 1 1
ciInstanceKlass jdk/internal/vm/Continuation 1 1 551 9 7 12 1 1 1 9 12 1 9 12 1 9 12 1 100 1 100 1 10 12 1 1 8 1 10 12 1 1 10 12 1 10 12 1 1 10 12 1 9 7 12 1 1 1 11 100 12 1 1 1 10 100 1 9 12 1 1 9 12 1 1 10 8 1 10 12 1 9 12 1 1 10 11 12 1 1 100 1 10 100 12 1 1 1 10 12 1 1 10 12 1 10 12 1 1 11 12 1 1 9 12 1 1 10 12 1 1 18 12 1 1 10 100 12 1 1 1 100 1 10 12 1 11 100 12 1 1 1 10 12 1 9 12 1 10 12 1 1 100 1 8 1 10 12 1 10 12 1 1 9 12 1 1 11 12 1 1 9 12 1 1 8 1 10 11 12 1 1 11 12 1 1 10 12 1 1 10 12 1 1 9 12 1 10 12 1 10 10 12 1 8 1 10 12 1 8 1 8 1 10 7 12 1 1 1 10 100 12 1 1 1 10 12 1 9 12 1 11 12 1 100 1 10 12 1 10 12 1 1 9 12 1 1 100 1 10 12 1 1 9 12 1 1 10 12 1 10 12 1 11 100 12 1 1 10 7 1 10 12 1 8 1 10 12 1 1 9 12 1 1 10 7 12 1 1 8 1 8 1 8 1 8 1 10 12 1 1 10 12 1 10 12 1 10 12 1 10 12 1 1 10 12 1 1 8 1 9 12 1 10 12 1 1 9 12 1 1 10 12 1 1 9 12 1 8 1 10 100 12 1 1 1 10 12 1 8 1 100 1 8 1 10 9 12 1 1 8 1 10 100 12 1 1 10 100 12 1 1 8 1 8 1 10 12 10 12 1 1 10 100 1 10 100 12 1 1 1 18 11 100 12 1 1 1 18 12 1 11 12 1 1 100 1 10 7 12 1 1 10 12 1 1 8 10 12 1 1 10 7 12 1 1 1 10 7 12 1 1 10 12 1 8 1 10 12 1 100 1 100 1 10 12 1 1 1 1 1 1 1 1 1 1 1 1 1 1 1 1 1 1 1 1 1 1 1 1 1 1 1 1 1 1 1 1 1 1 1 1 1 1 1 1 1 1 1 1 1 1 1 1 1 1 1 1 1 1 1 1 1 1 1 1 1 1 1 1 1 1 1 1 1 1 1 1 1 1 1 1 100 1 1 16 1 15 10 12 16 15 11 100 12 1 1 1 16 1 16 1 15 10 12 16 15 10 100 12 1 1 1 1 1 1 1 1 100 1 100 1 1
staticfield jdk/internal/vm/Continuation U Ljdk/internal/misc/Unsafe; jdk/internal/misc/Unsafe
staticfield jdk/internal/vm/Continuation MOUNTED_OFFSET J 13
staticfield jdk/internal/vm/Continuation PRESERVE_SCOPED_VALUE_CACHE Z 1
staticfield jdk/internal/vm/Continuation JLA Ljdk/internal/access/JavaLangAccess; java/lang/System$1
staticfield jdk/internal/vm/Continuation $assertionsDisabled Z 1
ciInstanceKlass jdk/internal/misc/UnsafeConstants 1 1 34 10 100 12 1 1 1 9 7 12 1 1 1 9 12 1 9 12 1 1 9 12 1 9 12 1 1 1 1 1 1 1 1 1
staticfield jdk/internal/misc/UnsafeConstants ADDRESS_SIZE0 I 8
staticfield jdk/internal/misc/UnsafeConstants PAGE_SIZE I 4096
staticfield jdk/internal/misc/UnsafeConstants BIG_ENDIAN Z 0
staticfield jdk/internal/misc/UnsafeConstants UNALIGNED_ACCESS Z 1
staticfield jdk/internal/misc/UnsafeConstants DATA_CACHE_LINE_FLUSH_SIZE I 0
ciInstanceKlass java/lang/invoke/MethodHandleImpl 1 1 1424 10 7 12 1 1 1 7 1 10 100 12 1 1 1 10 7 12 1 1 1 100 1 10 8 1 10 12 1 1 10 12 1 10 12 1 1 10 7 12 1 1 1 9 7 12 1 1 1 10 100 12 1 1 1 100 1 10 12 1 1 10 12 1 1 10 12 1 1 10 7 12 1 1 1 9 7 12 1 1 1 10 7 12 1 1 1 100 1 10 9 12 1 1 9 12 1 10 12 1 1 10 12 1 10 12 1 1 10 12 1 1 10 12 1 1 8 1 8 1 10 12 1 1 10 12 1 1 10 12 1 1 10 12 1 1 10 12 1 10 12 1 1 10 7 12 1 1 1 10 12 1 7 1 10 7 12 1 1 1 10 12 1 1 10 12 1 1 11 7 12 1 1 1 11 7 12 1 1 11 12 1 1 7 1 11 12 1 10 12 1 1 10 12 1 1 11 12 1 10 7 12 1 1 10 12 1 1 10 100 12 1 1 10 12 1 10 12 1 1 10 7 12 1 1 1 10 7 12 1 1 1 10 12 1 1 10 12 1 1 9 7 12 1 1 1 10 10 12 1 1 10 12 1 1 10 10 12 1 1 10 12 1 1 10 7 12 1 1 1 10 12 1 1 10 12 1 10 12 1 10 7 12 1 1 1 10 7 12 1 1 1 10 12 1 1 10 12 1 10 12 1 10 12 1 10 12 1 1 10 12 1 10 12 1 1 10 12 1 10 12 1 8 1 100 1 10 12 1 10 12 1 1 10 12 1 10 12 1 1 10 12 1 1 7 1 10 12 1 100 1 8 1 10 12 1 10 7 12 1 1 1 8 1 10 12 1 10 100 12 1 1 1 100 1 9 100 1 10 12 1 1 10 12 1 1 9 12 1 10 12 1 1 10 7 12 1 1 10 12 1 1 10 12 1 1 10 12 1 10 12 1 7 1 10 12 1 1 9 12 1 1 10 12 1 9 100 12 1 1 1 11 100 12 1 1 7 1 9 12 1 100 1 10 12 1 10 12 1 1 7 1 10 12 1 1 10 12 1 1 10 7 12 1 1 1 10 12 1 1 10 12 1 10 12 1 1 10 12 1 10 12 1 1 10 12 1 7 1 9 7 12 1 1 1 10 12 1 10 12 1 9 7 12 1 1 1 10 12 1 1 10 12 1 1 10 12 1 10 7 12 1 1 10 7 12 1 1 1 9 12 1 10 12 1 9 12 10 12 1 10 12 1 10 12 1 10 12 1 1 10 12 1 10 12 1 1 10 12 1 10 12 1 1 10 12 1 1 10 12 1 1 10 12 1 10 12 1 10 12 1 1 10 12 1 10 7 12 1 1 10 12 1 10 100 12 1 1 8 1 10 8 1 100 1 10 9 12 1 100 1 10 12 1 8 1 10 10 12 1 10 10 12 1 1 10 12 1 1 10 12 1 10 12 1 100 1 8 1 10 12 1 10 100 12 1 1 1 10 12 1 1 10 12 1 10 12 1 7 1 10 12 1 10 12 1 10 12 1 1 7 1 10 12 1 10 100 12 1 1 10 12 1 9 12 1 10 12 1 1 10 12 1 1 100 1 10 10 12 1 8 1 8 1 9 12 1 8 1 8 1 8 1 9 12 1 10 12 1 1 9 12 1 1 10 12 1 8 1 9 7 1 10 12 1 1 10 12 1 8 1 8 1 8 1 100 1 100 1 8 8 1 8 1 100 1 8 1 100 1 10 12 1 7 1 10 10 7 12 1 1 1 10 12 1 10 12 10 12 1 10 12 1 11 100 12 1 1 1 18 12 1 11 100 12 1 1 1 18 18 12 1 11 12 1 1 10 12 1 1 10 12 1 10 12 1 11 12 1 9 12 1 9 12 10 10 12 1 1 9 12 1 1 11 12 1 1 18 12 1 1 11 12 1 1 11 12 1 1 10 12 1 11 100 1 10 12 1 10 12 1 10 12 1 9 12 1 9 12 10 12 1 10 7 12 1 1 1 10 12 1 10 12 1 1 10 12 1 10 12 9 12 1 1 10 12 1 10 12 1 1 9 12 1 9 12 1 10 12 1 10 12 1 1 10 12 1 100 1 10 12 1 9 12 1 1 11 100 1 9 12 1 9 12 11 12 1 9 12 1 10 12 10 12 1 1 10 12 1 1 9 7 12 1 1 10 12 1 10 12 1 10 12 1 1 7 1 10 12 1 10 12 1 1 100 1 10 12 1 1 10 12 1 1 100 1 10 12 1 1 10 12 1 1 10 12 1 10 12 1 10 12 1 9 12 1 10 12 1 10 12 1 1 9 7 12 1 1 1 8 10 12 1 1 8 1 10 12 1 8 1 8 1 8 1 8 1 8 1 8 1 7 1 8 1 8 1 10 12 1 9 12 1 10 12 1 1 1 1 1 3 1 1 3 1 3 1 3 1 3 1 3 1 3 1 3 1 3 1 1 1 1 1 1 1 1 1 3 1 3 1 1 1 1 1 1 1 1 1 1 1 1 1 1 1 1 1 1 1 1 1 1 1 1 1 1 1 1 1 1 1 1 1 1 1 1 1 1 1 1 1 1 1 1 1 1 1 1 1 1 1 1 1 1 1 1 1 1 1 1 1 1 1 1 1 1 1 1 1 1 1 1 1 1 1 1 1 1 1 1 1 1 1 1 1 1 1 1 1 1 1 1 1 1 1 1 1 1 1 1 1 1 1 100 1 1 1 1 1 1 1 1 1 1 1 1 1 1 1 1 1 1 1 1 1 1 1 1 1 1 1 1 1 1 1 1 1 1 1 1 1 1 1 1 1 1 1 1 1 1 1 1 1 1 1 1 1 1 1 1 1 1 1 1 1 1 1 1 1 1 1 1 1 1 1 1 1 1 1 1 1 1 1 1 1 1 1 1 1 1 1 1 1 1 1 1 1 1 1 1 1 1 1 1 1 1 1 1 1 1 1 1 1 1 1 1 1 1 1 1 1 1 1 1 1 1 1 1 1 1 1 1 1 1 1 1 1 1 1 1 1 1 1 1 1 1 1 1 1 1 1 1 1 1 1 1 1 1 1 1 1 1 1 1 1 1 1 1 1 1 1 1 1 100 1 100 1 100 1 100 1 100 1 100 1 100 1 1 16 15 10 12 16 15 16 16 1 15 10 12 16 16 15 10 12 16 15 10 100 12 1 1 1 1 1 1 1 1 1 1 1 1 1 1 1 1 1 1 1 1 1 1 1 1
staticfield java/lang/invoke/MethodHandleImpl ARRAYS [Ljava/lang/invoke/MethodHandle; 256 [Ljava/lang/invoke/MethodHandle;
staticfield java/lang/invoke/MethodHandleImpl NFS [Ljava/lang/invoke/LambdaForm$NamedFunction; 7 [Ljava/lang/invoke/LambdaForm$NamedFunction;
staticfield java/lang/invoke/MethodHandleImpl HANDLES [Ljava/lang/invoke/MethodHandle; 9 [Ljava/lang/invoke/MethodHandle;
staticfield java/lang/invoke/MethodHandleImpl $assertionsDisabled Z 1
instanceKlass java/lang/invoke/NativeMethodHandle
instanceKlass java/lang/invoke/DelegatingMethodHandle
instanceKlass java/lang/invoke/BoundMethodHandle
instanceKlass java/lang/invoke/DirectMethodHandle
ciInstanceKlass java/lang/invoke/MethodHandle 1 1 734 100 1 9 7 12 1 1 1 10 7 12 1 1 1 10 7 12 1 1 1 7 1 7 1 10 12 1 1 9 12 1 1 10 12 1 10 12 1 1 10 12 1 1 10 100 12 1 1 1 10 12 1 1 10 12 1 1 11 100 12 1 1 1 10 12 1 1 10 12 1 10 12 1 9 12 1 1 9 12 1 1 10 100 12 1 1 1 10 12 1 10 12 1 1 10 12 1 10 12 1 100 1 100 1 10 8 1 10 12 1 1 10 12 1 8 1 10 12 1 1 10 12 1 10 7 12 1 1 1 10 12 1 1 10 12 1 1 10 12 1 1 10 7 12 1 1 1 10 12 1 1 10 12 1 1 10 12 1 10 12 1 1 10 100 12 1 1 10 100 12 1 1 10 12 1 10 12 1 10 12 1 1 10 12 1 1 10 12 1 1 10 12 1 1 10 7 12 1 1 1 10 100 12 1 1 1 10 12 1 1 10 12 1 1 10 12 1 1 8 1 10 7 12 1 1 1 8 1 10 12 1 10 12 1 1 10 12 1 1 10 12 1 8 1 10 12 1 1 8 1 10 12 1 8 1 10 100 12 1 1 1 9 12 1 1 100 1 10 9 100 12 1 1 1 9 100 1 8 1 10 12 1 1 10 12 1 10 12 1 1 10 12 1 10 12 1 1 10 12 1 10 12 1 1 10 12 1 10 12 1 1 10 12 1 1 8 1 10 12 1 1 8 1 10 12 1 10 12 1 1 10 12 1 10 12 1 10 12 1 1 9 100 12 1 1 1 10 12 1 1 11 12 1 10 12 1 10 12 1 1 10 100 12 1 1 100 1 11 12 1 10 100 1 11 12 1 100 1 10 12 1 11 12 1 9 100 12 1 1 1 11 12 1 1 11 100 12 1 1 1 10 12 1 1 9 12 1 11 12 1 9 12 1 9 12 1 9 12 1 11 12 1 1 9 12 1 9 12 1 9 12 1 9 12 1 9 12 1 9 12 1 9 12 1 8 1 10 12 1 10 12 1 8 1 10 12 1 10 12 1 10 12 1 1 10 10 10 7 12 1 1 10 12 1 1 100 1 100 1 8 1 8 1 10 10 12 1 1 10 12 1 10 12 1 100 1 10 100 12 1 1 1 10 9 7 12 1 1 1 10 12 1 1 10 12 1 1 8 1 8 1 10 100 12 1 1 9 12 1 9 12 1 1 9 12 1 1 10 12 1 7 1 10 12 1 10 12 1 1 9 12 1 1 9 12 1 1 10 7 12 1 1 1 11 7 12 1 1 9 12 1 10 12 1 1 9 12 1 10 12 1 8 10 12 1 1 8 1 1 1 1 1 1 1 1 100 1 1 1 1 1 1 1 1 1 1 1 1 1 1 1 1 1 1 1 1 1 1 1 1 1 1 1 1 1 1 1 1 100 1 1 1 1 1 1 1 1 1 1 1 1 1 1 1 1 1 1 1 1 1 1 1 1 1 1 1 1 1 1 1 1 1 1 1 1 1 1 1 1 1 1 1 1 1 1 1 1 1 1 1 1 1 1 1 1 1 1 1 1 1 1 1 1 1 1 1 1 1 1 1 1 1 1 1 1 1 1 1 1 1 1 1 1 1 1 100 1 1 100 1 100 1 100 1 1 100 1 1 100 1 1 1 1
staticfield java/lang/invoke/MethodHandle FORM_OFFSET J 20
staticfield java/lang/invoke/MethodHandle UPDATE_OFFSET J 13
staticfield java/lang/invoke/MethodHandle $assertionsDisabled Z 1
ciInstanceKlass java/lang/invoke/MethodType 1 1 724 7 1 10 7 12 1 1 1 9 12 1 1 9 12 1 1 9 12 1 1 10 7 12 1 1 1 9 7 12 1 1 8 1 10 100 12 1 1 1 9 7 1 9 7 1 10 12 1 1 100 1 10 8 1 10 12 1 1 10 12 1 10 12 1 1 100 1 8 1 10 12 1 100 1 10 10 12 1 10 12 1 1 10 12 1 1 11 7 12 1 1 1 9 12 1 11 12 1 1 7 10 12 1 1 10 12 1 1 7 1 7 1 10 7 12 1 1 1 10 12 1 10 12 1 9 12 1 1 10 7 12 1 1 10 12 1 1 10 7 12 1 1 1 10 7 12 1 1 1 10 12 1 9 12 1 1 10 12 1 1 10 12 1 1 10 12 1 1 10 12 1 1 10 12 1 1 10 12 1 10 12 1 10 12 1 1 10 12 1 8 1 8 1 10 12 1 1 9 12 1 1 100 1 10 10 12 1 1 10 12 1 10 12 1 1 10 12 1 1 10 12 1 10 12 1 10 12 1 8 1 10 12 1 1 10 100 12 1 1 1 10 12 1 10 12 1 1 10 12 1 10 12 1 10 12 1 1 10 12 1 10 12 1 9 12 1 10 12 1 10 10 12 1 1 10 12 1 9 12 1 1 10 12 1 1 11 12 1 1 10 12 1 1 10 12 1 10 12 1 100 1 8 1 8 1 8 1 10 12 1 10 12 1 10 12 1 1 10 10 12 1 11 12 1 1 11 12 1 10 100 12 1 1 1 9 12 1 10 12 1 10 12 1 1 10 12 1 1 10 12 1 10 12 1 10 100 12 1 1 1 10 12 1 1 10 12 1 10 12 1 10 12 1 10 9 12 1 1 7 1 10 12 1 10 100 12 1 1 1 10 12 1 1 10 100 12 1 1 1 10 12 1 1 8 1 10 100 12 1 1 1 11 12 1 1 9 12 1 1 10 12 1 1 10 12 1 10 12 1 1 10 12 1 1 10 100 12 1 1 10 12 1 10 12 100 1 11 100 12 1 1 10 12 1 11 12 1 10 100 12 1 1 10 12 1 1 10 12 1 1 9 12 1 1 9 100 12 1 1 1 10 100 12 1 1 1 9 12 1 10 100 12 1 1 10 12 1 100 10 12 1 10 12 1 1 10 12 1 7 1 10 10 12 1 1 7 1 7 1 9 12 1 1 100 1 100 1 100 1 1 1 5 0 1 1 1 1 1 1 1 3 1 3 1 3 1 1 1 1 1 1 1 1 1 1 1 1 1 1 1 1 1 1 1 1 1 1 1 1 1 1 1 1 1 1 1 1 1 1 1 1 1 1 1 1 1 1 1 1 1 1 1 1 1 1 1 1 1 1 1 1 1 1 1 1 1 1 1 1 1 1 1 1 1 1 1 1 1 1 1 1 1 1 1 1 1 1 1 1 1 1 1 1 1 1 1 1 1 1 1 1 1 1 1 1 1 1 1 1 1 1 1 1 1 1 1 1 1 1 1 1 1 1 1 1 1 1 1 1 1 1 1 1 100 1 100 1 1 1 1 1 1 1 1 1 1 1 1 1 100 1 1 1 1 100 1 1 1 100 1 1 1 1 1 1 1 1 1 1 1 1 1 1 1 1 1 1 100 1 1 100 1 1
staticfield java/lang/invoke/MethodType internTable Ljdk/internal/util/ReferencedKeySet; jdk/internal/util/ReferencedKeySet
staticfield java/lang/invoke/MethodType NO_PTYPES [Ljava/lang/Class; 0 [Ljava/lang/Class;
staticfield java/lang/invoke/MethodType objectOnlyTypes [Ljava/lang/invoke/MethodType; 20 [Ljava/lang/invoke/MethodType;
staticfield java/lang/invoke/MethodType METHOD_HANDLE_ARRAY [Ljava/lang/Class; 1 [Ljava/lang/Class;
staticfield java/lang/invoke/MethodType serialPersistentFields [Ljava/io/ObjectStreamField; 0 [Ljava/io/ObjectStreamField;
staticfield java/lang/invoke/MethodType $assertionsDisabled Z 1
ciInstanceKlass java/lang/invoke/TypeDescriptor$OfMethod 1 0 43 100 1 100 1 100 1 1 1 1 1 1 1 1 1 1 1 1 1 1 1 1 1 1 1 1 1 1 1 1 1 1 1 1 1 1 1 1 1 1 100 1 1
instanceKlass java/awt/event/FocusEvent$Cause
instanceKlass sun/java2d/marlin/DMarlinRenderingEngine$NormMode
instanceKlass java/lang/invoke/MethodHandleImpl$ArrayAccess
instanceKlass jdk/internal/foreign/abi/Binding$Cast
instanceKlass jdk/internal/foreign/abi/x64/windows/TypeClass
instanceKlass jdk/internal/foreign/abi/LinkerOptions$Critical
instanceKlass jdk/internal/foreign/abi/StubLocations
instanceKlass java/lang/invoke/MethodHandles$Lookup$ClassOption
instanceKlass java/lang/reflect/AccessFlag$Location
instanceKlass java/lang/reflect/AccessFlag
instanceKlass java/lang/classfile/ClassFile$StackMapsOption
instanceKlass java/lang/classfile/attribute/StackMapFrameInfo$SimpleVerificationTypeInfo
instanceKlass jdk/internal/foreign/SystemLookup$WindowsFallbackSymbols
instanceKlass java/nio/file/AccessMode
instanceKlass java/nio/file/LinkOption
instanceKlass jdk/internal/foreign/CABI
instanceKlass java/awt/EventFilter$FilterAction
instanceKlass java/util/concurrent/TimeUnit
instanceKlass java/awt/Dialog$ModalityType
instanceKlass java/util/stream/MatchOps$MatchKind
instanceKlass jdk/internal/foreign/layout/AbstractGroupLayout$Kind
instanceKlass java/util/stream/Collector$Characteristics
instanceKlass java/util/stream/StreamShape
instanceKlass java/awt/Component$BaselineResizeBehavior
instanceKlass com/sun/java/swing/plaf/windows/TMSchema$Control
instanceKlass com/sun/java/swing/plaf/windows/TMSchema$Part
instanceKlass java/awt/Dialog$ModalExclusionType
instanceKlass java/awt/desktop/UserSessionEvent$Reason
instanceKlass sun/awt/OSInfo$OSType
instanceKlass jdk/internal/util/OperatingSystem
instanceKlass sun/java2d/StateTrackable$State
instanceKlass sun/awt/AppContext$State
instanceKlass java/awt/Window$Type
instanceKlass sun/font/EAttribute
instanceKlass jdk/internal/logger/BootstrapLogger$LoggingBackend
instanceKlass sun/nio/fs/WindowsPathType
instanceKlass java/nio/file/StandardOpenOption
instanceKlass java/lang/classfile/Opcode$Kind
instanceKlass java/lang/classfile/Opcode
instanceKlass java/lang/invoke/VarHandle$AccessType
instanceKlass java/lang/invoke/VarHandle$AccessMode
instanceKlass java/lang/invoke/MethodHandleImpl$Intrinsic
instanceKlass java/lang/classfile/AttributeMapper$AttributeStability
instanceKlass jdk/internal/classfile/impl/AbstractPoolEntry$Utf8EntryImpl$State
instanceKlass java/lang/classfile/TypeKind
instanceKlass java/lang/invoke/LambdaForm$BasicType
instanceKlass java/lang/invoke/LambdaForm$Kind
instanceKlass java/lang/constant/DirectMethodHandleDesc$Kind
instanceKlass sun/invoke/util/Wrapper
instanceKlass java/util/stream/StreamOpFlag$Type
instanceKlass java/util/stream/StreamOpFlag
instanceKlass java/lang/System$Logger$Level
instanceKlass sun/util/logging/PlatformLogger$Level
instanceKlass jdk/internal/vm/Continuation$Pinned
instanceKlass java/io/File$PathStatus
instanceKlass jdk/internal/module/ModuleBootstrap$IllegalNativeAccess
instanceKlass java/lang/reflect/ClassFileFormatVersion
instanceKlass java/lang/Thread$State
instanceKlass java/lang/module/ModuleDescriptor$Requires$Modifier
ciInstanceKlass java/lang/Enum 1 1 204 9 7 12 1 1 1 9 12 1 1 10 7 12 1 1 1 9 12 1 10 7 12 1 1 1 100 1 10 10 12 1 1 10 12 1 100 1 10 10 7 12 1 1 10 12 1 1 18 12 1 1 10 100 12 1 1 1 10 12 1 1 11 7 12 1 1 1 100 1 8 1 10 12 1 100 1 100 1 10 8 1 10 12 1 1 10 12 1 1 8 1 10 12 1 10 100 1 8 1 10 10 12 1 1 10 100 12 1 1 1 100 1 100 1 100 1 1 1 1 1 1 1 1 1 1 1 1 1 1 1 1 1 1 1 1 1 1 1 1 1 1 1 1 1 1 1 1 1 1 1 1 1 1 1 1 1 1 1 1 1 1 1 3 1 1 1 1 100 1 100 1 1 100 1 1 1 1 1 1 1 1 1 1 1 16 15 10 12 16 15 10 100 12 1 1 1 1 1 100 1 100 1 1
ciInstanceKlass java/lang/invoke/LambdaForm 1 1 1030 7 1 100 1 10 7 12 1 1 1 9 12 1 1 9 12 1 9 12 1 9 12 1 1 9 12 1 1 9 12 1 1 9 12 1 1 9 12 1 1 9 12 1 10 7 12 1 1 9 12 1 10 12 1 1 100 1 10 10 12 1 1 10 12 1 10 12 1 10 12 1 1 10 12 1 9 12 1 9 12 1 10 12 1 1 9 7 12 1 1 1 9 7 12 1 1 9 12 1 1 10 12 1 9 12 1 10 100 12 1 1 1 10 12 1 1 100 1 10 12 1 1 9 7 12 1 1 1 10 100 12 1 1 1 10 12 1 10 12 1 1 7 1 10 12 1 10 12 1 10 12 1 1 10 12 1 1 10 12 1 10 12 1 10 12 1 10 12 1 10 12 1 1 8 1 10 12 1 10 12 1 10 10 12 1 8 1 8 1 9 12 1 9 12 1 1 10 12 1 1 9 12 1 1 10 7 12 1 1 1 10 12 1 1 10 12 1 10 12 1 1 10 12 1 7 1 10 12 1 10 100 12 1 1 1 9 12 1 10 12 1 8 1 8 1 8 1 8 1 8 1 8 1 8 1 8 1 10 12 1 9 12 1 7 1 10 12 1 1 9 12 1 1 10 12 1 1 10 12 1 1 10 12 10 12 1 10 12 1 1 10 12 1 1 10 12 1 1 10 10 12 1 1 10 12 1 1 7 1 8 1 10 12 1 1 10 12 1 10 12 1 1 10 8 1 10 12 1 1 8 1 8 1 8 1 10 12 1 10 12 1 10 12 1 1 10 100 12 1 1 1 10 7 12 1 1 1 10 12 1 1 9 12 1 1 8 1 10 100 12 1 1 1 10 7 12 1 1 10 12 1 10 12 1 1 10 12 1 1 9 12 1 8 10 12 1 1 100 1 10 12 1 1 10 12 1 9 7 12 1 1 9 100 12 1 1 1 8 1 10 100 12 1 1 10 12 1 1 100 1 100 1 10 10 12 1 1 10 12 1 1 8 1 8 1 100 1 8 1 10 12 10 12 1 10 12 1 10 12 1 10 12 1 1 9 100 12 1 1 10 12 1 8 1 8 1 10 12 1 10 12 1 1 8 1 8 1 8 1 100 1 8 1 100 1 8 1 100 1 8 1 10 12 1 8 1 9 10 100 12 1 1 1 10 12 1 9 12 1 1 10 12 1 10 10 12 1 10 12 1 10 12 1 10 12 1 1 10 12 1 10 12 1 1 10 12 1 1 10 12 1 1 10 12 1 1 8 1 100 10 12 1 10 12 1 9 12 1 1 10 7 12 1 1 8 1 8 1 100 1 8 1 8 1 8 1 8 1 8 1 8 1 8 1 8 1 10 12 1 1 10 12 1 1 10 12 1 10 12 1 10 12 1 10 12 1 8 1 8 1 8 1 10 12 1 8 1 10 12 1 8 1 8 1 8 1 8 1 8 1 10 12 1 10 12 1 10 12 1 1 10 7 12 1 1 1 10 12 1 10 12 1 10 12 1 10 12 1 10 12 1 9 12 1 1 8 1 10 12 1 1 9 12 1 9 12 1 1 10 12 1 1 9 12 1 1 9 12 1 10 12 1 1 9 12 1 1 7 1 10 7 12 1 1 1 9 7 12 1 1 1 10 7 12 1 1 1 10 12 1 1 10 12 1 1 10 12 1 9 12 1 10 12 1 9 12 1 10 12 1 10 12 1 8 1 10 12 1 9 12 1 1 100 1 10 100 12 1 1 1 100 1 10 12 1 9 12 1 10 12 1 10 12 1 10 12 1 1 10 12 1 9 100 12 1 1 10 12 1 1 10 12 1 10 12 1 9 12 1 9 9 12 1 7 9 12 1 1 10 12 1 1 9 12 1 10 12 1 10 7 1 9 1 1 1 1 3 1 3 1 1 3 1 3 1 1 1 1 1 1 1 1 1 1 1 1 1 1 1 1 1 1 1 1 1 1 1 1 1 1 1 1 1 1 1 1 1 1 1 1 1 1 1 1 1 1 1 1 1 100 1 1 1 1 1 1 1 1 1 1 1 1 1 1 1 1 1 1 1 1 1 1 1 1 1 1 1 1 1 1 1 1 1 1 1 1 1 1 1 1 1 1 1 1 1 1 1 1 1 1 1 1 1 1 1 1 1 1 1 1 1 1 1 1 1 1 1 100 1 1 1 1 1 1 1 1 1 1 1 1 1 1 1 1 1 1 1 1 1 1 1 1 1 1 1 1 1 1 1 1 1 1 1 1 100 1 1 1 1 1 1 1 1 1 1 1 1 1 1 100 1 1 1 100 1 1 100 1 1 1 1 1 1 1 1 1 1 1 1
staticfield java/lang/invoke/LambdaForm DEFAULT_CUSTOMIZED Ljava/lang/invoke/MethodHandle; 
staticfield java/lang/invoke/LambdaForm DEFAULT_KIND Ljava/lang/invoke/LambdaForm$Kind; java/lang/invoke/LambdaForm$Kind
staticfield java/lang/invoke/LambdaForm COMPILE_THRESHOLD I 0
staticfield java/lang/invoke/LambdaForm INTERNED_ARGUMENTS [[Ljava/lang/invoke/LambdaForm$Name; 5 [[Ljava/lang/invoke/LambdaForm$Name;
staticfield java/lang/invoke/LambdaForm IMPL_NAMES Ljava/lang/invoke/MemberName$Factory; java/lang/invoke/MemberName$Factory
staticfield java/lang/invoke/LambdaForm LF_identity [Ljava/lang/invoke/LambdaForm; 6 [Ljava/lang/invoke/LambdaForm;
staticfield java/lang/invoke/LambdaForm NF_identity [Ljava/lang/invoke/LambdaForm$NamedFunction; 6 [Ljava/lang/invoke/LambdaForm$NamedFunction;
staticfield java/lang/invoke/LambdaForm LF_constant [Ljava/lang/invoke/LambdaForm; 5 [Ljava/lang/invoke/LambdaForm;
staticfield java/lang/invoke/LambdaForm createIdentityFormLock Ljava/lang/Object; java/lang/Object
staticfield java/lang/invoke/LambdaForm DEBUG_NAME_COUNTERS Ljava/util/HashMap; 
staticfield java/lang/invoke/LambdaForm DEBUG_NAMES Ljava/util/HashMap; 
staticfield java/lang/invoke/LambdaForm TRACE_INTERPRETER Z 0
staticfield java/lang/invoke/LambdaForm $assertionsDisabled Z 1
instanceKlass jdk/internal/reflect/DirectMethodHandleAccessor
ciInstanceKlass jdk/internal/reflect/MethodAccessorImpl 1 1 38 10 7 12 1 1 1 10 100 12 1 1 1 100 1 1 1 1 1 1 1 100 1 100 1 1 1 1 1 1 1 1 1 1 1 1 1 1
ciInstanceKlass jdk/internal/reflect/MethodAccessor 1 0 17 100 1 100 1 1 1 1 100 1 100 1 1 1 1 1 1
ciInstanceKlass jdk/internal/reflect/CallerSensitive 0 0 17 100 1 100 1 100 1 1 1 1 1 1 1 1 1 1 1
ciInstanceKlass jdk/internal/reflect/DirectConstructorHandleAccessor$NativeAccessor 1 1 44 10 7 12 1 1 1 9 7 12 1 1 1 10 12 1 1 1 1 1 1 1 1 1 1 1 1 1 1 1 1 1 100 1 100 1 1 1 1 1 100 1 1 1
ciInstanceKlass jdk/internal/reflect/ConstructorAccessor 1 0 16 100 1 100 1 1 1 1 100 1 100 1 100 1 1 1
instanceKlass jdk/internal/reflect/DirectConstructorHandleAccessor
instanceKlass jdk/internal/reflect/DirectConstructorHandleAccessor$NativeAccessor
ciInstanceKlass jdk/internal/reflect/ConstructorAccessorImpl 1 1 27 10 7 12 1 1 1 100 1 100 1 1 1 1 1 1 1 1 1 100 1 100 1 100 1 1 1
ciInstanceKlass jdk/internal/reflect/ConstantPool 1 1 142 10 100 12 1 1 1 9 7 12 1 1 1 10 12 1 1 10 12 1 1 10 12 1 10 12 1 1 10 12 1 1 10 12 1 10 12 1 1 10 12 1 10 12 1 1 10 12 1 10 12 1 10 12 1 10 12 1 1 10 12 1 1 10 12 1 1 10 12 1 1 10 12 1 10 12 1 1 10 100 12 1 1 1 8 11 7 12 1 1 1 10 7 12 1 1 1 1 1 1 1 1 1 1 1 1 1 1 1 1 1 1 1 1 1 1 1 1 1 1 1 1 1 1 1 1 1 1 1 1 1 1 1 1 1 1 1 1 1 1 1 1
instanceKlass java/lang/invoke/VolatileCallSite
instanceKlass java/lang/invoke/MutableCallSite
instanceKlass java/lang/invoke/ConstantCallSite
ciInstanceKlass java/lang/invoke/CallSite 1 1 297 10 7 12 1 1 1 10 7 12 1 1 1 9 12 1 1 10 7 12 1 1 1 10 12 1 100 1 10 12 1 1 10 12 1 1 9 100 12 1 1 1 10 100 12 1 1 10 12 1 1 100 1 100 1 10 10 100 12 1 1 1 10 12 1 1 8 1 10 12 1 10 12 1 1 10 12 1 10 12 1 1 10 12 1 1 10 10 100 12 1 1 10 12 1 1 9 12 1 9 100 12 1 1 1 8 1 10 7 12 1 1 1 10 12 1 1 100 1 10 12 1 1 9 12 1 8 1 100 1 10 12 1 10 12 1 100 1 8 1 10 10 12 1 10 12 1 1 100 1 10 12 1 1 10 12 1 10 12 1 10 12 1 1 10 12 1 1 9 12 1 1 8 10 12 1 1 9 12 1 1 100 1 10 10 12 1 10 100 12 1 1 1 10 12 1 1 10 12 1 1 10 12 1 10 7 12 1 1 1 100 1 8 1 10 10 12 10 12 1 1 100 1 100 1 100 1 8 1 10 12 1 10 7 12 1 1 1 1 1 1 1 1 1 1 1 1 1 1 1 1 1 1 1 1 1 1 1 1 1 1 1 1 1 1 1 1 1 1 1 1 1 1 1 1 1 1 1 1 1 1 1 1 1 1 1 1 1 1 1 1 100 1 100 1 1 1
staticfield java/lang/invoke/CallSite $assertionsDisabled Z 1
ciInstanceKlass java/lang/invoke/ConstantCallSite 1 1 65 10 7 12 1 1 1 9 7 12 1 1 1 9 12 1 1 10 7 12 1 1 1 10 12 1 100 1 10 12 9 12 1 1 100 1 10 10 12 1 1 10 12 1 1 1 1 1 1 1 1 1 1 1 1 1 100 1 1 1 1 1 1 1 1
staticfield java/lang/invoke/ConstantCallSite UNSAFE Ljdk/internal/misc/Unsafe; jdk/internal/misc/Unsafe
instanceKlass java/lang/invoke/DirectMethodHandle$Interface
instanceKlass java/lang/invoke/DirectMethodHandle$StaticAccessor
instanceKlass java/lang/invoke/DirectMethodHandle$Constructor
instanceKlass java/lang/invoke/DirectMethodHandle$Accessor
ciInstanceKlass java/lang/invoke/DirectMethodHandle 1 1 929 7 1 100 1 7 1 7 1 10 7 12 1 1 1 10 7 12 1 1 1 100 1 10 12 1 10 12 1 1 10 7 12 1 1 10 12 1 1 10 12 1 10 12 1 7 1 10 12 1 1 10 12 1 1 10 12 1 10 12 1 1 10 7 12 1 1 1 10 12 1 9 7 12 1 1 1 100 1 10 9 12 1 1 9 12 1 10 12 1 10 12 1 10 12 1 1 10 12 1 10 12 1 10 12 1 10 7 12 1 1 1 10 12 1 10 12 1 1 8 1 10 12 1 1 100 1 10 12 1 7 1 10 10 12 1 10 12 1 10 12 1 10 7 12 1 1 1 10 12 1 1 7 1 10 12 1 10 12 1 7 1 10 12 1 10 12 1 1 10 12 1 1 10 12 8 10 7 12 1 1 1 10 12 1 10 12 1 10 12 1 1 10 12 1 9 7 12 1 1 1 7 1 10 12 1 10 7 12 1 1 1 10 12 1 10 12 1 1 9 12 1 1 7 1 10 8 1 10 12 1 1 10 12 1 1 8 1 10 12 1 10 12 1 10 10 12 1 10 12 1 10 12 1 10 12 1 10 12 1 1 10 12 1 10 12 1 10 12 1 1 10 10 7 12 1 1 1 10 12 1 10 12 1 1 10 12 1 10 12 1 1 8 1 9 7 12 1 1 1 8 1 9 12 1 9 12 1 8 1 9 12 1 9 12 1 8 1 9 12 1 9 12 1 8 1 10 12 1 10 12 1 1 10 7 12 1 1 1 10 12 1 10 12 1 1 9 12 1 1 7 1 10 12 1 1 100 1 10 7 12 1 1 1 10 12 1 1 10 12 1 1 7 1 10 12 1 1 10 12 1 10 12 1 1 7 1 10 12 1 1 10 12 1 10 12 1 10 12 1 1 10 12 1 9 12 1 1 10 7 1 9 12 1 10 12 1 7 1 7 1 7 1 10 7 12 1 1 1 9 12 1 1 10 7 12 1 1 1 10 7 12 1 1 10 12 10 12 1 7 1 10 12 1 10 12 1 1 8 1 9 12 1 9 12 1 10 12 1 1 9 12 1 1 10 100 12 1 1 1 9 12 1 1 9 12 1 1 10 12 1 10 12 1 10 12 1 10 12 1 1 10 12 1 9 12 1 9 12 1 10 12 1 10 12 1 10 12 1 10 12 1 1 10 12 1 1 9 12 1 1 10 12 1 1 9 7 12 1 1 1 9 12 1 9 12 1 9 12 1 9 12 1 9 12 1 9 12 1 9 12 1 9 12 1 9 12 1 9 12 1 9 12 1 9 12 1 9 12 1 9 12 1 9 12 1 9 12 1 9 12 1 9 12 1 9 12 1 9 12 1 9 12 1 9 12 1 9 12 1 9 12 1 100 1 10 12 1 8 1 8 1 8 1 8 1 8 1 8 1 8 1 8 1 8 1 10 12 1 10 12 1 8 1 8 1 8 1 9 12 1 1 9 12 1 1 10 12 1 10 12 1 1 10 12 1 1 9 7 1 10 12 1 10 12 10 12 1 10 12 1 10 12 1 10 8 1 8 1 8 1 8 1 10 12 1 1 9 12 1 1 10 12 1 10 100 12 1 1 1 8 9 12 1 1 10 12 1 1 8 1 8 8 9 12 1 8 1 8 8 8 8 8 1 8 10 12 1 7 1 10 12 1 8 1 8 1 10 12 1 10 12 1 10 12 1 9 12 1 10 12 1 1 7 1 1 1 1 3 1 3 1 3 1 3 1 3 1 3 1 3 1 3 1 1 1 1 1 1 1 1 1 1 3 1 3 1 3 1 1 3 1 3 1 1 1 1 1 1 1 1 1 1 1 1 1 1 1 1 1 1 1 1 1 1 1 1 1 1 1 1 1 1 1 1 1 1 1 1 1 1 1 1 1 1 1 1 1 1 1 1 1 1 1 1 1 1 1 1 1 1 1 1 1 1 100 1 1 1 1 1 1 1 1 1 100 1 1 1 1 1 1 1 1 1 1 1 1 1 1 1 1 1 1 1 1 1 1 1 1 1 1 1 1 1 1 1 1 1 1 1 1 1 1 1 1 1 1 1 1 1 1 1 1 1 1 1 1 1
staticfield java/lang/invoke/DirectMethodHandle IMPL_NAMES Ljava/lang/invoke/MemberName$Factory; java/lang/invoke/MemberName$Factory
staticfield java/lang/invoke/DirectMethodHandle FT_UNCHECKED_REF I 8
staticfield java/lang/invoke/DirectMethodHandle FT_CHECKED_REF I 9
staticfield java/lang/invoke/DirectMethodHandle ACCESSOR_FORMS [Ljava/lang/invoke/LambdaForm; 120 [Ljava/lang/invoke/LambdaForm;
staticfield java/lang/invoke/DirectMethodHandle ALL_WRAPPERS [Lsun/invoke/util/Wrapper; 10 [Lsun/invoke/util/Wrapper;
staticfield java/lang/invoke/DirectMethodHandle NFS [Ljava/lang/invoke/LambdaForm$NamedFunction; 12 [Ljava/lang/invoke/LambdaForm$NamedFunction;
staticfield java/lang/invoke/DirectMethodHandle OBJ_OBJ_TYPE Ljava/lang/invoke/MethodType; java/lang/invoke/MethodType
staticfield java/lang/invoke/DirectMethodHandle LONG_OBJ_TYPE Ljava/lang/invoke/MethodType; java/lang/invoke/MethodType
staticfield java/lang/invoke/DirectMethodHandle $assertionsDisabled Z 1
ciInstanceKlass java/lang/invoke/MutableCallSite 0 0 61 10 100 12 1 1 1 10 12 1 9 100 12 1 1 1 10 12 1 10 12 1 1 9 100 12 1 1 1 10 100 12 1 1 1 10 100 12 1 1 1 1 1 1 1 1 1 1 1 1 1 1 1 1 1 1 1 1 100 1 1
ciInstanceKlass java/lang/invoke/VolatileCallSite 0 0 37 10 100 12 1 1 1 10 12 1 10 100 12 1 1 1 10 12 1 10 12 1 1 1 1 1 1 1 1 1 1 1 1 1 1 1 1
instanceKlass java/lang/invoke/VarHandleBooleans$FieldInstanceReadOnly
instanceKlass java/lang/invoke/IndirectVarHandle
instanceKlass java/lang/invoke/SegmentVarHandle
instanceKlass java/lang/invoke/VarHandleReferences$FieldInstanceReadOnly
instanceKlass java/lang/invoke/VarHandleInts$FieldInstanceReadOnly
ciInstanceKlass java/lang/invoke/VarHandle 1 1 474 10 7 12 1 1 1 10 7 12 1 1 9 12 1 1 9 12 1 1 10 12 1 1 8 1 10 12 1 1 10 7 12 1 1 1 10 12 1 1 10 100 12 1 1 1 9 7 12 1 1 1 10 12 1 1 10 7 12 1 1 1 10 12 1 1 9 12 1 10 12 1 9 12 1 1 10 7 12 1 1 10 12 1 9 7 12 1 1 1 9 12 1 1 10 12 1 1 100 1 100 1 10 8 1 10 12 1 1 10 12 1 8 1 10 12 1 10 12 1 9 12 1 1 9 12 1 10 12 1 10 12 1 1 10 12 1 10 10 7 12 1 1 1 10 12 1 1 10 12 1 1 10 7 12 1 1 1 10 100 12 1 1 1 10 100 12 1 1 1 9 12 1 1 9 10 12 1 10 12 1 1 10 12 1 1 10 12 1 10 7 12 1 1 1 9 12 1 1 10 12 1 1 9 12 1 10 12 1 10 12 1 10 100 12 1 1 100 1 10 9 7 12 1 1 1 9 12 1 1 10 7 12 1 1 1 10 12 1 10 12 1 10 12 1 10 12 1 10 12 1 10 12 1 1 8 10 12 1 1 7 1 10 12 1 1 100 1 1 1 1 1 1 1 1 1 1 1 1 1 1 1 1 1 1 1 1 1 1 1 1 1 1 1 1 1 1 1 1 1 1 1 1 1 1 1 1 1 1 1 1 1 1 1 1 1 1 1 1 1 1 1 1 1 1 1 1 1 1 1 1 1 100 1 1 1 1 1 1 1 1 100 1 1 1 1 1 1 1 1 1 1 1 1 100 1 100 1 1 100 1 100 1 100 1 100 1 100 1 100 1 100 1 100 1 100 1 100 1 100 1 100 1 100 1 100 1 100 1 100 1 100 1 100 1 100 1 100 1 100 1 100 1 100 1 100 1 100 1 100 1 100 1 100 1 100 1 100 1 100 1 100 1 100 1 100 1 100 1 100 1 1 1 1 1 1 100 1 1 1 100 1 1 100 1 100 1 100 1 100 1 100 1 100 1 1 1 1 100 1 100 1 100 1 100 1 100 1 100 1 100 1 100 1
staticfield java/lang/invoke/VarHandle VFORM_OFFSET J 16
staticfield java/lang/invoke/VarHandle $assertionsDisabled Z 1
ciMethod java/lang/invoke/VarHandle asDirect ()Ljava/lang/invoke/VarHandle; 50 0 25 0 -1
ciMethod java/lang/invoke/VarHandle checkAccessModeThenIsDirect (Ljava/lang/invoke/VarHandle$AccessDescriptor;)Z 556 0 221367 0 -1
ciMethod java/lang/invoke/VarHandle getMethodHandle (I)Ljava/lang/invoke/MethodHandle; 1020 0 218848 0 -1
ciInstanceKlass java/lang/invoke/MemberName 1 1 730 7 1 7 1 100 1 9 12 1 1 10 7 12 1 1 1 9 12 1 1 10 12 1 1 10 12 1 1 10 12 1 1 10 12 1 10 12 1 1 10 7 12 1 1 1 10 12 1 9 7 12 1 1 10 12 1 100 1 100 1 10 12 1 8 1 10 12 1 1 10 12 1 10 12 1 1 10 12 1 9 12 1 1 8 1 10 100 12 1 1 1 7 1 10 10 12 1 1 7 1 7 1 10 12 1 9 12 1 1 100 1 8 1 10 12 1 10 12 1 10 12 1 10 12 1 10 12 1 1 10 12 1 10 12 1 10 12 1 1 8 1 8 1 10 12 1 8 1 9 12 1 1 3 10 12 1 10 12 1 10 12 1 10 10 7 12 1 1 1 10 12 1 10 12 1 10 12 1 10 12 1 7 1 8 10 12 1 1 10 12 1 1 8 1 9 100 1 8 9 100 1 10 12 1 1 10 12 1 10 12 1 8 1 10 12 1 1 10 12 1 10 12 1 10 12 1 10 12 1 1 100 1 10 12 1 1 10 12 1 8 1 10 12 1 10 12 1 8 1 10 12 1 1 10 12 1 1 7 1 10 12 1 1 10 12 8 1 8 1 100 1 10 12 1 10 100 12 1 1 1 100 1 10 12 10 12 1 10 12 1 10 12 1 10 12 1 10 10 12 1 10 12 1 10 12 1 3 10 12 1 3 10 12 1 3 3 3 3 3 3 10 12 1 3 9 12 1 10 12 1 1 3 10 12 1 10 10 7 12 1 1 1 10 12 1 1 10 7 12 1 1 10 10 12 1 10 12 1 1 10 12 1 10 10 12 1 1 10 12 1 10 12 1 10 12 1 100 1 10 10 10 12 100 1 10 10 10 12 1 1 10 12 1 1 10 10 12 1 8 10 7 1 10 12 1 10 7 1 10 12 1 10 12 1 10 12 1 10 10 12 1 10 12 1 1 10 12 1 1 10 12 1 10 12 1 10 12 1 100 1 10 12 1 1 100 1 8 1 10 7 1 10 12 1 10 12 10 12 1 1 10 12 1 10 12 1 8 1 8 1 8 1 8 1 10 12 1 10 12 1 10 7 12 1 1 1 8 1 8 1 10 12 1 8 1 10 10 10 12 1 10 12 1 8 1 8 1 10 10 12 1 8 1 10 100 12 1 1 1 8 1 100 1 10 12 1 10 12 1 1 10 12 1 8 1 8 1 8 1 8 1 100 1 10 8 1 8 1 8 1 8 1 10 12 1 100 1 100 1 100 1 10 100 1 10 100 1 10 100 12 1 1 1 9 7 12 1 1 1 100 1 100 1 1 1 1 1 1 1 3 1 3 1 3 1 3 1 3 1 3 1 1 1 1 1 1 1 1 3 1 3 1 1 1 1 1 1 1 1 1 1 1 1 1 1 1 1 1 1 1 1 1 1 1 1 100 1 1 1 1 1 1 1 1 1 1 1 1 1 1 1 1 1 1 1 1 1 1 1 1 1 1 1 1 1 1 1 1 1 1 1 1 1 1 1 1 1 1 1 1 1 1 1 1 1 1 1 1 1 1 1 1 1 1 1 1 1 1 1 1 1 1 1 1 1 1 1 1 1 1 1 1 100 1 1 1 1 1 1 1 1 1 1 1 1 1 1 1 1
staticfield java/lang/invoke/MemberName $assertionsDisabled Z 1
ciInstanceKlass java/lang/invoke/ResolvedMethodName 1 1 25 10 100 12 1 1 1 9 100 12 1 1 1 1 1 1 1 1 1 1 1 1 1 1 1
ciInstanceKlass java/lang/invoke/MethodHandleNatives 1 1 689 100 1 10 7 12 1 1 1 9 7 12 1 1 1 10 12 1 1 100 1 10 10 12 1 1 10 12 1 10 12 1 8 1 8 1 8 1 8 1 8 1 8 1 8 1 8 1 8 1 8 1 10 12 1 1 7 1 10 7 12 1 1 1 10 100 12 1 1 1 7 1 10 10 12 1 1 8 1 10 12 1 8 1 10 12 1 1 8 1 10 12 1 1 9 100 12 1 1 1 8 1 10 100 12 1 1 1 100 1 10 12 100 1 100 1 8 1 7 1 10 10 12 1 7 1 9 7 12 1 1 10 12 1 1 10 12 1 10 7 12 1 1 1 10 12 1 1 9 12 1 8 1 10 12 1 1 10 12 1 8 1 10 12 1 1 7 1 10 12 1 10 7 12 1 1 1 10 12 1 10 12 1 1 10 12 1 1 8 1 10 12 1 1 8 1 10 12 1 8 1 8 1 8 1 100 1 10 12 1 8 1 10 100 12 1 1 1 10 12 1 1 10 100 12 1 1 10 10 12 1 1 10 12 1 10 7 12 1 1 1 100 1 8 1 10 100 12 1 1 1 7 1 8 1 10 12 1 8 1 8 1 8 1 8 1 8 1 10 12 1 1 10 12 1 1 10 12 1 10 12 1 1 10 12 1 1 7 1 10 12 1 100 1 100 1 10 12 1 10 12 1 8 1 8 1 10 10 12 1 1 10 12 1 1 8 1 10 100 12 1 1 8 1 8 1 10 12 1 1 10 7 12 1 1 1 100 1 10 12 1 1 7 1 9 12 1 1 10 7 12 1 1 1 10 10 12 1 9 12 1 10 12 1 9 12 1 9 12 1 10 12 1 1 10 12 1 10 12 1 1 7 1 7 1 10 12 1 1 10 12 1 10 12 1 1 10 7 12 1 1 1 10 12 1 8 1 10 12 1 10 12 1 10 12 1 1 10 12 1 10 7 12 1 1 1 10 12 1 1 100 1 8 1 10 9 7 12 1 1 1 10 12 1 1 10 12 1 1 100 1 10 12 1 1 10 12 1 1 100 1 100 1 10 10 100 1 100 1 10 100 1 10 10 12 1 1 10 100 1 10 12 1 10 12 1 1 10 12 1 1 10 12 1 1 10 12 1 10 12 1 1 10 8 1 10 12 1 10 12 1 10 12 1 10 12 1 10 12 1 1 10 12 1 10 12 1 10 12 1 10 10 7 12 1 1 10 12 1 1 1 1 1 1 1 1 1 1 1 1 1 100 1 1 1 1 1 1 1 1 1 1 1 1 1 1 1 1 1 1 1 1 1 1 1 1 1 1 1 1 1 1 1 1 1 1 1 1 1 1 1 1 1 1 1 1 1 1 1 1 1 1 1 1 1 1 1 1 1 1 1 1 1 1 1 100 1 1 1 1 1 1 1 1 1 1 1 1 1 1 1 1 1 1 1 1 1 1 1 1 1 1 1 1 1 1 1 1 1 1 1 100 1 1 1 1 1 1 1 1 1 1 1 1 1 1 1 1 1 1 1 1 1 1 1 1 1 1 1 1 1 1 1 1 1 1 100 1 1
staticfield java/lang/invoke/MethodHandleNatives $assertionsDisabled Z 1
ciInstanceKlass jdk/internal/foreign/abi/NativeEntryPoint 1 1 223 10 7 12 1 1 1 9 7 12 1 1 1 9 12 1 1 100 1 8 1 10 12 1 10 12 1 1 7 1 10 7 12 1 1 1 10 12 1 9 12 1 1 18 12 1 1 10 7 12 1 1 1 9 7 12 1 1 1 8 1 10 12 1 1 8 1 8 1 8 1 8 1 10 7 12 1 1 1 100 1 10 10 12 1 1 8 1 10 12 1 8 1 10 12 1 10 12 1 1 10 12 1 1 100 1 8 1 10 12 1 10 12 1 1 100 1 8 1 10 10 12 1 9 12 1 1 18 12 1 1 10 7 12 1 1 1 10 12 1 1 10 12 1 10 7 12 1 1 1 10 1 1 1 1 1 1 1 1 1 1 1 1 1 1 1 1 1 1 1 1 1 1 1 1 1 1 1 1 1 1 1 1 1 1 1 1 1 1 1 1 1 1 1 1 16 1 15 10 12 16 1 16 15 10 12 15 10 7 12 1 1 1 1 1 100 1 1 100 1 100 1 1
staticfield jdk/internal/foreign/abi/NativeEntryPoint CLEANER Ljava/lang/ref/Cleaner; java/lang/ref/Cleaner
staticfield jdk/internal/foreign/abi/NativeEntryPoint NEP_CACHE Ljdk/internal/foreign/abi/SoftReferenceCache; jdk/internal/foreign/abi/SoftReferenceCache
ciInstanceKlass jdk/internal/foreign/abi/ABIDescriptor 1 1 55 10 7 12 1 1 1 9 7 12 1 1 1 9 12 1 1 9 12 1 9 12 1 9 12 1 1 9 12 1 9 12 1 1 9 12 1 9 12 1 9 12 1 9 12 1 1 1 1 1 1 1 1 1 1
ciInstanceKlass jdk/internal/foreign/abi/VMStorage 1 1 111 10 7 12 1 1 1 9 7 12 1 1 1 9 12 1 1 9 12 1 1 9 12 1 1 7 1 10 8 1 10 12 1 1 10 12 1 10 12 1 1 10 12 1 7 1 10 7 12 1 1 1 10 7 12 1 1 10 7 12 1 1 10 7 12 1 1 1 18 12 1 1 1 1 1 1 1 1 1 1 1 1 1 1 1 1 1 1 1 1 1 1 8 1 15 15 15 15 15 10 100 12 1 1 1 1 100 1 100 1 1
ciInstanceKlass jdk/internal/foreign/abi/UpcallLinker$CallRegs 1 1 66 10 7 12 1 1 1 9 7 12 1 1 1 9 12 1 18 12 1 1 18 12 1 1 18 12 1 1 1 1 1 1 1 1 1 1 1 1 1 1 1 1 1 1 7 1 1 1 8 1 15 15 15 10 100 12 1 1 1 1 1 100 1 100 1 1
instanceKlass java/lang/StackFrameInfo
ciInstanceKlass java/lang/ClassFrameInfo 0 0 126 10 100 12 1 1 1 9 100 12 1 1 1 100 1 3 9 12 1 1 9 12 1 1 100 1 9 12 1 1 3 11 100 12 1 1 1 11 12 1 10 12 1 1 10 12 1 1 10 12 1 100 1 10 10 12 1 1 8 1 8 1 10 12 100 1 10 10 12 1 1 8 1 10 12 1 8 1 10 12 8 1 10 12 1 10 100 12 1 1 1 100 1 1 1 1 1 1 1 1 1 1 1 1 1 1 1 1 1 1 1 1 1 1 1 1 1 1 1 100 1 1 1 1 1 1
ciInstanceKlass java/lang/StackWalker$StackFrame 0 0 41 100 1 10 12 1 1 100 1 100 1 1 1 1 1 1 1 1 1 1 1 1 1 1 1 1 1 1 1 1 1 1 1 1 1 1 1 100 1 1 1
ciInstanceKlass java/lang/StackWalker 0 0 236 9 100 12 1 1 1 10 100 12 1 1 1 100 1 10 100 12 1 1 1 10 12 1 1 11 100 12 1 1 1 10 12 1 1 10 12 1 1 100 1 8 1 10 12 1 10 12 1 10 12 1 10 100 12 1 1 9 12 1 1 9 12 1 1 9 12 1 1 9 12 1 1 10 12 1 1 9 12 1 1 9 12 1 1 9 12 1 1 9 12 1 1 10 12 1 1 10 100 12 1 1 1 10 100 12 1 1 1 18 12 1 1 100 1 8 1 10 8 1 10 12 1 1 10 100 12 1 1 1 10 12 1 1 10 12 1 11 12 1 1 9 100 12 1 1 11 100 12 1 1 1 10 12 1 1 1 1 1 1 1 1 1 1 1 1 1 1 1 1 1 1 1 1 1 1 1 1 1 1 1 1 1 1 1 1 1 1 1 1 1 1 1 1 1 1 1 1 1 1 1 1 1 1 1 1 1 1 1 100 1 1 16 15 10 12 16 1 15 10 100 12 1 1 1 1 1 1 1 1 1 100 1 100 1 1
instanceKlass java/lang/LiveStackFrameInfo
ciInstanceKlass java/lang/StackFrameInfo 0 0 150 10 100 12 1 1 1 9 100 12 1 1 1 9 12 1 1 11 100 12 1 1 1 10 12 1 1 10 100 12 1 1 1 9 12 1 1 10 12 1 1 9 12 1 1 100 1 10 12 10 12 1 9 12 1 100 1 100 1 10 12 1 1 11 12 1 1 10 12 1 10 12 1 10 12 1 1 9 12 1 1 10 12 1 1 10 100 12 1 1 10 12 1 1 9 12 1 10 100 12 1 1 1 9 12 1 1 10 100 1 10 12 1 9 12 1 1 10 12 1 1 10 12 1 1 1 1 1 1 1 1 1 1 1 1 1 1 1 1 100 1 100 1 1 1 1 1 1 1 1
ciInstanceKlass java/lang/LiveStackFrameInfo 0 0 97 10 100 12 1 1 1 9 100 12 1 1 1 9 12 1 9 12 1 9 12 1 9 12 1 1 100 1 10 12 1 1 10 12 1 8 1 10 12 1 1 8 1 8 1 8 1 10 100 1 10 12 1 100 1 10 12 1 100 1 100 1 1 1 3 1 3 1 1 1 1 1 1 1 1 1 1 1 1 1 1 1 1 1 1 1 1 1 1 1 1 1 1 1 100 1 1
ciInstanceKlass java/lang/LiveStackFrame 0 0 112 100 1 10 100 12 1 1 1 11 100 12 1 1 1 11 12 1 9 100 12 1 1 1 10 100 12 1 1 1 10 100 12 1 1 1 11 12 1 10 12 1 100 1 100 1 1 1 1 1 1 1 1 1 1 1 1 1 1 1 1 1 1 1 1 1 1 1 1 1 100 1 1 1 1 1 1 1 100 1 8 1 1 12 10 1 1 1 8 1 1 1 8 1 1 1 8 1 1 1 8 1 1 8 1 1 1 8 1 1 8 1
ciInstanceKlass java/lang/StackStreamFactory$AbstractStackWalker 1 0 364 100 1 100 1 3 10 100 12 1 1 1 10 100 12 1 1 10 100 12 1 1 1 9 12 1 1 9 12 1 1 9 12 1 1 9 12 1 9 12 1 10 100 12 1 1 1 10 12 1 1 10 100 12 1 1 9 12 1 1 9 12 1 1 10 12 1 1 9 12 1 1 10 100 12 1 1 1 10 12 1 1 9 12 1 1 9 100 12 1 1 1 100 1 10 8 1 10 12 1 1 10 12 1 8 1 10 12 1 1 10 100 12 1 1 1 100 1 8 1 10 12 1 8 1 10 12 10 100 12 1 1 9 12 1 1 8 1 5 0 8 1 8 1 9 12 1 1 10 12 1 1 18 12 1 1 10 100 12 1 1 1 10 12 1 1 10 12 1 10 12 1 9 100 12 1 1 1 10 12 1 1 9 12 1 10 12 1 10 12 1 10 12 1 10 12 1 10 12 1 10 12 1 1 8 1 10 12 1 10 12 1 10 12 1 10 12 1 1 8 1 10 12 1 1 10 12 1 1 10 12 1 1 10 12 1 10 12 1 10 12 1 9 12 1 8 1 10 12 1 8 1 10 12 1 10 12 1 1 10 12 1 10 12 1 10 12 1 1 10 12 1 10 12 1 10 12 1 10 12 1 10 12 1 10 12 1 1 10 12 1 10 12 1 10 12 1 10 12 1 8 1 1 1 1 1 1 1 1 1 1 1 1 1 100 1 1 1 1 1 1 100 1 1 1 1 100 1 1 1 1 1 1 1 1 1 1 1 1 1 1 1 1 1 1 16 15 15 10 100 12 1 1 1 1 1 1 1 1 100 1 100 1 1
ciInstanceKlass jdk/internal/module/Modules 0 0 481 10 100 12 1 1 1 9 7 12 1 1 1 11 100 12 1 1 1 11 12 1 1 11 12 1 1 11 12 1 1 11 12 1 11 12 1 11 12 1 11 12 1 11 12 1 11 12 1 1 10 100 12 1 1 1 10 12 1 1 10 100 12 1 1 10 100 12 1 1 1 10 100 12 1 1 10 12 1 1 11 12 1 9 12 1 1 11 100 12 1 1 1 10 12 1 1 10 10 12 1 10 100 1 9 12 1 1 10 100 12 1 1 10 12 1 1 10 100 12 1 1 1 100 1 11 100 12 1 1 1 10 100 12 1 1 1 11 100 12 1 1 10 12 1 1 10 100 12 1 1 10 100 12 1 1 1 10 12 1 1 10 12 1 1 11 12 1 1 18 12 1 1 11 100 12 1 1 10 100 12 1 1 1 11 100 12 1 1 1 100 1 11 12 1 1 11 100 12 1 1 1 11 12 1 1 10 12 1 1 10 100 12 1 1 18 12 1 1 11 12 1 1 18 12 1 1 11 12 1 1 10 12 1 18 18 10 12 1 1 9 12 1 1 11 100 12 1 1 1 100 1 10 11 12 1 11 12 1 1 10 100 1 10 12 1 1 10 100 12 1 1 10 12 1 1 11 12 10 12 1 1 100 1 10 18 12 1 10 12 1 1 100 1 8 1 10 12 1 10 100 12 1 1 18 12 1 11 11 12 10 12 1 10 10 100 1 18 12 1 10 10 10 7 12 1 1 10 100 12 1 1 1 10 12 1 1 1 1 1 1 1 1 1 1 1 1 1 1 1 1 1 1 1 1 1 1 1 1 1 1 1 1 1 1 1 1 1 1 1 1 1 1 1 1 1 1 1 1 1 1 1 1 1 1 1 1 1 1 1 1 1 1 1 1 1 1 1 1 100 1 1 1 1 1 1 1 1 1 1 1 1 1 1 1 1 1 1 1 1 1 1 1 16 15 10 12 1 16 1 16 1 15 10 12 1 16 1 16 1 15 10 12 16 1 15 10 16 1 15 10 12 16 1 16 15 10 12 16 15 10 12 16 15 10 12 15 10 100 12 1 1 1 1 1 1 100 1 100 1 1
ciInstanceKlass jdk/internal/loader/ClassLoaders 1 1 185 10 100 12 1 1 1 10 7 12 1 1 1 10 12 1 1 10 7 12 1 1 1 9 7 12 1 1 1 9 12 1 1 9 12 1 1 7 1 11 100 12 1 1 1 100 1 11 12 1 1 11 12 1 1 10 100 12 1 1 1 10 100 12 1 1 1 100 1 100 1 10 7 12 1 1 1 9 12 1 1 8 1 10 7 12 1 1 1 10 12 1 1 7 1 10 12 1 10 12 1 1 7 1 10 12 1 1 10 12 1 1 10 12 1 7 1 10 12 10 12 1 8 1 10 7 12 1 1 8 1 8 1 10 12 1 7 1 10 10 12 1 10 12 1 1 1 1 1 1 1 1 1 1 1 1 1 1 1 1 1 1 1 1 100 1 1 1 1 1 1 1 1 1 1 1 1 1 1 1 1 1 1 1 1
staticfield jdk/internal/loader/ClassLoaders JLA Ljdk/internal/access/JavaLangAccess; java/lang/System$1
staticfield jdk/internal/loader/ClassLoaders BOOT_LOADER Ljdk/internal/loader/ClassLoaders$BootClassLoader; jdk/internal/loader/ClassLoaders$BootClassLoader
staticfield jdk/internal/loader/ClassLoaders PLATFORM_LOADER Ljdk/internal/loader/ClassLoaders$PlatformClassLoader; jdk/internal/loader/ClassLoaders$PlatformClassLoader
staticfield jdk/internal/loader/ClassLoaders APP_LOADER Ljdk/internal/loader/ClassLoaders$AppClassLoader; jdk/internal/loader/ClassLoaders$AppClassLoader
ciInstanceKlass java/util/ArrayList 1 1 514 10 7 12 1 1 1 7 1 9 7 12 1 1 1 9 12 1 100 1 100 1 10 8 1 10 12 1 1 10 12 1 10 12 1 1 10 12 1 9 12 1 11 7 12 1 1 1 9 12 1 1 11 12 1 1 7 10 7 12 1 1 1 9 12 1 10 12 1 10 12 1 1 10 7 12 1 1 1 10 7 12 1 1 1 10 12 1 1 10 12 1 1 10 12 1 1 10 12 1 10 12 1 1 100 1 100 1 10 12 1 10 10 7 12 1 1 1 10 7 12 1 1 10 12 1 100 1 10 10 12 10 12 1 1 10 12 1 1 10 12 1 10 12 10 12 1 1 100 1 10 12 1 1 10 12 1 1 10 12 1 100 1 10 11 12 1 1 11 100 12 1 1 1 11 12 1 10 12 1 10 12 1 10 12 1 1 100 1 10 12 1 1 10 10 12 1 1 10 12 1 8 1 8 1 8 1 8 1 10 12 1 1 10 12 1 1 11 12 1 100 1 10 100 12 1 1 10 12 1 10 12 1 1 10 100 12 1 1 10 12 1 10 100 12 1 1 1 11 100 12 1 1 1 10 12 1 100 1 8 1 10 7 1 10 12 1 7 1 10 12 1 10 12 1 1 7 1 10 12 1 10 12 1 1 11 100 12 1 1 7 1 10 12 1 10 12 1 1 11 100 12 1 1 10 12 1 1 10 12 1 1 10 12 1 1 10 12 1 1 11 100 12 1 1 10 12 1 1 10 12 1 1 100 1 100 1 100 1 1 1 1 5 0 1 3 1 1 1 1 1 1 1 1 1 1 1 1 1 1 1 1 1 1 1 1 1 1 1 1 1 1 1 1 1 1 1 1 1 1 1 1 1 1 1 1 1 1 1 1 1 1 1 1 1 1 1 1 1 1 1 1 1 1 1 1 1 1 1 1 1 1 1 1 1 1 1 1 1 1 1 1 1 1 1 1 1 1 1 1 1 1 1 1 1 1 1 1 1 1 1 1 1 1 1 1 1 1 1 1 100 1 1 1 1 100 1 1 1 1 1 1 1 1 1 1 1 1 1 1 1 1 1 1 1 1 1 1 1 1 1 1 1 1 1 100 1 1 1 1 1 1 1 1 1 1 1 1 1 1 1 1 1 1 1 100 1 100 1 1 1 1 1 1
staticfield java/util/ArrayList EMPTY_ELEMENTDATA [Ljava/lang/Object; 0 [Ljava/lang/Object;
staticfield java/util/ArrayList DEFAULTCAPACITY_EMPTY_ELEMENTDATA [Ljava/lang/Object; 0 [Ljava/lang/Object;
ciInstanceKlass java/util/List 1 1 251 10 100 12 1 1 1 11 100 12 1 1 1 11 100 12 1 1 1 11 12 1 1 11 100 12 1 1 11 12 1 1 11 12 1 1 10 100 12 1 1 1 7 1 7 1 10 12 1 1 100 1 10 100 12 1 1 1 11 12 1 1 11 12 1 11 12 1 100 1 10 12 1 11 12 1 1 11 12 1 1 11 12 1 10 100 12 1 1 1 9 7 12 1 1 1 7 1 10 12 10 12 1 7 1 10 12 1 1 10 12 1 10 12 1 1 11 12 1 1 100 1 1 1 1 1 1 1 1 1 1 1 1 1 1 1 1 1 1 1 1 1 1 1 1 1 1 1 1 1 1 1 1 1 1 1 1 1 1 1 1 1 1 1 1 100 1 100 1 1 1 1 1 1 1 1 1 1 1 1 1 1 1 1 1 1 1 1 1 1 1 1 1 1 1 1 1 1 1 1 1 1 1 1 1 1 1 1 1 1 1 1 1 1 1 1 1 1 1 1 1 1 1 1 1 1 1 1 1 1 1 1 1 1 1 1 1 1 1 1 1 1 1 1 100 1 1 100 1 1 1
ciInstanceKlass java/util/SequencedCollection 1 1 104 100 1 10 12 1 1 11 100 12 1 1 1 11 100 12 1 1 1 11 12 1 1 11 12 1 100 1 100 1 1 1 1 1 1 1 1 1 1 1 1 1 1 1 1 1 1 1 1 1 1 1 1 1 1 1 1 1 100 1 8 1 12 10 1 1 8 1 1 1 8 1 1 8 1 1 1 8 1 1 8 1 1 1 8 1 1 8 1 8 1 1 8 1 1 1 8 1 1 8 1 1 8 1
ciInstanceKlass java/lang/Iterable 1 1 62 10 7 12 1 1 1 11 7 12 1 1 1 11 7 12 1 1 1 11 12 1 1 11 7 12 1 1 1 10 100 12 1 1 1 100 1 1 1 1 1 1 1 1 1 1 1 1 1 1 1 1 1 1 1 1 1 1 1 1 1 1
ciInstanceKlass java/util/RandomAccess 1 0 7 100 1 100 1 1 1
instanceKlass java/util/AbstractMap$2
instanceKlass java/util/IdentityHashMap$Values
instanceKlass java/util/concurrent/ConcurrentLinkedDeque
instanceKlass java/util/AbstractQueue
instanceKlass java/util/HashMap$Values
instanceKlass java/util/ArrayDeque
instanceKlass java/util/AbstractSet
instanceKlass java/util/ImmutableCollections$AbstractImmutableCollection
instanceKlass java/util/AbstractList
ciInstanceKlass java/util/AbstractCollection 1 1 160 10 7 12 1 1 1 10 7 12 1 1 1 10 12 1 1 11 7 12 1 1 1 11 12 1 1 10 12 1 1 10 100 12 1 1 1 10 12 1 1 10 12 1 1 10 7 12 1 1 10 100 12 1 1 1 7 1 10 100 12 1 1 1 10 100 12 1 1 1 100 1 10 11 12 1 11 7 1 10 12 1 10 12 1 10 100 12 1 1 1 11 8 1 100 1 10 10 12 1 1 8 1 10 12 1 10 12 1 1 1 1 1 1 1 1 1 1 1 1 1 1 1 1 1 1 1 1 1 1 1 1 1 1 1 1 1 1 1 1 1 1 1 1 1 1 1 1 1 1 1 1 1 1 1 1 1 1 1 1
instanceKlass java/util/Collections$CopiesList
instanceKlass java/util/ArrayList$SubList
instanceKlass java/util/AbstractSequentialList
instanceKlass java/util/Vector
instanceKlass sun/awt/util/IdentityArrayList
instanceKlass java/util/Arrays$ArrayList
instanceKlass java/util/Collections$EmptyList
instanceKlass java/util/ArrayList
ciInstanceKlass java/util/AbstractList 1 1 218 10 7 12 1 1 1 9 7 12 1 1 1 10 12 1 1 10 12 1 1 100 1 10 10 12 1 1 11 7 12 1 1 1 11 12 1 1 11 12 1 10 7 12 1 1 1 10 12 1 11 12 1 11 12 1 11 12 1 10 12 1 1 10 12 1 1 11 100 12 1 1 1 11 7 1 11 100 1 10 12 1 7 1 10 12 1 10 12 1 1 100 1 100 1 10 12 1 100 1 10 100 1 100 1 10 8 1 10 12 1 1 10 12 1 10 12 1 1 10 12 1 8 1 100 1 8 1 8 1 8 1 10 7 1 11 10 10 12 1 11 12 1 10 12 1 1 8 1 8 1 1 1 1 1 1 1 1 1 1 1 1 1 1 1 1 1 1 1 1 1 1 1 1 1 1 1 1 1 1 1 1 1 1 1 1 1 1 1 1 1 1 1 1 1 1 1 1 1 1 1 1 1 1 1 1 1 1 100 1 100 1 1 1 1 1 1 1
ciMethod java/util/ArrayList get (I)Ljava/lang/Object; 522 0 5229 0 -1
ciInstanceKlass java/lang/annotation/Annotation 0 0 17 100 1 100 1 1 1 1 1 1 1 1 1 1 1 1 1
ciInstanceKlass java/lang/ThreadLocal$ThreadLocalMap 1 1 143 9 7 12 1 1 1 10 7 12 1 1 1 9 12 1 7 1 9 12 1 1 9 7 12 1 1 10 12 1 10 12 1 1 10 12 1 1 9 12 1 1 10 12 1 1 10 12 1 1 10 12 1 1 10 12 1 1 10 12 1 1 10 12 1 1 10 12 1 1 10 12 1 10 12 1 10 12 1 10 12 1 10 12 1 1 1 3 1 1 1 1 1 1 1 1 1 1 1 1 1 1 1 1 1 1 1 1 1 1 1 1 100 1 1 1 1 1 1 1 1 1 1 1 1 1 1 1 1 1 1 1 1 1 1 1 1 1 1 1 1 1 1
ciMethod java/lang/ThreadLocal$ThreadLocalMap <init> (Ljava/lang/ThreadLocal;Ljava/lang/Object;)V 6 0 3 0 -1
ciMethod java/lang/ThreadLocal$ThreadLocalMap set (Ljava/lang/ThreadLocal;Ljava/lang/Object;)V 4 0 8 0 -1
ciMethod java/lang/ThreadLocal$ThreadLocalMap getEntry (Ljava/lang/ThreadLocal;)Ljava/lang/ThreadLocal$ThreadLocalMap$Entry; 512 0 4720 0 0
ciMethod java/lang/ThreadLocal$ThreadLocalMap setThreshold (I)V 6 0 3 0 -1
ciMethod java/lang/ThreadLocal$ThreadLocalMap getEntryAfterMiss (Ljava/lang/ThreadLocal;ILjava/lang/ThreadLocal$ThreadLocalMap$Entry;)Ljava/lang/ThreadLocal$ThreadLocalMap$Entry; 6 0 3 0 -1
instanceKlass java/util/concurrent/locks/ReentrantReadWriteLock$Sync$ThreadLocalHoldCounter
instanceKlass jdk/internal/misc/CarrierThreadLocal
ciInstanceKlass java/lang/ThreadLocal 1 1 319 9 7 12 1 1 1 3 10 7 12 1 1 1 100 1 10 12 1 1 10 7 12 1 1 10 12 1 9 12 1 1 10 7 12 1 1 1 10 12 1 1 9 12 1 1 100 1 100 1 10 10 12 1 10 12 1 1 10 7 12 1 1 1 9 7 12 1 1 1 10 12 1 10 12 1 1 10 12 1 1 10 12 1 1 7 1 10 12 1 1 9 12 1 10 12 1 1 10 12 1 10 12 10 12 1 1 10 12 1 10 12 1 1 10 12 1 10 12 10 12 1 1 10 12 1 10 12 100 1 10 8 1 10 7 12 1 1 1 10 100 12 1 1 10 100 12 1 1 1 9 12 1 1 10 12 1 1 10 100 12 1 1 1 18 12 1 1 10 12 1 1 100 1 9 12 1 1 10 100 12 1 1 1 11 12 1 1 11 100 12 1 1 11 12 1 100 1 8 1 11 12 1 1 10 12 1 1 11 100 12 1 1 1 10 100 12 1 1 1 11 12 1 1 10 7 12 1 1 10 12 1 10 10 1 1 1 1 1 1 1 1 1 1 1 1 1 1 1 1 1 1 1 1 1 1 1 1 1 1 1 1 1 1 1 1 1 1 1 1 1 1 1 1 1 1 1 1 1 1 1 1 1 1 1 100 1 1 1 1 1 1 1 1 1 1 1 16 15 10 12 16 15 10 100 12 1 1 1 1 1 1 1 1 100 1 100 1 1
staticfield java/lang/ThreadLocal TRACE_VTHREAD_LOCALS Z 0
staticfield java/lang/ThreadLocal nextHashCode Ljava/util/concurrent/atomic/AtomicInteger; java/util/concurrent/atomic/AtomicInteger
staticfield java/lang/ThreadLocal DUMPING_STACK Ljava/lang/ThreadLocal; java/lang/ThreadLocal
staticfield java/lang/ThreadLocal $assertionsDisabled Z 1
ciMethod java/lang/ThreadLocal get ()Ljava/lang/Object; 4 0 4642 0 0
ciMethod java/lang/ThreadLocal set (Ljava/lang/Object;)V 4 0 4 0 -1
ciMethod java/lang/ThreadLocal initialValue ()Ljava/lang/Object; 8 0 4 0 -1
ciMethod java/lang/ThreadLocal getMap (Ljava/lang/Thread;)Ljava/lang/ThreadLocal$ThreadLocalMap; 10 0 4734 0 0
ciMethod java/lang/ThreadLocal createMap (Ljava/lang/Thread;Ljava/lang/Object;)V 2 0 3 0 -1
ciMethod java/lang/ThreadLocal printStackTrace ()V 0 0 1 0 -1
ciMethod java/lang/ThreadLocal get (Ljava/lang/Thread;)Ljava/lang/Object; 4 0 4723 0 0
ciMethod java/lang/ThreadLocal setInitialValue (Ljava/lang/Thread;)Ljava/lang/Object; 12 0 6 0 0
instanceKlass sun/nio/fs/NativeBuffers$1
instanceKlass jdk/internal/misc/TerminatingThreadLocal$1
instanceKlass sun/nio/ch/Util$1
ciInstanceKlass jdk/internal/misc/TerminatingThreadLocal 1 1 84 10 7 12 1 1 1 10 12 1 1 10 7 12 1 1 1 10 12 1 10 12 1 9 12 1 1 10 12 1 1 7 1 11 12 1 1 11 100 12 1 1 1 11 12 1 10 12 1 10 12 1 11 12 1 1 11 12 7 1 10 1 1 1 1 1 1 1 1 1 1 1 1 1 1 1 1 1 1 1 1 1 1 1
staticfield jdk/internal/misc/TerminatingThreadLocal REGISTRY Ljdk/internal/misc/TerminatingThreadLocal; jdk/internal/misc/TerminatingThreadLocal$1
ciMethod jdk/internal/misc/TerminatingThreadLocal register (Ljdk/internal/misc/TerminatingThreadLocal;)V 8 0 4 0 -1
ciInstanceKlass java/lang/invoke/VarHandle$AccessDescriptor 1 1 61 10 7 12 1 1 1 9 7 12 1 1 1 10 7 12 1 1 1 9 12 1 7 1 7 1 10 12 1 1 9 12 1 10 12 1 1 9 12 1 9 12 1 1 9 12 1 1 1 1 1 1 1 1 1 1 1 1 1 1 1
ciInstanceKlass java/lang/invoke/VarForm 1 1 247 100 1 10 7 12 1 1 1 9 7 12 1 1 1 7 1 9 7 12 1 1 1 9 7 1 7 1 9 12 1 1 9 12 1 1 10 12 1 1 7 1 10 7 12 1 1 1 9 12 1 9 12 1 1 10 12 1 1 100 1 10 12 1 7 1 10 12 1 1 10 12 1 1 10 12 1 1 9 12 1 1 10 12 1 1 9 12 1 10 12 1 1 9 12 1 9 7 12 1 1 10 12 1 1 9 12 1 9 12 1 9 7 1 100 1 10 10 12 1 1 8 1 10 12 1 10 12 1 1 10 12 1 1 10 12 1 1 100 1 10 12 1 1 10 12 1 10 12 1 9 12 1 7 1 10 12 1 1 9 100 12 1 1 1 10 100 12 1 1 1 9 7 12 1 1 1 10 12 1 1 10 12 1 1 10 12 1 1 1 1 1 1 1 1 1 1 1 1 1 1 1 1 1 1 1 100 1 1 1 1 1 1 1 1 1 1 1 1 1 1 1 1 1 1 1 1 1 100 1 1 1 1 100 1 1 1 1 1 100 1 1 1 1 100 1 1
staticfield java/lang/invoke/VarForm $assertionsDisabled Z 1
ciMethod java/lang/invoke/VarForm getMemberName (I)Ljava/lang/invoke/MemberName; 150 0 7794 0 -1
ciInstanceKlass java/lang/invoke/VarHandleGuards 1 1 1051 10 100 12 1 1 1 10 7 12 1 1 1 9 12 1 1 9 7 12 1 1 1 9 7 12 1 1 1 9 12 1 1 9 12 1 10 12 1 1 10 7 12 1 1 1 9 12 1 1 10 7 12 1 1 1 10 12 1 1 9 12 1 10 12 1 1 10 12 1 1 10 12 1 1 10 12 1 10 12 1 10 12 1 10 12 1 10 12 1 10 12 1 10 12 1 10 12 1 10 12 1 10 12 1 10 12 1 10 12 1 10 12 1 10 12 1 10 12 1 10 12 1 10 12 1 10 12 1 10 12 1 10 12 1 10 12 1 10 12 1 10 12 1 10 12 1 10 12 1 10 12 1 10 12 1 10 12 1 10 12 1 10 12 1 10 12 1 10 12 1 10 12 1 10 12 1 10 12 1 10 12 1 10 12 1 10 12 1 10 12 1 10 12 1 10 12 1 10 12 1 10 12 1 10 12 1 10 12 1 10 12 1 10 12 1 10 12 1 10 12 1 10 12 1 1 10 12 1 10 12 1 10 12 1 10 12 1 10 12 1 10 12 1 10 12 1 10 12 1 10 12 1 10 12 1 10 12 1 10 12 1 10 12 1 10 12 1 10 12 1 10 12 1 10 12 1 10 12 1 10 12 1 10 12 1 10 12 1 10 12 1 10 12 1 10 12 1 10 12 1 10 12 1 10 12 1 10 12 1 10 12 1 10 12 1 10 12 1 10 12 1 10 12 1 10 12 1 10 12 1 10 12 1 10 12 1 10 12 1 10 12 1 10 12 1 10 12 1 10 12 1 10 12 1 10 12 1 10 12 1 10 12 1 10 12 1 10 12 1 10 12 1 10 12 1 10 12 1 10 12 1 10 12 1 10 12 1 10 12 1 10 12 1 10 12 1 10 12 1 10 12 1 10 12 1 10 12 1 10 12 1 10 12 1 10 12 1 10 12 1 10 12 1 10 12 1 10 12 1 10 12 1 10 12 1 10 12 1 10 12 1 10 12 1 10 12 1 10 12 1 10 12 1 10 12 1 10 12 1 10 12 1 10 12 1 10 12 1 10 12 1 10 12 1 10 12 1 10 12 1 10 12 1 10 12 1 10 12 1 10 12 1 10 12 1 10 12 1 10 12 1 10 12 1 10 12 1 10 12 1 10 12 1 10 12 1 10 12 1 10 12 1 10 12 1 10 12 1 10 12 1 10 12 1 10 12 1 10 12 1 10 12 1 10 12 1 10 12 1 10 12 1 10 12 1 10 12 1 10 12 1 10 12 1 10 12 1 10 12 1 10 12 1 10 12 1 10 12 1 10 12 1 10 12 1 10 12 1 10 12 1 10 12 1 10 12 1 10 12 1 10 12 1 10 12 1 10 12 1 10 12 1 10 12 1 10 12 1 10 12 1 10 12 1 10 12 1 10 12 1 10 12 1 10 12 1 10 12 1 10 12 1 10 12 1 10 12 1 10 12 1 10 12 1 10 12 1 10 12 1 10 12 1 10 12 1 10 12 1 10 12 1 10 12 1 10 12 1 10 12 1 10 12 1 10 12 1 10 12 1 10 12 1 10 12 1 10 12 1 10 12 1 10 12 1 10 12 1 10 12 1 10 12 1 10 12 1 10 12 1 10 12 1 10 12 1 10 12 1 10 12 1 10 12 1 10 12 1 10 12 1 10 12 1 10 12 1 10 12 1 10 12 1 10 12 1 10 12 1 10 12 1 10 12 1 10 12 1 10 12 1 10 12 1 100 1 1 1 1 1 1 1 1 1 1 1 1 1 1 1 1 1 1 1 1 1 100 1 1 1 1 1 1 1 1 1 1 1 1 1 1 1 1 1 1 1 1 1 1 1 1 1 1 1 1 1 1 1 1 1 1 1 1 1 1 1 1 1 1 1 1 1 1 1 1 1 1 1 1 1 1 1 1 1 1 1 1 1 1 1 1 1 1 1 1 1 1 1 1 1 1 1 1 1 1 1 1 1 1 1 1 1 1 1 1 1 1 1 1 1 1 1 1 1 1 1 1 1 1 1 1 1 1 1 1 1 1 1 1 1 1 1 1 1 1 1 1 1 1 1 1 1 1 1 1 1 1 1 1 1 1 1 1 1 1 1 1 1 1 1 1 1 1 1 1 1 1 1 1 1 1 1 1 1 1 1 1 1 1 1 1 1 1 1 1 1 1 1 1 1 1 1 1 1 1 1 1 1 1 1 1 1 1 1 1 1 1 1 1 1 1 1 1 1 1 1 1 1 1 1 1 1 1 1 1 1 1 1 1 1 1 1 1 1 1 1 1 1 1 1 1 1 1 1 1 1 1 1 1 1 1 1 1 1 1 1 1 1 1 1 1 1 1 1 1 100 1 100 1 1
ciMethod java/lang/invoke/VarHandleGuards guard_LII_Z (Ljava/lang/invoke/VarHandle;Ljava/lang/Object;IILjava/lang/invoke/VarHandle$AccessDescriptor;)Z 170 0 773 0 -1
instanceKlass java/util/concurrent/ConcurrentHashMap$ForwardingNode
instanceKlass java/util/concurrent/ConcurrentHashMap$ReservationNode
ciInstanceKlass java/util/concurrent/ConcurrentHashMap$Node 1 1 97 10 7 12 1 1 1 9 7 12 1 1 1 9 12 1 1 9 12 1 10 12 1 9 12 1 1 10 12 1 1 10 100 12 1 1 1 100 1 10 100 1 11 12 1 1 11 12 1 10 12 1 1 1 1 1 1 1 1 1 1 1 1 1 1 1 1 1 1 1 1 1 1 1 1 1 1 1 1 1 1 1 1 1 1 1 1 1 1 1 100 1 1 1 100 1 1
ciMethod java/util/concurrent/ConcurrentHashMap$Node find (ILjava/lang/Object;)Ljava/util/concurrent/ConcurrentHashMap$Node; 0 0 1 0 -1
ciInstanceKlass java/util/concurrent/ConcurrentHashMap$ForwardingNode 1 1 71 100 1 10 7 12 1 1 1 9 7 12 1 1 1 10 12 1 1 9 12 1 1 9 12 1 1 10 100 12 1 1 1 10 12 1 1 9 12 1 1 1 1 1 1 1 1 1 1 1 1 1 1 1 1 1 1 1 1 1 1 1 100 1 1 1 1 1 1 1 1
ciInstanceKlass java/lang/ref/ReferenceQueue$Null 1 1 28 10 7 12 1 1 1 100 1 1 1 1 1 1 1 1 1 1 1 1 1 1 1 1 1 1 1 1
ciInstanceKlass java/util/WeakHashMap$Entry 1 1 112 10 7 12 1 1 1 9 7 12 1 1 1 9 12 1 1 9 12 1 1 10 12 1 1 10 100 12 1 1 1 100 1 10 12 1 11 10 100 12 1 1 1 10 12 1 11 10 100 12 1 1 1 100 1 10 12 1 10 12 1 1 8 1 10 12 1 10 12 1 1 1 1 1 1 1 1 1 1 1 1 1 1 1 1 1 1 1 1 1 1 1 1 1 1 1 1 1 1 1 1 1 1 1 1 1 1 1 1 1 100 1
ciInstanceKlass jdk/internal/util/StrongReferenceKey 1 1 82 10 7 12 1 1 1 9 7 12 1 1 1 7 1 11 12 1 1 10 10 7 12 1 1 1 10 12 1 1 100 1 10 10 12 1 1 10 100 12 1 1 1 10 12 1 1 8 1 10 100 12 1 1 1 10 12 1 10 12 1 1 1 1 1 1 1 1 1 1 1 1 1 1 1 1 1 1 1 1 1 1
ciInstanceKlass java/lang/ThreadLocal$ThreadLocalMap$Entry 1 1 37 10 7 12 1 1 1 9 7 12 1 1 1 1 1 1 1 1 1 1 1 1 1 1 1 1 1 1 1 1 100 1 1 100 1 1 1
ciMethod java/lang/ThreadLocal$ThreadLocalMap$Entry <init> (Ljava/lang/ThreadLocal;Ljava/lang/Object;)V 12 0 6 0 -1
ciInstanceKlass sun/nio/ch/Util$1 1 1 55 10 7 12 1 1 1 7 1 10 10 12 1 1 10 12 1 1 10 100 12 1 1 1 10 7 12 1 1 1 10 12 1 1 1 1 1 1 1 1 1 1 1 1 1 1 1 1 1 1 1 1 1 1 1
ciMethod java/lang/invoke/MethodHandle asType (Ljava/lang/invoke/MethodType;)Ljava/lang/invoke/MethodHandle; 782 0 218932 0 -1
ciMethod java/util/concurrent/ConcurrentHashMap tabAt ([Ljava/util/concurrent/ConcurrentHashMap$Node;I)Ljava/util/concurrent/ConcurrentHashMap$Node; 954 0 5627 0 88
ciMethod java/util/concurrent/ConcurrentHashMap spread (I)I 844 0 8171 0 88
ciMethod jdk/internal/misc/Unsafe getReferenceAcquire (Ljava/lang/Object;J)Ljava/lang/Object; 1024 0 5627 0 -1
ciMethod java/util/Arrays toString ([D)Ljava/lang/String; 0 0 1 0 -1
ciMethod java/lang/CharacterData of (I)Ljava/lang/CharacterData; 774 0 5510 0 112
ciMethod java/lang/CharacterData getType (I)I 0 0 1 0 -1
ciMethod jdk/internal/util/ArraysSupport hashCodeOfUnsigned ([BIII)I 154 0 4445 0 0
ciMethod jdk/internal/util/ArraysSupport vectorizedHashCode (Ljava/lang/Object;IIII)I 406 0 4442 0 -1
ciMethod java/lang/Math round (F)I 0 0 1 0 -1
ciMethod java/lang/Math floor (D)D 512 0 41480 0 -1
ciMethod java/lang/Math max (DD)D 512 0 5376 0 -1
ciMethod java/lang/Math min (II)I 512 0 117092 0 -1
ciMethod java/lang/Math sqrt (D)D 0 0 1 0 -1
ciMethod java/lang/Math sin (D)D 0 0 1 0 -1
ciMethod java/lang/Math abs (D)D 0 0 1 0 -1
ciMethod java/lang/Thread isVirtual ()Z 114 0 461 0 -1
ciMethod java/lang/Thread currentThread ()Ljava/lang/Thread; 0 0 1 0 -1
ciMethod java/lang/String toCharArray ()[C 512 0 1565 0 0
ciMethod java/lang/String checkBoundsBeginEnd (III)V 512 0 8971 0 -1
ciMethod java/lang/String isLatin1 ()Z 1024 0 54922 0 88
ciMethod java/lang/String checkBoundsOffCount (III)I 524 0 6927 0 -1
ciMethod java/lang/String coder ()B 1024 0 85659 0 80
ciMethod java/lang/String checkIndex (II)V 1024 0 29656 0 0
ciMethod java/lang/Object <init> ()V 1024 0 431577 0 120
instanceKlass javax/swing/text/JTextComponent
instanceKlass javax/swing/JLayeredPane
instanceKlass javax/swing/JRootPane
instanceKlass javax/swing/JPanel
ciInstanceKlass javax/swing/JComponent 1 1 1952 9 7 12 1 1 1 10 7 12 1 1 1 10 12 1 1 9 12 1 1 9 12 1 1 10 7 12 1 1 1 10 12 1 1 100 1 11 12 1 1 10 100 12 1 1 1 9 12 1 1 100 1 10 12 1 1 100 1 100 1 10 100 12 1 1 1 11 100 12 1 1 1 9 12 1 9 12 1 1 11 7 12 1 1 1 11 12 1 1 7 1 10 12 1 11 10 12 1 1 10 12 1 1 8 1 10 12 1 1 100 1 5 0 10 12 1 1 9 12 1 1 8 1 10 12 1 10 12 1 1 10 12 1 1 10 12 1 1 7 1 7 1 10 7 1 10 12 7 1 10 9 12 1 1 9 12 1 1 9 12 1 1 7 1 10 12 1 9 12 1 1 5 0 10 12 1 8 1 10 12 1 1 10 100 12 1 1 1 8 1 10 12 1 10 12 1 1 10 12 1 1 9 12 1 1 10 12 1 10 7 12 1 1 1 9 7 12 1 1 1 10 7 12 1 1 1 9 12 1 9 12 1 9 12 1 10 7 12 1 1 1 8 1 10 12 1 10 12 1 10 12 1 9 12 1 1 10 7 12 1 1 1 100 1 10 12 1 1 8 1 9 12 1 10 100 12 1 1 10 12 1 10 12 1 10 12 1 1 10 7 12 1 1 1 10 12 1 1 10 12 1 1 10 12 1 10 12 1 10 12 1 10 12 1 1 10 12 1 9 12 1 10 12 1 10 12 1 1 10 12 1 1 10 12 1 10 12 1 10 12 1 10 12 1 10 12 1 10 12 1 1 10 10 12 1 10 12 1 10 12 1 1 10 12 1 1 9 12 1 1 9 12 1 9 12 1 9 12 1 11 7 12 1 1 1 10 12 1 1 10 12 1 1 10 12 1 10 10 10 12 1 1 10 12 1 10 12 1 10 12 1 1 10 12 1 1 11 100 12 1 1 1 10 10 12 1 1 10 7 12 1 1 1 10 12 1 10 12 1 10 12 1 10 12 1 10 12 1 10 12 1 10 12 1 10 12 1 10 12 1 1 10 12 1 10 12 10 12 1 10 12 1 10 12 1 10 12 1 10 8 1 10 12 1 1 10 12 1 1 10 12 1 10 12 1 10 12 1 1 100 1 10 12 1 10 12 1 10 12 1 1 10 12 1 10 12 1 10 12 1 8 1 10 12 1 10 12 1 10 12 1 10 12 1 10 12 10 8 10 100 12 1 1 1 10 12 1 1 10 12 1 10 12 1 1 10 12 1 10 12 1 10 12 1 10 12 1 10 12 10 12 1 10 12 1 10 12 1 10 12 10 12 1 1 10 12 1 9 12 1 1 8 11 12 1 1 10 100 12 1 1 10 12 1 1 10 100 1 10 12 1 9 12 1 9 12 1 9 12 1 9 12 1 9 12 1 9 12 1 1 10 12 1 1 10 12 1 1 9 12 1 9 12 1 10 12 1 9 100 12 1 1 1 100 1 8 10 10 12 1 1 10 12 1 1 10 12 1 10 12 1 1 10 12 1 1 100 1 10 12 1 10 7 12 1 1 1 10 7 12 1 1 8 1 7 1 10 12 1 1 10 10 12 1 1 10 12 10 10 12 1 1 11 100 12 1 1 11 12 1 10 12 1 10 12 1 10 10 12 1 10 12 1 10 12 10 100 12 1 1 1 10 12 1 1 10 12 1 10 12 1 1 10 12 1 10 12 1 10 12 100 1 10 100 12 1 1 1 10 12 1 9 12 1 1 10 10 7 1 100 1 8 1 10 12 1 9 12 1 1 9 12 1 1 9 12 1 8 1 9 12 1 1 10 10 12 1 1 10 12 10 10 12 1 1 10 12 1 1 10 12 1 10 12 1 1 9 100 12 1 1 1 10 100 12 1 1 1 10 10 10 12 1 10 12 10 12 10 12 1 10 12 1 8 1 10 12 1 10 7 1 10 12 1 10 12 1 10 8 1 10 12 1 7 1 10 12 1 10 12 1 10 12 1 10 12 1 1 10 12 1 10 12 1 10 100 12 1 1 1 10 12 1 10 12 1 1 10 12 1 10 12 1 10 12 1 1 10 12 1 10 12 1 1 10 12 1 10 12 1 10 12 1 10 12 1 10 12 1 1 100 1 10 12 1 1 10 12 1 1 100 1 10 12 1 1 10 12 1 1 8 1 10 100 12 1 1 1 10 12 1 10 12 1 7 1 100 1 10 10 12 1 10 12 1 10 12 1 100 1 10 10 12 1 9 12 1 5 0 10 100 12 1 1 9 12 1 100 1 10 12 1 1 8 1 10 100 1 10 12 1 1 10 12 1 1 10 12 1 10 12 1 10 12 1 100 1 8 1 9 100 12 1 1 1 10 10 12 1 10 10 10 12 1 1 10 12 10 10 12 1 1 10 7 12 1 1 8 1 10 7 1 10 12 1 10 12 1 8 10 12 1 100 1 10 12 1 1 18 12 1 1 10 100 12 1 1 1 11 100 12 1 1 10 12 1 10 12 1 100 1 10 12 1 10 12 1 100 1 10 10 12 1 10 10 10 10 10 10 10 10 10 10 10 12 1 1 10 10 12 10 10 12 1 10 12 1 9 12 1 1 10 100 12 1 1 10 12 10 12 1 1 10 12 1 100 1 10 12 1 1 9 12 1 100 1 10 12 1 1 10 10 12 1 1 10 12 1 9 10 12 1 1 10 12 1 100 1 10 12 1 1 10 100 1 10 100 1 10 12 1 1 10 12 1 1 10 10 12 1 8 1 10 12 10 12 1 10 12 10 12 1 10 12 1 10 12 1 10 7 12 1 1 1 10 12 1 10 12 1 1 10 12 1 10 12 1 10 12 1 10 12 1 10 12 1 18 12 1 1 10 12 1 1 10 12 1 10 12 1 1 10 12 1 1 10 12 1 10 12 1 10 7 1 10 10 12 1 10 10 12 1 10 12 1 1 10 11 12 10 12 1 9 12 1 3 10 12 1 10 12 1 1 10 12 1 1 100 1 10 100 12 1 1 1 8 10 100 12 1 1 8 10 12 1 8 8 8 10 12 1 8 8 10 12 1 8 100 1 8 8 8 8 9 12 1 1 100 1 10 12 1 100 1 100 1 10 10 10 10 12 1 10 12 1 10 100 12 1 1 10 12 1 10 12 1 1 10 10 8 1 10 10 8 1 11 10 12 1 18 12 1 10 12 1 10 12 1 7 1 8 1 10 9 12 1 8 7 1 10 10 7 12 1 1 1 7 1 10 9 12 1 1 100 1 100 1 1 1 1 1 1 1 1 3 1 3 1 3 1 1 1 1 3 1 8 1 1 1 1 1 1 1 1 3 1 3 1 3 1 3 1 3 1 3 1 3 1 3 1 3 1 3 1 3 1 3 1 3 1 3 1 3 1 3 1 3 1 3 1 3 1 3 1 3 1 3 1 3 1 3 1 1 1 1 1 1 1 1 1 1 1 100 1 1 1 1 1 1 1 1 1 1 1 1 1 1 1 1 1 1 1 1 1 1 1 1 1 1 1 1 1 1 1 1 1 1 1 1 1 100 1 1 1 1 1 1 1 1 1 1 1 1 1 1 1 1 1 1 1 1 1 1 1 1 1 1 1 1 1 1 1 1 1 1 1 1 1 1 1 1 1 1 1 1 1 1 1 1 1 1 1 1 1 1 1 1 1 1 1 1 1 1 1 1 1 1 1 1 1 1 1 1 1 1 1 1 1 1 1 1 1 1 1 1 1 1 1 1 1 1 1 1 1 1 1 1 1 1 1 1 1 1 1 1 1 1 1 1 1 1 1 1 1 1 1 1 1 1 1 1 1 1 1 1 100 100 1 1 1 1 1 1 100 1 1 1 1 1 1 1 1 1 1 1 1 1 1 1 1 1 1 1 1 100 1 1 1 1 1 1 1 1 1 1 1 1 1 1 1 1 1 1 1 1 1 1 1 1 1 1 1 1 1 1 1 1 1 1 1 1 1 1 1 1 1 1 1 1 1 1 1 1 1 1 1 1 1 1 1 1 1 1 1 1 1 1 1 1 1 1 1 1 1 1 1 1 1 1 1 1 1 1 1 1 1 1 100 1 1 1 1 1 1 1 1 1 1 1 1 1 1 1 1 1 1 1 1 1 1 1 1 1 1 1 1 1 1 1 1 1 1 1 1 1 1 1 100 1 1 1 1 1 1 1 1 1 1 1 1 1 1 1 1 1 1 1 1 1 100 1 1 1 1 1 1 1 1 1 1 1 1 1 1 1 1 1 1 1 1 1 1 100 1 100 1 100 1 100 1 1 8 1 16 15 10 12 8 1 15 10 100 12 1 1 15 10 100 12 1 1 1 1 100 1 1 1 1 1 100 1 1 1 1 1 100 1 1 1 1 1 100 1 1 1 1 100 1 100 1 1
staticfield javax/swing/JComponent readObjectCallbacks Ljava/util/Hashtable; java/util/Hashtable
staticfield javax/swing/JComponent INPUT_VERIFIER_SOURCE_KEY Ljava/lang/Object; java/lang/StringBuilder
staticfield javax/swing/JComponent focusController Lsun/awt/RequestFocusController; javax/swing/JComponent$2
instanceKlass java/awt/Graphics2D
ciInstanceKlass java/awt/Graphics 1 1 220 10 7 12 1 1 1 10 7 12 1 1 1 10 12 1 1 10 12 1 1 10 12 1 1 10 12 1 1 10 12 1 10 12 1 1 10 100 12 1 1 10 12 1 10 12 1 1 10 12 1 9 100 12 1 1 1 9 12 1 9 12 1 1 10 12 1 1 10 12 1 100 1 10 12 1 10 12 1 1 10 12 1 10 12 1 10 12 1 1 10 100 12 1 1 1 10 12 1 1 18 12 1 1 10 12 1 1 10 100 12 1 1 1 9 12 1 9 12 1 9 12 1 9 12 1 100 1 8 1 10 12 1 1 1 1 1 1 1 1 1 1 1 1 1 1 1 1 1 1 1 1 1 1 1 1 1 1 1 1 1 1 1 1 1 1 1 1 1 1 1 1 1 1 1 1 1 1 1 1 1 1 1 1 1 1 1 1 1 1 1 1 1 1 1 3 1 1 1 1 1 1 1 1 1 1 8 1 15 10 100 12 1 1 1 100 1 100 1 1
instanceKlass sun/java2d/SunGraphics2D
ciInstanceKlass java/awt/Graphics2D 1 1 125 10 7 12 1 1 1 10 100 12 1 1 1 10 12 1 1 10 100 12 1 1 10 12 1 10 12 1 1 10 12 1 1 10 12 1 1 1 1 1 1 1 1 1 1 1 1 1 1 1 1 1 1 1 1 1 100 1 1 1 1 1 1 1 1 1 1 1 1 1 1 1 1 1 1 1 1 1 1 1 1 1 1 1 1 1 1 1 1 1 1 1 1 1 1 1 1 1 1 1 1 1 1 1 1 1 1 1 1 1 1 1 1 1 1 1 1 1 1 1 100 1 100 1 1
ciInstanceKlass java/awt/Transparency 1 0 17 100 1 100 1 1 1 1 3 1 3 1 3 1 1 1 1
ciInstanceKlass java/awt/Paint 1 0 11 100 1 100 1 100 1 1 1 1 1
ciInstanceKlass java/awt/Stroke 1 0 9 100 1 100 1 1 1 1 1
instanceKlass sun/java2d/SunGraphicsEnvironment
ciInstanceKlass java/awt/GraphicsEnvironment 1 1 158 10 7 12 1 1 1 9 7 12 1 1 1 10 7 12 1 1 1 9 12 1 1 9 12 1 9 7 12 1 1 10 7 12 1 1 1 8 1 10 7 12 1 1 1 10 12 1 10 12 1 1 10 12 1 10 12 1 10 12 1 100 1 10 100 1 8 1 10 12 1 10 100 12 1 1 1 11 100 12 1 1 1 11 12 1 11 12 1 10 12 1 1 10 100 12 1 1 1 100 1 9 100 12 1 1 1 9 12 1 9 12 1 9 12 1 10 12 1 1 1 1 1 1 1 1 1 100 1 1 1 1 1 1 1 1 1 1 1 1 1 1 1 1 1 1 1 1 1 1 1 1 1 1 1 1 1 1
instanceKlass javax/swing/plaf/FontUIResource
ciInstanceKlass java/awt/Font 1 1 1238 9 7 12 1 1 1 10 7 12 1 1 1 7 1 9 12 1 1 9 12 1 1 11 12 1 1 9 12 1 1 7 1 10 12 1 1 10 12 1 1 9 12 1 1 10 12 1 1 10 12 1 4 10 12 1 9 12 1 10 12 1 1 10 7 12 1 1 1 9 12 1 1 7 1 11 12 1 1 9 7 12 1 1 9 7 12 1 1 1 10 7 1 9 12 1 1 9 12 1 8 1 9 12 1 6 0 10 12 1 100 1 10 12 1 1 11 12 1 1 11 12 1 1 10 100 12 1 1 1 10 12 1 1 10 12 1 1 10 7 12 1 1 1 10 12 1 1 10 12 1 10 12 1 1 9 12 1 10 12 1 1 10 12 1 1 10 12 1 10 12 1 9 12 1 10 12 1 1 9 12 1 9 12 1 9 12 1 100 1 8 1 10 12 100 1 8 1 10 10 100 12 1 1 1 7 1 10 12 1 9 7 12 1 1 1 10 12 1 1 10 12 1 1 9 12 1 10 12 1 10 12 1 10 12 1 10 12 1 9 100 12 1 1 1 11 100 12 1 1 1 11 12 10 12 1 1 10 12 1 1 10 12 1 100 1 8 1 10 8 1 8 1 100 1 10 100 12 1 1 1 11 100 12 1 1 1 100 1 10 12 1 10 100 12 1 1 1 10 100 12 1 1 1 10 12 1 100 1 10 12 1 1 10 100 12 1 1 1 100 1 100 1 10 12 1 1 8 1 10 10 12 1 10 12 1 10 10 12 1 10 12 1 1 18 12 1 1 9 12 1 7 1 10 12 1 1 10 12 1 10 10 12 1 9 12 1 1 6 0 10 100 12 1 1 1 10 12 1 1 10 12 1 10 12 1 1 9 12 1 10 12 1 10 12 1 10 12 8 1 10 12 1 1 10 12 1 10 12 1 10 10 12 1 8 1 8 1 10 12 1 10 12 1 1 10 12 1 10 12 1 10 12 1 1 10 100 12 1 1 1 100 1 10 12 1 1 10 12 1 9 12 1 1 10 12 1 8 1 8 1 8 1 8 1 10 100 12 1 1 10 12 1 1 9 12 1 10 12 1 10 10 12 1 10 12 1 10 12 1 10 12 1 1 10 100 12 1 1 10 18 12 1 10 12 1 1 9 12 1 1 10 100 12 1 1 10 100 12 1 1 10 12 1 1 10 12 1 1 10 12 1 10 12 1 10 12 10 12 1 10 12 1 10 12 1 1 10 12 100 1 9 12 1 9 12 1 9 12 1 9 12 1 9 12 1 9 12 1 9 12 1 9 12 1 9 12 1 9 12 1 9 12 1 9 12 1 9 12 1 9 12 1 9 12 1 9 12 1 9 12 1 9 12 1 9 12 1 9 12 1 9 12 1 9 12 1 10 12 1 10 12 1 1 10 12 1 1 10 12 1 1 10 100 12 1 1 10 12 1 18 10 12 10 12 1 10 12 1 10 12 1 11 100 12 1 1 11 12 1 1 10 12 1 10 12 1 1 10 12 1 1 9 100 12 1 1 1 9 12 1 10 7 12 1 1 1 10 12 1 9 12 1 1 10 12 1 9 12 1 1 10 7 12 1 7 1 9 12 1 1 10 12 1 10 12 1 1 10 10 12 1 1 10 12 1 10 12 1 100 1 10 10 12 1 1 10 12 1 1 9 12 1 7 1 10 12 1 10 12 1 10 12 1 10 12 10 12 1 1 9 12 1 10 12 1 1 10 12 1 1 10 12 1 100 1 18 12 10 18 18 10 12 1 10 12 1 10 12 1 10 12 1 10 12 1 10 100 12 1 1 1 10 12 1 1 10 12 1 100 1 10 12 1 100 1 10 12 1 10 12 1 10 12 1 10 12 1 10 12 1 11 12 1 11 12 1 11 12 1 10 12 1 100 1 10 12 1 10 12 1 10 12 1 10 12 1 10 100 12 1 1 10 12 1 1 10 12 1 1 8 1 10 12 1 10 12 1 10 12 1 7 1 10 10 7 12 1 1 1 9 12 1 10 12 1 1 9 12 1 9 12 1 9 12 1 9 12 1 9 12 1 9 12 1 10 12 1 9 12 1 9 12 1 9 12 1 9 12 1 9 12 1 9 12 1 9 12 1 9 12 1 9 12 1 9 12 1 9 12 1 9 12 1 9 12 1 9 12 1 4 4 4 4 4 4 4 100 1 1 1 1 1 1 8 1 1 8 1 1 8 1 1 8 1 1 3 1 3 1 3 1 1 1 1 1 1 1 1 5 0 1 1 1 1 1 3 1 1 1 1 1 1 1 1 1 1 1 1 1 1 1 1 1 1 1 1 1 1 1 1 1 1 1 1 1 1 1 1 1 1 1 1 1 1 1 1 1 1 1 1 1 1 1 1 100 100 1 1 1 1 1 1 1 1 1 1 1 1 1 1 100 1 1 1 1 1 1 1 1 1 1 1 1 1 1 1 1 1 1 1 1 1 1 1 1 1 1 1 1 1 1 1 1 1 1 1 1 1 1 1 1 1 100 1 1 1 1 1 1 1 1 1 1 1 1 1 1 1 1 1 1 1 1 1 1 1 1 1 1 1 1 1 1 1 1 1 1 1 1 1 1 1 1 1 1 1 1 1 1 1 100 1 1 1 1 1 1 100 1 1 1 1 1 1 1 1 1 1 1 1 1 1 1 1 1 1 1 1 1 1 1 1 1 1 1 1 1 1 1 1 1 8 1 8 1 8 1 8 1 8 1 8 1 15 10 100 12 1 1 1 100 1 1 100 1 1 100 1 100 1 1 1 100 1 100 1 1
staticfield java/awt/Font identityTx Ljava/awt/geom/AffineTransform; java/awt/geom/AffineTransform
staticfield java/awt/Font RECOGNIZED_MASK I 16777087
staticfield java/awt/Font PRIMARY_MASK I 4194431
staticfield java/awt/Font SECONDARY_MASK I 12582656
staticfield java/awt/Font LAYOUT_MASK I 8388416
staticfield java/awt/Font EXTRA_MASK I 100
staticfield java/awt/Font ssinfo [F 8
ciInstanceKlass java/awt/geom/AffineTransform 1 1 432 7 1 10 7 12 1 1 1 9 12 1 1 9 12 1 9 12 1 9 12 1 9 12 1 9 12 1 9 12 1 1 9 12 1 10 12 1 10 10 12 1 1 10 12 1 1 10 12 1 10 12 10 12 1 10 12 1 1 10 12 1 10 12 1 10 12 1 10 12 1 10 12 1 6 0 100 1 8 1 10 12 1 9 12 1 1 10 100 12 1 1 1 10 12 1 10 12 1 10 12 1 10 12 1 10 12 1 10 12 1 10 12 1 10 12 10 12 1 10 12 1 7 1 6 0 100 1 18 12 1 1 10 10 12 1 8 1 7 1 10 7 1 10 10 7 12 1 1 1 10 12 1 10 12 1 10 100 12 1 1 1 100 1 10 12 1 6 0 10 12 1 10 12 1 18 12 1 10 12 1 1 10 12 1 1 100 1 10 12 1 10 12 1 1 5 0 10 12 1 5 0 10 12 1 1 10 12 1 1 10 100 12 1 1 10 100 12 1 1 100 1 100 1 1 1 3 1 3 1 3 1 3 1 3 1 3 1 3 1 3 1 3 1 3 1 3 1 1 1 1 1 3 1 1 1 1 1 1 5 0 1 1 1 1 1 1 1 1 1 1 1 1 1 1 1 1 1 1 1 1 1 1 100 1 1 1 100 1 1 1 1 1 1 1 1 1 1 1 1 1 1 1 1 1 1 1 1 1 1 1 1 1 1 1 1 1 1 1 1 1 1 1 1 1 1 1 1 1 1 1 1 1 1 1 1 1 1 1 1 1 1 1 1 1 1 1 1 1 1 1 1 1 1 1 1 1 1 1 1 1 1 1 1 1 1 1 1 100 1 1 1 1 1 1 1 1 1 1 1 1 1 1 1 1 1 1 1 1 1 1 1 1 1 1 1 1 1 1 1 1 100 1 1 1 1 100 1 1 1 1 1 8 1 8 1 15 10 100 12 1 1 1 1 1 100 1 100 1 100 1 1
staticfield java/awt/geom/AffineTransform rot90conversion [I 8
ciInstanceKlass sun/font/AttributeValues 1 1 779 10 7 12 1 1 1 8 1 9 7 12 1 1 1 9 12 1 1 9 12 1 4 9 12 1 9 12 1 9 12 1 1 9 12 1 9 12 1 9 7 12 1 1 1 10 12 1 1 9 12 1 9 12 1 9 12 1 9 12 1 9 12 1 9 12 1 1 10 100 12 1 1 1 9 12 1 1 10 12 1 10 12 1 9 12 1 10 100 1 10 12 1 1 9 12 1 9 12 1 9 12 1 1 9 12 1 9 12 1 1 9 12 1 9 12 1 1 9 12 1 9 12 1 9 12 1 9 12 1 9 12 1 1 9 12 1 9 12 1 9 12 1 9 12 1 9 12 1 9 12 1 1 9 12 1 9 12 1 9 12 1 9 12 1 9 12 1 1 9 12 1 9 12 1 9 12 1 9 12 1 9 12 1 9 12 1 9 12 1 9 12 1 9 12 1 9 12 1 1 9 12 1 9 12 1 9 12 1 100 1 8 1 10 12 1 9 12 1 1 10 7 12 1 1 1 18 12 1 1 10 12 1 1 18 18 10 12 1 10 12 1 100 1 18 10 12 1 1 9 12 1 10 12 1 1 7 1 10 12 1 1 10 12 1 11 100 12 1 1 11 12 1 1 11 100 12 1 1 1 11 100 12 1 1 11 12 1 1 100 1 11 12 1 100 1 10 12 1 1 11 12 1 10 12 1 100 1 9 12 1 1 10 12 1 10 100 1 10 10 12 1 11 12 1 1 8 1 10 100 12 1 1 1 10 10 10 12 1 100 1 10 12 1 1 10 12 1 1 10 100 1 10 10 12 1 10 12 1 10 12 1 10 7 12 1 1 10 12 1 100 1 100 1 10 10 12 1 1 10 12 1 8 1 10 12 1 10 12 1 9 7 12 1 1 1 10 12 1 10 12 1 10 12 1 10 12 1 10 18 12 1 10 12 1 1 10 12 1 1 10 12 1 1 10 12 1 100 1 10 12 1 1 100 1 100 1 100 1 100 1 10 12 1 9 100 12 1 1 1 10 100 1 10 100 1 100 1 9 12 1 1 10 10 12 1 9 12 1 10 4 4 4 10 100 12 1 1 1 10 12 1 18 9 12 1 11 12 1 9 12 1 10 12 1 1 10 100 12 1 1 1 10 12 1 1 10 12 10 12 1 9 12 1 10 12 9 12 1 10 12 1 1 100 1 10 12 1 10 12 1 1 10 12 1 1 9 12 1 1 9 12 1 10 12 1 1 10 12 1 10 12 1 1 10 12 1 10 12 1 10 12 1 10 12 1 10 12 1 10 12 1 10 12 1 1 100 1 10 12 1 1 10 12 1 1 100 1 1 1 1 1 1 1 1 1 1 1 1 1 1 1 1 1 1 1 1 1 1 1 1 1 1 1 1 1 1 1 1 1 1 1 1 1 1 1 1 1 1 1 1 1 1 1 1 1 1 1 1 1 1 1 1 1 1 1 1 1 1 1 1 1 1 1 1 1 1 1 1 100 1 1 1 1 1 1 1 1 1 1 1 1 1 1 1 1 1 1 1 1 1 1 1 1 1 1 1 1 1 1 1 1 1 1 1 1 1 1 1 1 1 1 1 1 1 1 1 1 1 1 1 1 1 1 1 1 1 1 1 1 1 1 1 1 1 1 1 1 1 1 1 1 1 1 1 1 1 1 1 1 1 1 1 1 1 1 1 1 8 1 8 1 8 1 8 1 8 1 8 1 15 10 100 12 1 1 1 1 100 1 1 100 1 1 100 1 100 1 1
staticfield sun/font/AttributeValues DEFAULT Lsun/font/AttributeValues; sun/font/AttributeValues
staticfield sun/font/AttributeValues MASK_ALL I 16777215
ciInstanceKlass sun/font/EAttribute 1 1 255 7 1 9 12 1 1 9 12 1 9 12 1 9 12 1 9 12 1 9 12 1 9 12 1 9 12 1 9 12 1 9 12 1 9 12 1 9 12 1 9 12 1 9 12 1 9 12 1 9 12 1 9 12 1 9 12 1 9 12 1 9 12 1 9 12 1 9 12 1 9 12 1 9 12 1 9 12 1 1 10 7 12 1 1 10 7 12 1 1 1 10 12 1 1 10 12 1 1 9 12 1 1 9 12 1 1 9 12 1 10 12 1 1 10 100 12 1 1 1 10 12 1 8 9 7 12 1 1 10 12 1 8 9 12 1 8 9 12 1 8 9 12 1 8 9 12 1 8 9 12 1 8 9 12 1 8 9 12 1 8 9 12 1 8 9 12 1 8 9 12 1 8 9 12 1 8 9 12 1 8 9 12 1 8 9 12 1 8 9 12 1 8 9 12 1 8 9 12 1 8 9 12 1 8 9 12 1 8 9 12 1 8 9 12 1 8 9 12 1 8 10 12 1 1 10 12 1 1 1 1 1 1 1 1 1 1 1 1 1 1 1 1 1 1 1 1 1 1 1 100 1 100 1 1
staticfield sun/font/EAttribute EFAMILY Lsun/font/EAttribute; sun/font/EAttribute
staticfield sun/font/EAttribute EWEIGHT Lsun/font/EAttribute; sun/font/EAttribute
staticfield sun/font/EAttribute EWIDTH Lsun/font/EAttribute; sun/font/EAttribute
staticfield sun/font/EAttribute EPOSTURE Lsun/font/EAttribute; sun/font/EAttribute
staticfield sun/font/EAttribute ESIZE Lsun/font/EAttribute; sun/font/EAttribute
staticfield sun/font/EAttribute ETRANSFORM Lsun/font/EAttribute; sun/font/EAttribute
staticfield sun/font/EAttribute ESUPERSCRIPT Lsun/font/EAttribute; sun/font/EAttribute
staticfield sun/font/EAttribute EFONT Lsun/font/EAttribute; sun/font/EAttribute
staticfield sun/font/EAttribute ECHAR_REPLACEMENT Lsun/font/EAttribute; sun/font/EAttribute
staticfield sun/font/EAttribute EFOREGROUND Lsun/font/EAttribute; sun/font/EAttribute
staticfield sun/font/EAttribute EBACKGROUND Lsun/font/EAttribute; sun/font/EAttribute
staticfield sun/font/EAttribute EUNDERLINE Lsun/font/EAttribute; sun/font/EAttribute
staticfield sun/font/EAttribute ESTRIKETHROUGH Lsun/font/EAttribute; sun/font/EAttribute
staticfield sun/font/EAttribute ERUN_DIRECTION Lsun/font/EAttribute; sun/font/EAttribute
staticfield sun/font/EAttribute EBIDI_EMBEDDING Lsun/font/EAttribute; sun/font/EAttribute
staticfield sun/font/EAttribute EJUSTIFICATION Lsun/font/EAttribute; sun/font/EAttribute
staticfield sun/font/EAttribute EINPUT_METHOD_HIGHLIGHT Lsun/font/EAttribute; sun/font/EAttribute
staticfield sun/font/EAttribute EINPUT_METHOD_UNDERLINE Lsun/font/EAttribute; sun/font/EAttribute
staticfield sun/font/EAttribute ESWAP_COLORS Lsun/font/EAttribute; sun/font/EAttribute
staticfield sun/font/EAttribute ENUMERIC_SHAPING Lsun/font/EAttribute; sun/font/EAttribute
staticfield sun/font/EAttribute EKERNING Lsun/font/EAttribute; sun/font/EAttribute
staticfield sun/font/EAttribute ELIGATURES Lsun/font/EAttribute; sun/font/EAttribute
staticfield sun/font/EAttribute ETRACKING Lsun/font/EAttribute; sun/font/EAttribute
staticfield sun/font/EAttribute EBASELINE_TRANSFORM Lsun/font/EAttribute; sun/font/EAttribute
staticfield sun/font/EAttribute atts [Lsun/font/EAttribute; 24 [Lsun/font/EAttribute;
staticfield sun/font/EAttribute $VALUES [Lsun/font/EAttribute; 24 [Lsun/font/EAttribute;
ciInstanceKlass java/util/concurrent/atomic/AtomicBoolean 1 1 134 10 7 12 1 1 1 9 7 12 1 1 1 9 12 1 1 10 7 12 1 1 1 10 12 1 10 12 1 1 10 12 1 1 10 12 1 1 10 100 12 1 1 1 10 12 1 10 12 1 10 12 1 10 12 1 10 12 1 10 12 1 1 10 12 1 10 12 1 10 12 1 10 12 1 10 12 1 10 7 12 1 1 1 8 9 7 12 1 1 1 10 7 12 1 1 1 100 1 1 1 1 5 0 1 1 1 1 1 1 1 1 1 1 1 1 1 1 1 1 1 1 1 1 1 1 1 1 1 1 1 100 1 1
staticfield java/util/concurrent/atomic/AtomicBoolean VALUE Ljava/lang/invoke/VarHandle; java/lang/invoke/VarHandleInts$FieldInstanceReadWrite
ciInstanceKlass java/lang/invoke/VarHandleInts$FieldInstanceReadWrite 1 1 218 10 7 12 1 1 1 9 12 1 1 10 7 12 1 1 10 12 1 1 9 12 1 1 9 12 1 1 9 7 12 1 1 1 10 7 12 1 1 1 10 7 12 1 1 10 7 12 1 1 1 10 12 1 10 12 1 10 12 1 10 12 1 1 10 12 1 1 10 12 1 10 12 1 10 12 1 10 12 1 10 12 1 10 12 1 10 12 1 1 10 12 1 10 12 1 10 12 1 10 12 1 10 12 1 10 12 1 10 12 1 10 12 1 10 12 1 10 12 1 10 12 1 10 12 1 10 12 1 10 12 1 10 12 1 1 10 12 1 7 1 7 1 9 7 12 1 1 10 12 1 1 1 1 1 1 1 1 1 1 1 1 1 1 1 1 1 1 1 1 1 1 1 1 1 1 1 1 1 1 1 1 1 1 1 1 1 1 1 1 1 1 1 1 1 1 1 1 1 1 1 1 1 1 1 1 1 1 1 1 1 1 1 100 1 1 1 1
staticfield java/lang/invoke/VarHandleInts$FieldInstanceReadWrite FORM Ljava/lang/invoke/VarForm; java/lang/invoke/VarForm
instanceKlass java/awt/geom/Point2D$Double
instanceKlass java/awt/geom/Point2D$Float
instanceKlass java/awt/Point
ciInstanceKlass java/awt/geom/Point2D 1 1 91 10 7 12 1 1 1 10 7 12 1 1 1 10 12 1 10 12 1 1 10 100 12 1 1 1 10 12 1 1 100 1 100 1 10 12 1 10 100 12 1 1 1 5 0 10 12 1 1 100 1 1 1 1 1 1 1 1 1 1 1 1 1 1 1 1 1 1 1 1 1 1 1 1 1 1 1 1 1 1 1 1 1 1 100 1 100 1 1 1 1
ciInstanceKlass sun/java2d/DisposerTarget 1 0 9 100 1 100 1 1 1 1 1
ciInstanceKlass sun/java2d/StateTrackable 1 0 16 100 1 100 1 1 1 1 1 1 1 1 100 1 1 1
ciInstanceKlass sun/java2d/Surface 1 0 7 100 1 100 1 1 1
instanceKlass sun/awt/image/BufImgSurfaceData
instanceKlass sun/java2d/d3d/D3DSurfaceData
instanceKlass sun/java2d/windows/GDIWindowSurfaceData
instanceKlass sun/java2d/NullSurfaceData
ciInstanceKlass sun/java2d/SurfaceData 1 1 821 9 7 12 1 1 1 10 7 12 1 1 1 10 7 12 1 1 1 10 12 1 10 7 12 1 1 9 12 1 1 9 12 1 1 9 12 1 1 9 12 1 1 9 12 1 1 10 7 12 1 1 1 9 12 1 1 10 7 12 1 1 1 10 12 1 1 10 7 12 1 1 1 10 7 12 1 1 1 10 12 1 10 12 1 1 9 12 1 9 12 1 1 10 12 1 1 10 12 1 1 10 12 1 1 10 12 1 10 10 12 1 1 10 12 1 9 12 1 9 12 1 1 7 1 6 0 6 0 10 12 1 10 12 1 1 9 7 12 1 1 1 9 12 1 9 12 1 9 12 1 1 10 12 1 1 100 1 9 12 1 9 7 12 1 1 9 7 12 1 1 1 10 12 1 1 10 7 12 1 1 1 9 12 1 9 12 1 10 7 12 1 1 9 12 1 100 1 9 12 1 9 12 1 1 9 9 12 1 1 9 12 1 1 9 12 1 1 9 12 1 1 9 12 1 1 9 12 1 1 9 12 1 10 12 1 1 9 12 1 1 9 12 1 9 12 1 1 9 12 1 9 12 1 9 12 1 9 12 1 9 12 1 9 12 1 9 12 1 9 12 1 9 12 1 10 12 1 1 9 12 1 1 9 12 1 9 12 1 10 7 12 1 1 9 12 1 9 12 1 9 12 1 10 12 1 1 9 12 1 9 12 1 9 12 1 9 12 1 7 1 10 12 1 1 9 12 1 1 9 12 1 9 12 1 10 12 1 1 9 100 12 1 1 9 12 1 9 12 1 9 12 1 1 11 7 1 9 12 1 9 12 1 9 12 1 9 12 1 9 12 1 9 12 1 9 12 1 9 12 1 9 12 1 9 12 1 9 12 1 9 12 1 10 12 1 1 10 12 1 1 10 12 1 1 10 12 1 9 12 1 1 10 7 12 1 1 7 1 10 12 1 1 10 12 1 10 10 7 12 1 1 9 12 1 1 10 7 12 1 1 9 12 1 1 10 7 12 1 1 9 12 1 1 10 7 12 1 1 9 12 1 1 10 7 12 1 1 9 12 1 1 10 7 12 1 1 9 12 1 1 10 7 12 1 1 9 12 1 1 9 12 1 1 10 7 12 1 1 9 12 1 1 10 7 12 1 1 9 12 1 1 10 7 12 1 1 9 12 1 1 9 12 1 1 10 7 12 1 1 9 12 1 1 10 12 1 1 10 7 1 10 12 1 1 10 100 12 1 1 10 12 1 10 12 1 9 100 12 1 1 10 100 12 1 1 1 100 1 100 1 10 100 12 1 1 1 18 12 1 1 10 12 1 10 12 1 7 1 10 7 1 10 7 1 10 9 7 12 1 1 7 1 10 7 1 10 7 1 10 9 12 1 1 7 1 10 12 1 7 1 6 0 10 7 1 10 12 1 7 1 10 9 12 1 1 7 1 10 9 12 1 1 10 12 1 9 12 1 7 1 10 9 12 1 7 1 10 7 1 10 9 12 1 9 12 1 9 12 1 7 1 10 9 12 1 9 12 1 9 12 1 9 12 1 7 1 10 10 12 1 100 1 100 1 100 1 1 1 3 1 3 1 3 1 1 1 1 1 1 1 1 1 1 1 1 1 1 1 1 1 1 1 1 1 1 1 1 1 1 1 1 1 1 1 1 1 1 1 1 1 1 1 1 1 1 1 1 1 1 1 1 1 1 1 1 1 1 1 1 1 1 1 1 1 1 1 1 1 1 1 1 1 1 1 1 1 1 1 1 1 1 1 1 1 1 1 1 1 1 1 1 1 1 1 1 1 1 1 1 8 1 15 10 100 12 1 1 1 1 1 1 1 100 1 1 100 1 100 1 1
staticfield sun/java2d/SurfaceData colorPrimitives Lsun/java2d/pipe/LoopPipe; sun/java2d/pipe/LoopPipe
staticfield sun/java2d/SurfaceData outlineTextRenderer Lsun/java2d/pipe/TextPipe; sun/java2d/pipe/OutlineTextRenderer
staticfield sun/java2d/SurfaceData solidTextRenderer Lsun/java2d/pipe/TextPipe; sun/java2d/pipe/SolidTextRenderer
staticfield sun/java2d/SurfaceData aaTextRenderer Lsun/java2d/pipe/TextPipe; sun/java2d/pipe/AATextRenderer
staticfield sun/java2d/SurfaceData lcdTextRenderer Lsun/java2d/pipe/TextPipe; sun/java2d/pipe/LCDTextRenderer
staticfield sun/java2d/SurfaceData colorPipe Lsun/java2d/pipe/AlphaColorPipe; sun/java2d/pipe/AlphaColorPipe
staticfield sun/java2d/SurfaceData colorViaShape Lsun/java2d/pipe/PixelToShapeConverter; sun/java2d/SurfaceData$PixelToShapeLoopConverter
staticfield sun/java2d/SurfaceData colorViaPgram Lsun/java2d/pipe/PixelToParallelogramConverter; sun/java2d/SurfaceData$PixelToPgramLoopConverter
staticfield sun/java2d/SurfaceData colorText Lsun/java2d/pipe/TextPipe; sun/java2d/pipe/TextRenderer
staticfield sun/java2d/SurfaceData clipColorPipe Lsun/java2d/pipe/CompositePipe; sun/java2d/pipe/SpanClipRenderer
staticfield sun/java2d/SurfaceData clipColorText Lsun/java2d/pipe/TextPipe; sun/java2d/pipe/TextRenderer
staticfield sun/java2d/SurfaceData AAColorShape Lsun/java2d/pipe/AAShapePipe; sun/java2d/pipe/AAShapePipe
staticfield sun/java2d/SurfaceData AAColorViaShape Lsun/java2d/pipe/PixelToParallelogramConverter; sun/java2d/pipe/PixelToParallelogramConverter
staticfield sun/java2d/SurfaceData AAColorViaPgram Lsun/java2d/pipe/PixelToParallelogramConverter; sun/java2d/pipe/PixelToParallelogramConverter
staticfield sun/java2d/SurfaceData AAClipColorShape Lsun/java2d/pipe/AAShapePipe; sun/java2d/pipe/AAShapePipe
staticfield sun/java2d/SurfaceData AAClipColorViaShape Lsun/java2d/pipe/PixelToParallelogramConverter; sun/java2d/pipe/PixelToParallelogramConverter
staticfield sun/java2d/SurfaceData paintPipe Lsun/java2d/pipe/CompositePipe; sun/java2d/pipe/AlphaPaintPipe
staticfield sun/java2d/SurfaceData paintShape Lsun/java2d/pipe/SpanShapeRenderer; sun/java2d/pipe/SpanShapeRenderer$Composite
staticfield sun/java2d/SurfaceData paintViaShape Lsun/java2d/pipe/PixelToShapeConverter; sun/java2d/pipe/PixelToShapeConverter
staticfield sun/java2d/SurfaceData paintText Lsun/java2d/pipe/TextPipe; sun/java2d/pipe/TextRenderer
staticfield sun/java2d/SurfaceData clipPaintPipe Lsun/java2d/pipe/CompositePipe; sun/java2d/pipe/SpanClipRenderer
staticfield sun/java2d/SurfaceData clipPaintText Lsun/java2d/pipe/TextPipe; sun/java2d/pipe/TextRenderer
staticfield sun/java2d/SurfaceData AAPaintShape Lsun/java2d/pipe/AAShapePipe; sun/java2d/pipe/AAShapePipe
staticfield sun/java2d/SurfaceData AAPaintViaShape Lsun/java2d/pipe/PixelToParallelogramConverter; sun/java2d/pipe/PixelToParallelogramConverter
staticfield sun/java2d/SurfaceData AAClipPaintShape Lsun/java2d/pipe/AAShapePipe; sun/java2d/pipe/AAShapePipe
staticfield sun/java2d/SurfaceData AAClipPaintViaShape Lsun/java2d/pipe/PixelToParallelogramConverter; sun/java2d/pipe/PixelToParallelogramConverter
staticfield sun/java2d/SurfaceData compPipe Lsun/java2d/pipe/CompositePipe; sun/java2d/pipe/GeneralCompositePipe
staticfield sun/java2d/SurfaceData compShape Lsun/java2d/pipe/SpanShapeRenderer; sun/java2d/pipe/SpanShapeRenderer$Composite
staticfield sun/java2d/SurfaceData compViaShape Lsun/java2d/pipe/PixelToShapeConverter; sun/java2d/pipe/PixelToShapeConverter
staticfield sun/java2d/SurfaceData compText Lsun/java2d/pipe/TextPipe; sun/java2d/pipe/TextRenderer
staticfield sun/java2d/SurfaceData clipCompPipe Lsun/java2d/pipe/CompositePipe; sun/java2d/pipe/SpanClipRenderer
staticfield sun/java2d/SurfaceData clipCompText Lsun/java2d/pipe/TextPipe; sun/java2d/pipe/TextRenderer
staticfield sun/java2d/SurfaceData AACompShape Lsun/java2d/pipe/AAShapePipe; sun/java2d/pipe/AAShapePipe
staticfield sun/java2d/SurfaceData AACompViaShape Lsun/java2d/pipe/PixelToParallelogramConverter; sun/java2d/pipe/PixelToParallelogramConverter
staticfield sun/java2d/SurfaceData AAClipCompShape Lsun/java2d/pipe/AAShapePipe; sun/java2d/pipe/AAShapePipe
staticfield sun/java2d/SurfaceData AAClipCompViaShape Lsun/java2d/pipe/PixelToParallelogramConverter; sun/java2d/pipe/PixelToParallelogramConverter
staticfield sun/java2d/SurfaceData imagepipe Lsun/java2d/pipe/DrawImagePipe; sun/java2d/pipe/DrawImage
ciInstanceKlass sun/java2d/InvalidPipeException 1 1 21 10 100 12 1 1 1 10 12 1 100 1 1 1 1 1 1 1 1 1 1
ciInstanceKlass sun/java2d/loops/SurfaceType 1 1 459 7 1 10 12 1 1 10 12 1 10 7 12 1 1 9 12 1 1 9 12 1 1 10 12 1 1 9 12 1 1 9 12 1 1 9 12 1 1 10 7 12 1 1 1 7 1 9 12 1 100 1 8 1 10 12 1 10 12 1 1 10 12 1 1 10 12 1 1 10 7 12 1 1 1 10 12 1 10 12 1 10 100 12 1 1 10 12 1 8 1 9 12 1 9 12 1 8 1 10 12 1 1 9 12 1 8 1 9 12 1 8 1 9 12 1 8 1 9 12 1 8 1 9 12 1 8 1 9 12 1 8 1 9 12 1 9 12 1 8 1 9 7 1 10 12 1 9 12 1 8 1 9 7 1 9 12 1 8 1 9 7 1 9 12 1 8 1 9 7 1 9 12 1 8 1 9 12 1 8 1 9 7 1 9 12 1 8 1 9 7 1 9 12 1 8 1 9 7 1 9 12 1 8 1 9 7 1 9 12 1 8 1 9 7 1 9 12 1 8 1 9 7 1 9 12 1 8 1 9 12 1 8 1 9 7 1 9 12 1 8 1 9 7 1 9 12 1 8 1 9 12 1 8 1 9 12 1 8 1 9 12 1 8 1 9 12 1 8 1 9 7 1 9 12 1 8 1 9 7 1 9 12 1 8 1 9 12 1 8 1 9 7 1 9 12 1 8 1 9 12 1 8 1 9 12 1 8 1 9 12 1 8 1 9 12 1 8 1 9 12 1 8 1 9 12 1 8 1 9 12 1 8 1 9 12 1 8 1 9 12 1 8 1 9 12 1 8 1 9 12 1 8 1 9 12 1 8 1 9 12 1 8 1 9 12 1 8 1 9 12 1 1 1 1 1 1 1 1 1 1 1 1 1 1 1 1 1 1 1 1 1 1 1 1 1 1 1 1 1 1 1 1 1 1 1 1 1 1 1 1 1 1 1 1 1 1 1 1 1 1 1 1 1 1 1 1 1 1 1 1 1 1 1 1 1 1 1 1 1 1 1 1 1 1 1 1 1 1 1 1 1 1 1 1 1 1 1 1
staticfield sun/java2d/loops/SurfaceType Any Lsun/java2d/loops/SurfaceType; sun/java2d/loops/SurfaceType
staticfield sun/java2d/loops/SurfaceType AnyInt Lsun/java2d/loops/SurfaceType; sun/java2d/loops/SurfaceType
staticfield sun/java2d/loops/SurfaceType AnyShort Lsun/java2d/loops/SurfaceType; sun/java2d/loops/SurfaceType
staticfield sun/java2d/loops/SurfaceType AnyByte Lsun/java2d/loops/SurfaceType; sun/java2d/loops/SurfaceType
staticfield sun/java2d/loops/SurfaceType AnyByteBinary Lsun/java2d/loops/SurfaceType; sun/java2d/loops/SurfaceType
staticfield sun/java2d/loops/SurfaceType Any3Byte Lsun/java2d/loops/SurfaceType; sun/java2d/loops/SurfaceType
staticfield sun/java2d/loops/SurfaceType Any4Byte Lsun/java2d/loops/SurfaceType; sun/java2d/loops/SurfaceType
staticfield sun/java2d/loops/SurfaceType AnyDcm Lsun/java2d/loops/SurfaceType; sun/java2d/loops/SurfaceType
staticfield sun/java2d/loops/SurfaceType Custom Lsun/java2d/loops/SurfaceType; sun/java2d/loops/SurfaceType
staticfield sun/java2d/loops/SurfaceType IntRgb Lsun/java2d/loops/SurfaceType; sun/java2d/loops/SurfaceType
staticfield sun/java2d/loops/SurfaceType IntArgb Lsun/java2d/loops/SurfaceType; sun/java2d/loops/SurfaceType
staticfield sun/java2d/loops/SurfaceType IntArgbPre Lsun/java2d/loops/SurfaceType; sun/java2d/loops/SurfaceType
staticfield sun/java2d/loops/SurfaceType IntBgr Lsun/java2d/loops/SurfaceType; sun/java2d/loops/SurfaceType
staticfield sun/java2d/loops/SurfaceType ThreeByteBgr Lsun/java2d/loops/SurfaceType; sun/java2d/loops/SurfaceType
staticfield sun/java2d/loops/SurfaceType FourByteAbgr Lsun/java2d/loops/SurfaceType; sun/java2d/loops/SurfaceType
staticfield sun/java2d/loops/SurfaceType FourByteAbgrPre Lsun/java2d/loops/SurfaceType; sun/java2d/loops/SurfaceType
staticfield sun/java2d/loops/SurfaceType Ushort565Rgb Lsun/java2d/loops/SurfaceType; sun/java2d/loops/SurfaceType
staticfield sun/java2d/loops/SurfaceType Ushort555Rgb Lsun/java2d/loops/SurfaceType; sun/java2d/loops/SurfaceType
staticfield sun/java2d/loops/SurfaceType Ushort555Rgbx Lsun/java2d/loops/SurfaceType; sun/java2d/loops/SurfaceType
staticfield sun/java2d/loops/SurfaceType Ushort4444Argb Lsun/java2d/loops/SurfaceType; sun/java2d/loops/SurfaceType
staticfield sun/java2d/loops/SurfaceType UshortIndexed Lsun/java2d/loops/SurfaceType; sun/java2d/loops/SurfaceType
staticfield sun/java2d/loops/SurfaceType ByteGray Lsun/java2d/loops/SurfaceType; sun/java2d/loops/SurfaceType
staticfield sun/java2d/loops/SurfaceType UshortGray Lsun/java2d/loops/SurfaceType; sun/java2d/loops/SurfaceType
staticfield sun/java2d/loops/SurfaceType ByteBinary1Bit Lsun/java2d/loops/SurfaceType; sun/java2d/loops/SurfaceType
staticfield sun/java2d/loops/SurfaceType ByteBinary2Bit Lsun/java2d/loops/SurfaceType; sun/java2d/loops/SurfaceType
staticfield sun/java2d/loops/SurfaceType ByteBinary4Bit Lsun/java2d/loops/SurfaceType; sun/java2d/loops/SurfaceType
staticfield sun/java2d/loops/SurfaceType ByteIndexed Lsun/java2d/loops/SurfaceType; sun/java2d/loops/SurfaceType
staticfield sun/java2d/loops/SurfaceType IntRgbx Lsun/java2d/loops/SurfaceType; sun/java2d/loops/SurfaceType
staticfield sun/java2d/loops/SurfaceType IntBgrx Lsun/java2d/loops/SurfaceType; sun/java2d/loops/SurfaceType
staticfield sun/java2d/loops/SurfaceType ThreeByteRgb Lsun/java2d/loops/SurfaceType; sun/java2d/loops/SurfaceType
staticfield sun/java2d/loops/SurfaceType IntArgbBm Lsun/java2d/loops/SurfaceType; sun/java2d/loops/SurfaceType
staticfield sun/java2d/loops/SurfaceType ByteIndexedBm Lsun/java2d/loops/SurfaceType; sun/java2d/loops/SurfaceType
staticfield sun/java2d/loops/SurfaceType ByteIndexedOpaque Lsun/java2d/loops/SurfaceType; sun/java2d/loops/SurfaceType
staticfield sun/java2d/loops/SurfaceType Index8Gray Lsun/java2d/loops/SurfaceType; sun/java2d/loops/SurfaceType
staticfield sun/java2d/loops/SurfaceType Index12Gray Lsun/java2d/loops/SurfaceType; sun/java2d/loops/SurfaceType
staticfield sun/java2d/loops/SurfaceType AnyPaint Lsun/java2d/loops/SurfaceType; sun/java2d/loops/SurfaceType
staticfield sun/java2d/loops/SurfaceType AnyColor Lsun/java2d/loops/SurfaceType; sun/java2d/loops/SurfaceType
staticfield sun/java2d/loops/SurfaceType OpaqueColor Lsun/java2d/loops/SurfaceType; sun/java2d/loops/SurfaceType
staticfield sun/java2d/loops/SurfaceType GradientPaint Lsun/java2d/loops/SurfaceType; sun/java2d/loops/SurfaceType
staticfield sun/java2d/loops/SurfaceType OpaqueGradientPaint Lsun/java2d/loops/SurfaceType; sun/java2d/loops/SurfaceType
staticfield sun/java2d/loops/SurfaceType LinearGradientPaint Lsun/java2d/loops/SurfaceType; sun/java2d/loops/SurfaceType
staticfield sun/java2d/loops/SurfaceType OpaqueLinearGradientPaint Lsun/java2d/loops/SurfaceType; sun/java2d/loops/SurfaceType
staticfield sun/java2d/loops/SurfaceType RadialGradientPaint Lsun/java2d/loops/SurfaceType; sun/java2d/loops/SurfaceType
staticfield sun/java2d/loops/SurfaceType OpaqueRadialGradientPaint Lsun/java2d/loops/SurfaceType; sun/java2d/loops/SurfaceType
staticfield sun/java2d/loops/SurfaceType TexturePaint Lsun/java2d/loops/SurfaceType; sun/java2d/loops/SurfaceType
staticfield sun/java2d/loops/SurfaceType OpaqueTexturePaint Lsun/java2d/loops/SurfaceType; sun/java2d/loops/SurfaceType
instanceKlass sun/awt/image/PixelConverter$ArgbBm
instanceKlass sun/awt/image/PixelConverter$Bgrx
instanceKlass sun/awt/image/PixelConverter$Rgbx
instanceKlass sun/awt/image/PixelConverter$ByteGray
instanceKlass sun/awt/image/PixelConverter$Ushort4444Argb
instanceKlass sun/awt/image/PixelConverter$Ushort555Rgbx
instanceKlass sun/awt/image/PixelConverter$Ushort555Rgb
instanceKlass sun/awt/image/PixelConverter$Ushort565Rgb
instanceKlass sun/awt/image/PixelConverter$RgbaPre
instanceKlass sun/awt/image/PixelConverter$Rgba
instanceKlass sun/awt/image/PixelConverter$Xbgr
instanceKlass sun/awt/image/PixelConverter$ArgbPre
instanceKlass sun/awt/image/PixelConverter$Argb
instanceKlass sun/awt/image/PixelConverter$Xrgb
ciInstanceKlass sun/awt/image/PixelConverter 1 1 103 10 7 12 1 1 1 9 7 12 1 1 1 10 100 12 1 1 1 10 12 1 1 100 1 100 1 3 100 1 10 9 12 1 1 1 1 1 1 1 1 1 1 1 1 1 1 1 1 1 1 1 1 1 1 1 1 100 1 100 1 100 1 100 1 100 1 100 1 100 1 100 1 100 1 100 1 100 1 100 1 100 1 100 1 100 1 1 1 1 1 1 1 1 1 1 1 1 1 1 1 1 1
staticfield sun/awt/image/PixelConverter instance Lsun/awt/image/PixelConverter; sun/awt/image/PixelConverter
ciInstanceKlass sun/awt/image/PixelConverter$Xrgb 1 1 34 10 7 12 1 1 1 3 7 1 10 9 12 1 1 1 1 1 1 1 1 1 1 1 1 1 1 1 1 1 1 1 1 1
staticfield sun/awt/image/PixelConverter$Xrgb instance Lsun/awt/image/PixelConverter; sun/awt/image/PixelConverter$Xrgb
instanceKlass java/awt/image/IndexColorModel
instanceKlass java/awt/image/PackedColorModel
ciInstanceKlass java/awt/image/ColorModel 1 1 442 9 7 12 1 1 1 8 1 10 7 12 1 1 1 9 7 12 1 1 1 10 7 12 1 1 1 100 1 9 12 1 1 9 12 1 9 12 1 9 12 1 9 12 1 7 1 10 12 1 1 9 12 1 1 9 12 1 9 12 1 9 12 1 100 1 8 1 10 12 9 12 1 10 12 1 1 9 12 1 10 12 1 1 10 12 1 18 12 1 1 18 12 1 10 7 12 1 1 1 9 12 1 1 8 1 8 1 8 1 100 1 8 1 10 10 100 12 1 1 10 12 1 10 12 1 10 12 1 10 12 1 100 1 100 1 3 100 1 18 10 8 1 10 12 1 10 12 10 12 10 12 8 1 8 1 18 4 8 1 10 12 1 1 10 12 1 1 10 12 1 1 10 12 1 1 10 12 1 1 10 12 1 1 10 12 1 8 1 10 100 12 1 1 1 18 12 1 100 1 9 12 1 4 4 4 4 6 0 10 100 12 1 1 1 4 10 12 1 1 9 12 1 4 6 0 9 12 1 3 4 9 12 1 10 12 1 1 10 12 1 1 9 12 1 1 11 100 12 1 1 1 10 100 12 1 1 10 100 12 1 1 1 100 1 10 100 12 1 1 1 11 100 12 1 1 1 11 12 1 1 100 1 10 12 1 10 100 12 1 1 1 11 12 1 1 9 12 1 11 12 1 4 10 12 1 9 12 1 9 12 1 10 12 1 10 12 1 1 1 1 1 1 1 1 1 1 1 1 1 1 1 1 1 1 1 1 1 1 1 1 1 1 1 1 1 1 1 1 1 1 1 1 1 1 1 1 1 1 1 1 1 1 1 1 1 1 1 1 1 1 1 1 1 1 1 1 1 1 1 1 1 1 1 1 1 1 1 1 1 1 1 1 1 1 1 1 1 1 1 1 1 1 1 1 1 1 1 1 1 1 1 1 1 1 1 1 1 1 8 1 8 1 8 1 8 1 8 1 15 10 100 12 1 1 1 1 100 1 100 1 1
instanceKlass java/awt/color/ICC_ColorSpace
ciInstanceKlass java/awt/color/ColorSpace 1 1 221 10 7 12 1 1 1 9 7 12 1 1 1 9 12 1 9 7 12 1 1 1 9 12 1 9 12 1 9 12 1 9 12 1 100 1 8 1 10 12 1 10 12 1 1 9 12 1 1 100 1 8 1 8 1 8 1 8 1 8 1 8 1 8 1 8 1 8 1 8 1 8 1 8 1 8 1 8 1 8 1 8 1 8 1 8 1 8 1 8 1 8 1 8 1 8 1 8 1 10 12 1 1 18 12 1 1 18 100 1 1 1 1 5 0 1 3 1 3 1 3 1 3 1 3 1 3 1 3 1 3 1 3 1 3 1 3 1 3 1 3 1 3 1 3 1 3 1 3 1 3 1 3 1 3 1 3 1 3 1 3 1 3 1 3 1 3 1 3 1 3 1 3 1 3 1 1 1 1 1 1 1 1 1 1 1 1 1 1 1 1 1 1 1 1 1 100 1 1 1 1 1 1 1 8 1 8 1 15 10 100 12 1 1 1 1 100 1 100 1 1
ciInstanceKlass java/awt/color/ICC_ColorSpace 1 1 173 10 7 12 1 1 1 10 12 1 10 7 12 1 1 1 9 7 12 1 1 1 10 12 1 100 1 8 1 10 12 1 9 12 1 1 10 12 1 1 10 100 12 1 1 10 12 1 1 9 12 1 1 10 12 1 10 100 12 1 1 1 100 1 11 100 12 1 1 1 10 9 12 1 1 9 12 1 4 11 12 1 1 3 4 9 12 1 9 12 1 9 12 1 4 9 12 1 10 12 1 1 9 12 1 10 12 1 4 4 4 10 12 1 1 10 12 1 1 1 1 5 0 1 1 1 1 1 1 1 1 1 1 1 1 1 1 1 100 1 100 1 1 1 1 1 1 1 1 1 1 1 1 1 1 100 1 100 1 100 100 1 1 1 1 1 1 1 1 1 1 1 1
ciInstanceKlass sun/java2d/StateTrackableDelegate 1 1 110 9 7 12 1 1 1 10 7 12 1 1 1 9 7 12 1 1 1 9 12 1 1 10 12 1 1 9 12 1 9 12 1 100 1 8 1 10 12 1 10 7 12 1 1 9 12 1 9 12 1 1 9 100 12 1 1 100 1 10 12 1 9 12 1 9 12 1 100 1 8 1 10 9 12 1 8 1 8 1 9 12 1 1 100 1 1 1 1 1 1 1 1 1 1 1 1 1 1 1 1 1 1 1 1 1 1 1 1 1
staticfield sun/java2d/StateTrackableDelegate UNTRACKABLE_DELEGATE Lsun/java2d/StateTrackableDelegate; sun/java2d/StateTrackableDelegate
staticfield sun/java2d/StateTrackableDelegate IMMUTABLE_DELEGATE Lsun/java2d/StateTrackableDelegate; sun/java2d/StateTrackableDelegate
ciInstanceKlass sun/java2d/pipe/PixelDrawPipe 1 0 17 100 1 100 1 1 1 1 1 1 1 1 1 1 1 1 1
ciInstanceKlass sun/java2d/pipe/PixelFillPipe 1 0 15 100 1 100 1 1 1 1 1 1 1 1 1 1 1
ciInstanceKlass sun/java2d/pipe/ShapeDrawPipe 1 0 10 100 1 100 1 1 1 1 1 1
ciInstanceKlass sun/java2d/pipe/TextPipe 1 0 13 100 1 100 1 1 1 1 1 1 1 1 1
ciInstanceKlass sun/java2d/pipe/DrawImagePipe 1 0 16 100 1 100 1 1 1 1 1 1 1 1 1 1 1 1
ciInstanceKlass sun/java2d/pipe/ParallelogramPipe 1 0 11 100 1 100 1 1 1 1 1 1 1
ciInstanceKlass sun/java2d/pipe/LoopBasedPipe 1 0 7 100 1 100 1 1 1
ciInstanceKlass sun/java2d/pipe/LoopPipe 1 1 398 10 7 12 1 1 1 9 7 12 1 1 1 9 12 1 9 12 1 1 9 7 12 1 1 1 10 12 1 1 10 100 12 1 1 1 9 12 1 1 10 100 12 1 1 9 12 1 1 100 1 10 12 1 11 100 12 1 1 1 100 1 10 12 1 100 1 100 1 10 12 1 9 12 1 1 10 100 12 1 1 1 9 12 1 1 10 100 12 1 1 11 12 1 10 7 12 1 1 1 10 12 1 1 10 100 12 1 1 1 10 12 1 1 10 12 1 1 10 12 1 9 12 1 9 12 1 100 1 10 12 1 9 12 1 1 10 12 1 9 12 1 1 10 100 12 1 1 1 9 12 1 1 11 100 12 1 1 1 10 10 12 1 1 100 1 9 12 1 100 1 10 12 1 100 1 10 12 1 1 9 12 1 1 10 7 12 1 1 1 100 1 100 1 10 12 1 1 18 12 1 1 10 12 1 9 12 1 1 10 100 12 1 1 11 100 12 1 1 1 10 12 1 1 9 12 1 9 12 1 1 10 100 12 1 1 1 9 12 1 1 10 100 12 1 1 1 11 100 12 1 1 1 9 12 1 1 10 7 12 1 1 1 9 12 1 1 10 100 12 1 1 1 10 12 1 1 100 1 100 1 100 1 100 1 1 1 1 1 1 1 1 1 1 1 1 1 1 1 1 1 1 1 1 1 1 1 1 1 1 1 1 1 1 1 1 1 1 1 1 1 1 1 1 1 1 1 1 1 100 1 1 1 1 1 1 1 1 1 1 1 1 1 1 100 1 1 1 1 1 1 1 1 1 100 1 1 1 1 1 1 1 1 1 1 1 1 1 1 1 1 1 1 1 1 1 1 8 1 15 10 100 12 1 1 1 100 1 1 100 1 100 1 100 1 100 1 1
staticfield sun/java2d/pipe/LoopPipe RenderEngine Lsun/java2d/pipe/RenderingEngine; sun/java2d/marlin/DMarlinRenderingEngine
instanceKlass sun/java2d/marlin/DMarlinRenderingEngine
ciInstanceKlass sun/java2d/pipe/RenderingEngine 1 1 182 10 7 12 1 1 1 9 7 12 1 1 1 8 1 10 7 12 1 1 1 10 7 12 1 1 1 10 12 1 1 10 7 12 1 1 1 100 1 8 1 100 1 8 1 10 12 1 8 1 8 1 10 100 12 1 1 1 9 12 1 1 10 12 1 1 18 12 1 10 100 12 1 1 8 1 100 1 10 12 1 10 12 1 1 11 100 12 1 1 1 11 12 1 1 11 100 12 1 1 1 11 12 1 11 12 1 1 11 12 1 1 11 12 1 11 12 1 1 1 1 1 1 1 1 1 1 1 1 1 1 1 1 1 1 1 1 1 1 1 1 1 1 1 1 1 1 1 1 1 1 1 1 1 1 1 1 1 1 1 1 1 100 1 1 1 1 8 1 15 10 100 12 1 1 1 1 100 1 100 1 1
ciInstanceKlass sun/java2d/marlin/MarlinConst 1 1 211 7 1 10 7 12 1 1 1 9 12 1 1 10 12 1 9 12 1 10 12 1 9 12 1 10 12 1 9 12 1 10 12 1 9 12 1 10 12 1 9 12 1 9 12 1 9 12 1 9 12 1 10 12 1 9 12 1 10 12 1 9 12 1 10 12 1 9 12 1 9 12 1 9 12 1 10 12 1 1 9 12 1 1 10 12 1 9 12 1 9 12 1 10 12 1 9 12 1 9 12 1 10 12 1 9 12 1 10 12 1 9 12 1 10 7 12 1 1 1 9 12 1 9 12 1 9 12 1 9 12 1 1 9 12 1 10 12 1 9 12 1 9 12 1 10 12 1 9 12 1 9 12 1 10 12 1 9 12 1 9 12 1 100 1 1 1 3 1 1 1 3 1 1 1 1 5 0 1 1 3 1 1 1 1 1 1 1 3 1 1 1 1 1 1 3 1 3 1 3 1 3 1 3 1 1 1 1 1 1 1
staticfield sun/java2d/marlin/MarlinConst ENABLE_LOGS Z 0
staticfield sun/java2d/marlin/MarlinConst USE_LOGGER Z 0
staticfield sun/java2d/marlin/MarlinConst LOG_CREATE_CONTEXT Z 0
staticfield sun/java2d/marlin/MarlinConst LOG_UNSAFE_MALLOC Z 0
staticfield sun/java2d/marlin/MarlinConst DO_STATS Z 0
staticfield sun/java2d/marlin/MarlinConst DO_CHECKS Z 0
staticfield sun/java2d/marlin/MarlinConst DO_LOG_WIDEN_ARRAY Z 0
staticfield sun/java2d/marlin/MarlinConst DO_LOG_OVERSIZE Z 0
staticfield sun/java2d/marlin/MarlinConst DO_TRACE Z 0
staticfield sun/java2d/marlin/MarlinConst USE_SIMPLIFIER Z 0
staticfield sun/java2d/marlin/MarlinConst USE_PATH_SIMPLIFIER Z 0
staticfield sun/java2d/marlin/MarlinConst DO_CLIP_SUBDIVIDER Z 1
staticfield sun/java2d/marlin/MarlinConst DO_LOG_BOUNDS Z 0
staticfield sun/java2d/marlin/MarlinConst DO_LOG_CLIP Z 0
staticfield sun/java2d/marlin/MarlinConst INITIAL_PIXEL_WIDTH I 4096
staticfield sun/java2d/marlin/MarlinConst INITIAL_PIXEL_HEIGHT I 2176
staticfield sun/java2d/marlin/MarlinConst INITIAL_AA_ARRAY I 4096
staticfield sun/java2d/marlin/MarlinConst INITIAL_EDGES_COUNT I 4096
staticfield sun/java2d/marlin/MarlinConst INITIAL_EDGES_CAPACITY I 98304
staticfield sun/java2d/marlin/MarlinConst SUBPIXEL_LG_POSITIONS_X I 8
staticfield sun/java2d/marlin/MarlinConst SUBPIXEL_LG_POSITIONS_Y I 3
staticfield sun/java2d/marlin/MarlinConst MIN_SUBPIXEL_LG_POSITIONS I 3
staticfield sun/java2d/marlin/MarlinConst SUBPIXEL_POSITIONS_X I 256
staticfield sun/java2d/marlin/MarlinConst SUBPIXEL_POSITIONS_Y I 8
staticfield sun/java2d/marlin/MarlinConst MIN_SUBPIXELS F 1090519040
staticfield sun/java2d/marlin/MarlinConst MAX_AA_ALPHA I 2048
staticfield sun/java2d/marlin/MarlinConst TILE_H_LG I 5
staticfield sun/java2d/marlin/MarlinConst TILE_H I 32
staticfield sun/java2d/marlin/MarlinConst TILE_W_LG I 5
staticfield sun/java2d/marlin/MarlinConst TILE_W I 32
staticfield sun/java2d/marlin/MarlinConst BLOCK_SIZE_LG I 5
staticfield sun/java2d/marlin/MarlinConst BLOCK_SIZE I 32
ciInstanceKlass sun/java2d/marlin/DMarlinRenderingEngine 1 1 883 100 1 7 1 7 1 100 1 10 7 12 1 1 1 10 7 12 1 1 1 10 12 1 1 10 12 1 1 10 7 12 1 1 1 9 7 12 1 1 1 9 12 1 1 10 7 12 1 1 1 10 12 1 1 100 1 10 12 1 10 12 1 1 10 12 1 10 7 12 1 1 1 9 12 1 9 12 1 9 12 1 1 9 12 1 10 7 12 1 1 9 12 1 1 6 0 6 0 10 7 12 1 1 1 10 12 1 10 12 1 10 12 1 9 12 1 10 100 12 1 1 1 18 12 1 1 10 100 12 1 1 9 12 1 9 12 1 1 10 100 12 1 1 1 10 12 1 9 12 1 1 10 12 1 1 10 12 1 1 10 12 1 10 12 1 10 12 1 10 12 1 1 10 12 1 10 12 1 10 12 1 1 10 100 12 1 1 1 10 12 1 10 12 1 10 12 1 10 12 1 10 12 1 6 0 9 12 1 1 10 100 12 1 1 1 100 1 6 0 11 7 12 1 1 1 11 12 1 10 12 1 1 9 12 1 9 12 1 1 10 100 12 1 1 10 12 1 1 9 12 1 1 10 100 12 1 1 9 12 1 1 10 100 12 1 1 10 12 1 10 12 1 10 12 1 1 10 12 1 11 7 12 1 1 1 10 12 1 1 10 12 1 1 10 12 1 9 12 1 9 12 1 1 10 100 12 1 1 9 12 1 9 12 1 10 12 1 1 11 7 12 1 1 11 12 1 1 6 0 6 0 11 12 1 11 12 1 1 11 12 1 1 11 12 1 11 12 1 9 7 12 1 1 1 9 12 1 9 12 1 1 11 12 1 10 12 1 10 12 1 10 12 1 9 12 1 1 10 7 12 1 1 10 12 1 1 10 12 1 10 10 10 10 9 12 1 9 12 1 1 8 1 8 1 8 1 8 1 8 1 10 100 12 1 1 18 18 9 12 1 18 12 1 18 9 12 1 18 12 1 9 12 1 18 9 12 1 18 10 12 1 8 1 8 1 18 9 12 1 18 9 12 1 18 9 12 1 18 9 12 1 18 9 12 1 18 10 12 1 18 10 12 1 18 10 12 1 18 10 12 1 18 9 100 12 1 1 18 9 18 9 18 10 12 1 18 12 1 10 12 1 18 10 12 1 18 10 12 1 18 10 12 1 18 10 12 1 18 10 12 1 18 9 12 1 18 8 1 9 12 1 18 10 12 1 18 10 12 1 18 9 12 1 18 9 12 1 18 9 12 1 18 10 12 1 18 10 12 1 18 10 12 1 18 10 12 1 18 8 1 9 100 12 1 1 1 18 9 12 1 18 12 1 9 12 1 18 9 12 1 18 9 12 1 18 9 12 1 18 9 12 1 1 10 7 12 1 1 1 10 10 12 1 1 9 12 1 10 12 1 8 1 10 7 12 1 1 1 10 7 12 1 1 10 12 1 1 7 1 10 12 1 100 1 10 9 12 1 1 1 3 1 3 1 1 1 1 1 1 1 1 1 1 1 1 1 1 1 1 1 1 1 1 1 1 1 1 1 1 100 100 1 1 1 1 1 1 1 1 1 1 1 1 1 1 1 1 1 1 100 1 100 1 1 1 1 1 1 1 1 1 1 1 1 1 1 1 1 1 1 1 1 1 1 1 1 1 1 1 1 1 1 1 1 1 1 100 1 1 1 1 1 1 1 1 1 1 1 1 1 1 1 1 1 1 1 1 1 100 1 100 1 100 1 100 1 100 1 100 1 1 8 1 8 1 8 1 8 1 8 1 8 1 8 1 8 1 8 1 8 1 8 1 8 1 8 1 8 1 8 1 8 1 8 1 8 1 8 1 8 1 8 1 8 1 8 1 8 1 8 1 8 1 8 1 8 1 8 1 8 1 8 1 8 1 8 1 8 1 8 1 8 1 8 1 8 1 8 1 8 1 8 1 8 1 8 1 8 1 8 1 15 10 100 12 1 1 1 100 1 1 1 1 1 1 1 1 100 1 100 1 1
staticfield sun/java2d/marlin/DMarlinRenderingEngine DO_CLIP Z 1
staticfield sun/java2d/marlin/DMarlinRenderingEngine DO_CLIP_RUNTIME_ENABLE Z 0
staticfield sun/java2d/marlin/DMarlinRenderingEngine MIN_PEN_SIZE F 1040187392
staticfield sun/java2d/marlin/DMarlinRenderingEngine USE_THREAD_LOCAL Z 1
staticfield sun/java2d/marlin/DMarlinRenderingEngine REF_TYPE I 1
staticfield sun/java2d/marlin/DMarlinRenderingEngine RDR_CTX_PROVIDER Lsun/java2d/ReentrantContextProvider; sun/java2d/marlin/DMarlinRenderingEngine$1
ciInstanceKlass sun/java2d/marlin/MarlinProperties 1 1 298 10 100 12 1 1 1 8 1 8 1 10 7 12 1 1 1 8 1 3 10 12 1 1 10 12 1 1 8 1 3 8 1 8 1 8 1 10 12 1 1 10 7 12 1 1 1 8 1 18 12 1 1 10 100 12 1 1 1 8 1 10 12 1 1 8 1 8 1 8 1 8 1 8 1 8 1 8 1 8 1 10 12 1 8 1 8 1 100 1 3 8 1 8 1 8 1 9 7 12 1 1 1 4 4 10 12 1 1 8 1 4 8 1 8 1 8 1 8 1 8 1 8 1 4 100 1 4 4 8 1 8 1 8 1 8 1 8 1 8 1 8 1 8 1 8 1 8 1 8 1 4 4 4 8 1 4 4 4 4 8 1 8 1 10 7 12 1 1 10 7 12 1 1 1 10 12 10 12 1 1 10 12 1 1 100 1 18 12 18 12 1 10 7 12 1 1 1 10 100 12 1 1 1 18 18 12 1 10 12 1 1 1 1 1 1 1 1 1 1 1 1 1 1 1 1 1 1 1 1 1 1 1 1 1 1 1 1 1 1 1 1 1 1 1 1 1 1 1 1 1 1 1 1 1 1 1 1 1 1 1 1 1 1 1 1 1 1 1 1 1 1 1 1 1 1 8 1 8 1 8 1 8 1 8 1 15 10 100 12 1 1 1 100 1 100 1 1
instanceKlass sun/java2d/ReentrantContextProviderCLQ
instanceKlass sun/java2d/ReentrantContextProviderTL
ciInstanceKlass sun/java2d/ReentrantContextProvider 1 1 70 10 7 12 1 1 1 9 7 12 1 1 1 9 7 12 1 1 1 7 1 10 12 1 7 1 10 100 1 10 1 1 1 3 1 3 1 3 1 1 1 1 1 1 1 1 1 1 1 1 1 1 1 1 1 1 1 1 1 1 1 1 1 1 1 1 1 1 1 1
instanceKlass sun/java2d/pipe/AAShapePipe$1
instanceKlass sun/java2d/marlin/DMarlinRenderingEngine$1
ciInstanceKlass sun/java2d/ReentrantContextProviderTL 1 1 93 7 1 10 7 12 1 1 1 10 12 1 7 1 10 12 1 9 12 1 1 7 1 10 12 1 9 12 1 1 10 12 1 1 7 1 10 7 1 10 12 1 1 10 12 1 1 10 12 1 1 9 12 1 1 10 100 12 1 1 10 12 1 1 1 1 1 1 1 1 1 1 1 1 1 1 1 1 1 1 1 1 1 1 1 1 1 1 1 1 1 1 1
instanceKlass sun/java2d/ReentrantContextProviderTL$1
ciInstanceKlass sun/java2d/ReentrantContextProviderCLQ 1 1 71 10 7 12 1 1 1 7 1 10 12 1 9 7 12 1 1 1 10 12 1 1 100 1 10 12 1 100 1 10 12 1 1 9 12 1 1 10 12 1 1 10 12 1 1 1 1 1 1 1 1 1 1 1 1 1 1 1 1 1 1 1 1 1 1 1 1 1 1 1 1
ciInstanceKlass sun/java2d/pipe/OutlineTextRenderer 1 1 131 10 7 12 1 1 1 7 1 10 12 1 10 100 12 1 1 1 8 1 10 12 1 1 7 1 10 7 12 1 1 1 10 12 1 1 10 12 1 10 7 12 1 1 1 10 12 1 1 10 12 1 1 9 7 12 1 1 1 100 1 9 12 1 10 12 1 10 12 1 1 10 100 12 1 1 10 10 100 12 1 1 1 10 10 12 1 1 100 1 1 1 3 1 1 1 1 1 1 1 1 1 1 1 1 1 1 1 1 1 1 1 1 1 1 1 1 1 100 1 1 1 1 1 1 1 1 1 1 1 1
instanceKlass sun/java2d/pipe/TextRenderer
instanceKlass sun/java2d/pipe/GlyphListLoopPipe
ciInstanceKlass sun/java2d/pipe/GlyphListPipe 1 1 170 10 7 12 1 1 1 10 7 12 1 1 1 9 7 12 1 1 1 9 12 1 1 100 1 9 7 12 1 1 1 11 7 12 1 1 1 9 12 1 9 12 1 1 9 12 1 9 12 1 1 10 7 12 1 1 9 12 1 9 12 1 10 7 12 1 1 1 10 12 1 1 10 7 12 1 1 1 10 12 1 100 1 10 12 1 1 10 12 1 1 10 12 1 10 12 1 1 11 12 1 1 10 12 1 1 100 1 10 12 1 10 100 1 10 10 12 1 1 11 12 1 1 10 12 1 1 9 12 1 10 12 1 1 1 1 1 1 1 1 1 1 1 1 1 1 1 1 1 1 1 1 1 1 1 1 1 1 1 1 1 1 1 1 1 1 100 1 1 1
instanceKlass sun/java2d/pipe/LCDTextRenderer
instanceKlass sun/java2d/pipe/SolidTextRenderer
instanceKlass sun/java2d/pipe/AATextRenderer
ciInstanceKlass sun/java2d/pipe/GlyphListLoopPipe 1 1 105 10 7 12 1 1 1 10 100 12 1 1 1 10 12 1 10 12 1 1 10 12 1 1 10 100 12 1 1 1 9 100 12 1 1 1 9 100 12 1 1 1 9 12 1 1 10 100 12 1 1 1 9 12 1 1 10 100 12 1 1 9 12 1 1 10 100 12 1 1 9 12 1 1 10 100 12 1 1 100 1 1 1 1 1 1 1 1 1 1 1 1 1 1 1 1 1 1 1 1 1 1 1 1 1
ciInstanceKlass sun/java2d/pipe/AATextRenderer 1 1 29 10 7 12 1 1 1 100 1 10 100 12 1 1 1 100 1 1 1 1 1 1 1 1 1 1 1 1 1
ciInstanceKlass sun/font/FontUtilities 1 1 367 10 100 12 1 1 1 10 7 12 1 1 1 9 7 12 1 1 1 9 7 12 1 1 1 9 12 1 9 12 1 9 12 1 8 1 8 1 10 7 12 1 1 1 8 1 10 7 12 1 1 1 10 12 1 1 10 12 1 1 10 12 1 10 100 12 1 1 1 100 1 8 1 10 12 1 8 1 10 12 1 1 9 12 1 9 12 1 9 12 1 8 1 8 1 9 12 1 8 1 10 100 12 1 1 1 9 12 1 1 8 1 9 100 12 1 1 1 10 12 1 1 8 1 9 12 1 10 12 1 1 9 12 1 10 7 12 1 1 1 10 12 1 1 10 12 1 1 10 12 1 1 100 1 3 3 3 3 3 3 3 3 3 3 3 10 12 1 10 12 1 10 12 1 10 12 10 100 1 100 1 10 12 1 100 1 10 100 12 1 1 1 8 1 10 100 12 1 1 1 100 1 11 12 1 1 9 12 1 1 10 7 12 1 1 1 100 1 10 10 12 1 10 12 1 10 12 1 10 12 1 1 9 12 1 1 10 12 1 1 10 12 1 9 12 1 1 10 12 1 8 1 100 1 10 12 1 1 10 12 1 100 1 3 10 12 1 1 3 10 12 1 7 1 8 1 8 1 8 1 8 1 8 1 1 1 1 3 1 3 1 1 1 1 1 1 1 1 1 1 1 1 1 1 1 1 1 1 1 1 1 1 1 1 1 1 1 1 1 1 1 1 1 1 1 1 1 1 1 1 1 1 1 1 1 1 1 1 1 1 1 1 1 1 1 1 100 1 1 1 1 1 1 1 1 1 1 1 1 1 1 1 1 1 100 1 1
staticfield sun/font/FontUtilities nameMap [[Ljava/lang/String; 4 [[Ljava/lang/String;
ciInstanceKlass sun/java2d/pipe/SolidTextRenderer 1 1 29 10 7 12 1 1 1 100 1 10 100 12 1 1 1 100 1 1 1 1 1 1 1 1 1 1 1 1 1
ciInstanceKlass sun/java2d/pipe/LCDTextRenderer 1 1 27 10 7 12 1 1 1 100 1 10 100 12 1 1 1 1 1 1 1 1 1 1 1 1 1 1 1
ciInstanceKlass sun/java2d/pipe/CompositePipe 1 0 17 100 1 100 1 1 1 1 1 1 1 1 1 1 1 1 1
ciInstanceKlass sun/java2d/pipe/AlphaColorPipe 1 1 92 10 7 12 1 1 1 7 1 9 12 1 1 10 12 1 1 9 12 1 1 10 7 12 1 1 1 10 12 1 1 10 12 1 1 100 1 100 1 100 1 1 1 1 1 1 1 1 1 1 1 1 1 1 1 1 1 1 1 1 1 1 1 1 1 1 1 1 1 1 1 1 1 1 1 1 1 1 1 1 1 1 1 1 1 1 1 1 1 1 1 1
instanceKlass sun/java2d/pipe/PixelToParallelogramConverter
instanceKlass sun/java2d/SurfaceData$PixelToShapeLoopConverter
ciInstanceKlass sun/java2d/pipe/PixelToShapeConverter 1 1 127 10 7 12 1 1 1 9 7 12 1 1 1 100 1 10 12 1 11 100 12 1 1 1 100 1 10 12 1 11 12 1 100 1 10 12 1 100 1 10 100 1 100 1 10 12 1 100 1 10 12 1 10 12 1 1 10 12 1 10 12 1 10 12 1 1 100 1 100 1 1 1 1 1 1 1 1 1 1 1 1 1 1 1 1 1 1 1 1 1 1 1 1 1 1 1 1 1 1 1 1 1 1 1 1 1 1 1 1 1 1 1 1 1 1 1 1 1 1 1 100 1 1 100 1 100 1
instanceKlass sun/java2d/SurfaceData$PixelToPgramLoopConverter
ciInstanceKlass sun/java2d/pipe/PixelToParallelogramConverter 1 1 283 10 7 12 1 1 1 9 7 12 1 1 1 9 12 1 1 9 12 1 6 0 9 12 1 9 12 1 1 10 12 1 1 10 12 1 1 9 7 12 1 1 1 9 12 1 1 7 1 10 12 1 1 10 12 1 1 10 12 1 1 10 12 1 1 10 10 12 1 10 12 1 1 7 1 10 12 1 1 10 12 1 10 12 1 10 12 1 100 1 10 12 1 10 12 1 10 12 1 10 12 1 9 12 1 1 11 7 12 1 1 1 11 12 1 10 7 12 1 1 1 10 12 1 10 12 1 10 12 1 9 12 1 9 12 1 1 10 7 12 1 1 10 12 1 10 12 1 100 1 8 1 10 12 1 9 12 1 100 1 100 1 9 12 1 9 12 1 11 10 12 1 10 12 1 1 10 12 1 10 12 1 6 0 11 7 12 1 1 1 10 12 1 10 12 1 10 12 1 10 12 1 10 12 1 1 11 12 1 1 1 1 1 1 1 1 1 1 1 1 1 1 1 1 1 1 1 1 1 1 1 1 1 1 1 1 1 1 1 100 1 1 1 1 1 1 1 1 1 1 1 1 1 1 1 1 1 1 1 1 1 1 1 1 1 1 1 1 1 1 1 1 1 1 1 1 1 1 1 1 1 1 1
ciInstanceKlass sun/java2d/pipe/TextRenderer 1 1 142 10 7 12 1 1 1 9 7 12 1 1 1 10 7 12 1 1 1 10 7 12 1 1 1 10 7 12 1 1 10 12 1 10 12 1 10 12 1 10 12 1 10 12 1 1 7 1 10 12 1 10 12 1 1 11 7 12 1 1 1 10 12 1 1 10 12 1 1 10 12 1 1 11 12 1 1 10 12 1 1 11 12 1 1 11 12 1 1 11 12 1 1 1 1 1 1 1 1 1 1 1 1 1 1 1 1 1 1 1 1 1 1 1 1 1 1 1 1 1 1 1 1 1 1 1 1 1 1 1 1 1 1 100 1 100 100 1 100 1 1 1
ciInstanceKlass sun/java2d/pipe/Region 1 1 442 100 1 3 3 6 0 6 0 6 0 10 7 12 1 1 1 10 12 1 1 10 7 12 1 1 1 9 7 12 1 1 1 9 12 1 9 12 1 9 12 1 9 12 1 1 9 12 1 9 12 1 1 10 12 1 1 7 1 10 12 1 1 9 12 1 100 1 10 12 1 10 12 1 1 11 100 12 1 1 1 10 12 1 1 10 12 1 1 10 12 1 10 12 1 10 12 1 1 10 12 1 10 12 1 10 12 1 9 7 12 1 1 9 12 1 9 12 1 9 12 1 10 12 1 1 10 12 1 10 12 1 10 12 1 10 12 1 1 11 100 12 1 1 1 10 12 1 10 12 1 10 12 1 10 12 1 1 10 12 1 1 10 12 1 10 12 1 10 12 1 1 10 7 12 1 1 1 10 12 1 10 12 1 10 12 1 10 12 1 10 7 12 1 1 1 10 12 1 1 10 12 1 1 10 12 1 1 10 12 1 1 10 10 12 1 1 10 12 1 10 12 1 10 12 1 10 12 1 10 12 1 1 100 1 8 1 10 12 1 10 100 12 1 1 1 10 12 1 100 1 10 12 100 1 10 11 12 1 100 1 10 12 1 100 1 10 8 1 10 12 1 1 10 12 1 8 1 8 1 10 12 1 8 1 8 1 8 1 10 12 1 1 10 12 1 1 1 3 1 1 3 1 3 1 3 1 1 1 1 1 1 1 1 1 1 1 1 1 1 1 1 1 1 1 1 1 1 1 1 1 1 100 1 100 100 1 1 1 1 1 1 1 1 1 1 1 1 1 1 1 1 1 1 1 1 1 1 1 1 1 1 1 1 1 1 1 1 1 1 1 1 1 1 1 1 1 1 1 1 1 1 1 1 1 1 1 1 1 1 1 1 1 1 1 1 1 1 1 1 1 1 1 1 1 1 1 1 1 1 1 1 1 1 1 1 1 1 1 1 1 1 1 1 1 1 1 1 1 1 1 1 1 1 1 1 1 1 1 1 1 1
staticfield sun/java2d/pipe/Region EMPTY_REGION Lsun/java2d/pipe/Region; sun/java2d/pipe/Region
staticfield sun/java2d/pipe/Region WHOLE_REGION Lsun/java2d/pipe/Region; sun/java2d/pipe/Region
ciInstanceKlass sun/java2d/pipe/AAShapePipe 1 1 238 10 7 12 1 1 1 9 7 12 1 1 1 9 7 12 1 1 1 100 1 11 100 12 1 1 1 10 12 1 1 9 12 1 1 10 7 12 1 1 1 7 1 9 12 1 1 9 12 1 1 10 12 1 1 10 7 12 1 1 1 10 12 1 1 10 12 1 1 10 12 1 1 9 12 1 1 100 1 9 12 1 9 12 1 1 10 12 1 9 12 1 1 10 12 1 1 11 7 12 1 1 1 11 7 12 1 1 1 11 12 1 10 12 1 1 10 7 12 1 1 1 11 12 1 11 12 1 1 11 12 1 11 12 1 1 11 12 1 1 11 12 1 1 11 12 1 11 12 1 1 10 12 1 1 10 7 12 1 1 1 7 1 10 12 1 100 1 100 1 1 1 1 1 1 1 1 1 1 1 1 1 1 1 1 1 1 1 1 1 1 1 1 1 1 1 1 1 1 1 1 1 1 1 1 1 100 1 1 1 1 1 1 1 1 1 1 1 1 1 1 1 1 1 1 1 1 1 100 1 100 100 1 1 1 1 1 1
staticfield sun/java2d/pipe/AAShapePipe RDR_ENGINE Lsun/java2d/pipe/RenderingEngine; sun/java2d/marlin/DMarlinRenderingEngine
staticfield sun/java2d/pipe/AAShapePipe DO_RENDER Z 1
staticfield sun/java2d/pipe/AAShapePipe TILE_STATE_PROVIDER Lsun/java2d/ReentrantContextProvider; sun/java2d/pipe/AAShapePipe$1
ciInstanceKlass sun/java2d/pipe/AAShapePipe$1 1 1 36 10 7 12 1 1 1 7 1 10 12 1 10 7 12 1 1 1 1 1 1 1 1 1 1 1 1 1 1 1 1 100 1 1 1 1
ciInstanceKlass sun/java2d/pipe/AlphaPaintPipe 1 1 257 10 7 12 1 1 1 9 7 12 1 1 1 10 12 1 1 11 7 12 1 1 1 10 12 1 1 10 12 1 1 11 7 12 1 1 1 7 1 10 12 1 9 12 1 1 9 12 1 1 9 12 1 1 9 12 1 1 9 12 1 10 7 12 1 1 1 7 1 7 1 9 12 1 1 7 1 10 7 12 1 1 1 11 7 12 1 1 1 10 12 1 1 10 12 1 10 12 1 1 10 12 1 7 1 7 1 10 7 12 1 1 1 10 12 1 10 7 12 1 1 1 9 12 1 1 9 12 1 1 9 12 1 1 9 7 12 1 1 10 12 1 1 10 12 1 100 1 9 12 1 10 12 1 1 10 7 12 1 1 1 9 12 1 1 10 12 1 1 10 7 12 1 1 10 12 1 1 11 12 1 9 12 1 9 12 1 9 12 1 100 1 1 1 1 1 1 1 1 3 1 1 1 1 1 1 1 1 1 1 1 1 1 1 1 1 1 1 1 1 1 1 1 1 1 1 1 1 1 1 1 1 1 1 1 1 1 1 1 1 1 1 1 1 1 1 100 1 1 1 100 1 1 1 1 1 1
instanceKlass sun/java2d/pipe/SpanShapeRenderer$Composite
ciInstanceKlass sun/java2d/pipe/SpanShapeRenderer 1 1 198 100 1 10 7 12 1 1 1 9 100 12 1 1 1 100 1 10 100 12 1 1 1 10 12 1 1 10 100 12 1 1 1 10 100 12 1 1 11 100 12 1 1 1 10 12 1 1 100 1 9 12 1 1 10 12 1 1 10 12 1 1 10 12 1 1 10 12 1 1 11 100 12 1 1 1 10 12 1 1 10 12 1 1 10 12 1 10 12 1 10 12 1 10 12 1 100 1 10 12 1 10 100 12 1 1 1 10 12 1 1 10 12 1 1 10 12 1 1 10 12 1 1 11 100 12 1 1 1 10 12 1 1 10 12 1 10 12 1 10 12 1 1 10 12 1 1 100 1 1 1 1 3 1 1 1 1 1 1 1 1 1 1 1 1 1 100 1 1 1 1 1 1 1 1 1 1 1 1 1 1 1 1 100 100 1 1 1 1 1 1 100 1 100 1 1 1 1
ciInstanceKlass sun/java2d/pipe/DrawImage 1 1 635 10 7 12 1 1 1 10 7 12 1 1 1 10 12 1 10 7 12 1 1 1 9 7 12 1 1 1 9 12 1 10 12 1 1 9 12 1 1 7 1 10 12 1 10 12 1 1 9 12 1 10 12 1 1 10 12 1 1 10 12 1 1 10 12 1 10 12 1 1 9 12 1 10 12 1 1 10 12 1 6 0 10 7 12 1 1 1 100 1 10 12 1 1 10 12 1 10 12 1 1 10 12 1 10 12 1 10 12 1 6 0 100 1 6 0 6 0 100 1 10 12 1 10 12 1 1 9 100 12 1 1 1 10 12 1 1 10 12 1 1 10 12 1 1 10 12 1 1 9 12 1 10 12 1 1 10 12 1 10 12 1 1 10 12 1 1 10 100 12 1 1 1 100 1 10 12 1 1 10 100 12 1 1 10 12 1 1 10 12 1 10 12 1 10 12 1 10 12 1 10 12 1 9 12 1 1 9 12 1 1 10 7 12 1 1 1 10 12 1 1 10 12 1 1 10 100 12 1 1 10 12 1 1 10 12 1 1 10 100 12 1 1 1 10 12 1 100 1 9 12 1 9 100 12 1 1 1 10 100 12 1 1 10 12 1 1 9 12 1 1 10 12 1 1 10 12 1 1 9 7 12 1 1 10 12 1 1 10 12 1 1 10 7 12 1 1 10 12 1 1 10 12 1 1 100 1 10 12 1 1 100 1 10 12 1 1 10 7 12 1 1 1 10 12 1 100 1 10 12 1 1 10 12 1 1 10 12 1 1 9 12 1 100 1 100 1 10 12 1 1 10 100 1 100 1 10 12 1 10 12 1 10 12 1 1 10 12 1 100 1 10 12 1 9 12 1 10 12 1 1 10 7 1 10 12 10 12 1 1 10 12 1 1 10 12 1 9 12 1 9 12 1 9 12 1 9 12 1 10 100 12 1 1 10 12 1 10 12 1 1 10 100 12 1 1 10 12 1 1 10 7 12 1 1 100 1 11 12 1 1 10 12 1 10 12 1 1 10 12 1 1 10 100 12 1 1 1 10 12 1 10 12 1 10 12 1 10 12 1 10 12 1 10 12 1 10 12 1 10 12 1 11 100 12 1 1 1 100 1 1 1 1 1 1 1 1 1 1 1 1 1 1 1 1 1 1 1 1 1 1 1 1 1 1 1 1 1 1 1 1 1 1 1 1 1 1 1 1 100 1 1 1 1 1 1 1 1 1 1 1 1 1 1 1 1 1 1 1 1 1 1 1 1 1 1 1 1 1 1 1 1 1 1 1 1 1 1 1 1 1 1 1 1 1 1 1 1 1 1 1 1 1 1 1 1 1 1 1 1 1 1 1 1 1 1 1 1 1 1 1 1 1 1 1 1 1 1 1 100 1 1 1 1 1 1 1 1 1 1 1 1 1 1 1 1 1 1 1 1 1 1 1 1 1
ciInstanceKlass sun/java2d/loops/RenderCache 1 1 61 10 7 12 1 1 1 7 1 9 7 12 1 1 1 10 12 1 1 10 7 12 1 1 1 10 12 1 1 10 12 1 1 1 1 1 1 1 1 1 1 1 1 1 1 1 1 1 1 1 1 1 1 1 1 1 1 1 1 1 1
ciInstanceKlass sun/java2d/DestSurfaceProvider 1 0 9 100 1 100 1 1 1 1 1
instanceKlass sun/awt/image/BufferedImageDevice
instanceKlass sun/awt/Win32GraphicsDevice
ciInstanceKlass java/awt/GraphicsDevice 1 1 259 10 7 12 1 1 1 9 7 12 1 1 1 10 12 1 1 10 100 12 1 1 1 10 100 12 1 1 1 10 12 1 1 10 12 1 1 10 12 1 1 10 12 1 1 10 12 1 1 100 1 10 12 1 1 10 12 1 10 12 1 10 12 1 10 12 1 1 10 12 1 1 10 100 12 1 1 1 10 12 1 1 10 12 1 1 9 12 1 1 9 12 1 1 9 100 12 1 1 1 9 12 1 10 12 1 1 9 12 1 1 10 100 12 1 1 1 10 12 1 1 10 12 1 10 10 100 12 1 1 1 10 12 1 1 9 12 1 9 12 1 10 12 10 12 1 1 10 12 1 100 1 8 1 10 12 1 10 12 1 1 100 1 10 100 12 1 1 10 10 12 1 1 10 100 12 1 1 10 12 1 10 12 1 10 12 1 10 100 12 1 1 1 10 10 10 12 1 10 12 1 10 12 1 1 1 3 1 3 1 3 1 1 1 1 1 1 1 1 1 1 1 1 1 1 1 1 1 1 1 1 1 100 1 1 1 1 1 1 1 1 1 1 1 1 1 1 1 1 1 1 1 1 100 1 1 1 1 1
ciInstanceKlass sun/java2d/DisposerRecord 1 0 9 100 1 100 1 1 1 1 1
instanceKlass sun/awt/image/BufferedImageGraphicsConfig
instanceKlass sun/awt/Win32GraphicsConfig
ciInstanceKlass java/awt/GraphicsConfiguration 1 1 162 10 7 12 1 1 1 10 7 12 1 1 1 10 7 12 1 1 1 7 1 10 12 1 1 10 12 1 10 12 1 1 10 12 1 1 10 12 1 100 1 18 12 1 1 10 12 1 100 1 10 12 1 1 100 1 9 12 1 1 100 1 10 7 1 10 12 1 10 100 12 1 1 10 100 12 1 1 1 8 1 10 9 12 1 1 100 1 10 12 1 10 12 1 9 12 1 1 10 12 1 10 7 12 1 1 1 1 1 1 1 1 1 1 1 1 1 1 1 1 1 1 1 1 1 1 1 1 1 1 1 1 1 1 1 1 1 1 1 1 1 1 1 1 1 1 1 8 1 15 10 100 12 1 1 1 1 100 1 100 1 1
staticfield java/awt/GraphicsConfiguration $assertionsDisabled Z 1
ciInstanceKlass java/awt/Shape 1 0 20 100 1 100 1 1 1 1 1 1 1 1 1 1 1 1 1 1 1 1
instanceKlass java/awt/geom/Rectangle2D
ciInstanceKlass java/awt/geom/RectangularShape 1 1 166 10 7 12 1 1 1 10 7 12 1 1 1 10 12 1 10 12 1 10 12 1 6 0 100 1 10 12 1 10 100 1 10 10 100 1 10 10 12 1 10 7 1 10 10 10 10 12 1 10 100 12 1 1 1 10 12 1 10 12 1 1 10 12 1 1 10 12 100 1 10 10 12 1 10 12 1 10 12 1 100 1 10 12 1 1 10 12 1 10 12 1 1 100 1 100 1 10 12 1 100 1 100 1 1 1 1 1 1 1 1 1 1 1 1 1 1 1 1 1 1 1 1 1 1 1 1 1 1 1 1 1 1 1 1 1 1 1 1 1 1 1 1 1 1 1 1 1 1 1 1 1 1 1 1 1 1 1 1 1 1 1 1 1 1 1
instanceKlass java/awt/geom/Rectangle2D$Double
instanceKlass java/awt/geom/Rectangle2D$Float
instanceKlass java/awt/Rectangle
ciInstanceKlass java/awt/geom/Rectangle2D 1 1 188 10 7 12 1 1 1 10 7 12 1 1 1 10 12 1 10 12 1 10 12 1 10 12 1 1 10 12 1 1 10 100 12 1 1 10 12 1 10 12 1 10 12 1 10 12 1 1 10 100 1 10 10 12 1 1 10 12 1 1 10 12 1 10 100 12 1 1 1 10 12 1 10 12 1 10 12 1 10 12 1 10 12 1 10 12 1 10 12 1 1 100 1 10 12 1 10 100 12 1 1 1 5 0 5 0 5 0 1 1 1 3 1 3 1 3 1 3 1 1 1 1 1 1 1 1 1 1 1 1 1 1 1 1 1 1 1 1 1 1 1 1 1 1 1 1 1 1 1 1 1 1 1 1 1 1 1 1 1 1 1 1 1 1 1 1 1 1 1 1 1 1 1 1 1 1 1 1 1 1 1 100 1 100 1 1 1 1
ciInstanceKlass java/awt/Rectangle 1 1 253 10 7 12 1 1 1 9 12 1 1 9 12 1 9 12 1 9 12 1 10 7 12 1 1 9 100 1 9 9 7 1 9 10 12 1 10 12 1 100 1 6 0 3 10 12 1 1 6 0 3 6 0 10 7 12 1 1 1 10 12 1 10 12 1 10 12 1 10 12 1 10 10 12 1 10 12 1 10 12 1 1 10 12 1 10 12 1 5 0 10 12 1 5 0 10 12 1 10 12 1 1 100 1 10 10 12 1 1 10 12 1 10 12 10 12 1 1 10 100 12 1 1 1 10 100 12 1 1 1 18 12 1 1 100 1 100 1 1 1 1 5 0 1 1 1 1 1 1 1 1 1 1 1 1 1 1 1 1 1 1 1 1 1 1 1 1 1 1 1 1 1 1 1 1 1 1 1 1 1 1 1 1 1 1 1 1 1 1 1 1 1 1 1 1 1 1 1 1 1 1 1 1 1 1 1 1 1 1 1 1 1 1 1 1 1 1 1 1 1 1 1 1 1 1 1 1 1 1 1 1 1 1 1 1 1 1 1 8 1 15 10 100 12 1 1 1 1 100 1 100 1 1
ciInstanceKlass Tetrixel 1 1 615 7 1 7 1 100 1 100 1 1 1 1 3 1 3 1 1 1 1 1 1 1 1 1 1 1 1 1 1 1 1 1 3 1 1 1 1 1 1 1 1 1 1 1 1 1 1 1 10 12 9 12 9 12 9 12 9 12 9 12 9 12 9 12 9 12 9 12 9 12 9 12 9 12 9 12 9 12 9 12 7 1 10 9 12 7 1 10 9 12 10 7 1 12 1 1 10 12 1 1 10 12 1 1 7 1 10 12 1 10 12 1 1 9 7 1 12 1 9 12 9 12 10 12 1 1 10 12 1 1 10 7 1 12 1 7 1 10 12 1 9 12 10 12 1 1 1 1 1 1 1 1 100 1 8 1 10 12 1 1 10 7 1 12 1 1 10 12 1 9 12 1 10 12 1 1 10 12 1 5 0 10 12 1 1 10 100 1 12 1 1 1 1 1 1 1 1 9 12 9 12 10 12 1 1 10 12 1 1 10 12 1 9 12 10 9 12 1 9 12 1 10 12 1 1 8 1 1 1 10 12 7 1 9 7 1 12 1 1 9 12 1 1 10 12 1 1 10 12 1 1 10 12 1 1 10 12 1 10 12 1 10 12 1 10 12 1 1 10 12 1 1 10 12 1 10 12 1 10 12 1 1 1 1 1 100 1 10 12 1 1 10 12 1 7 1 10 12 1 10 12 1 1 10 12 1 1 10 12 10 12 1 10 12 1 7 1 8 1 10 12 1 10 12 1 1 8 1 10 12 1 1 10 7 1 12 1 1 10 12 1 6 0 6 0 6 0 10 7 1 12 1 1 8 1 1 1 1 1 1 1 1 1 1 1 1 10 12 1 1 10 12 1 9 12 1 1 8 1 9 12 1 8 1 8 1 8 1 8 1 8 1 8 1 8 1 9 12 1 10 100 1 12 1 1 9 12 1 18 12 1 8 1 10 12 1 1 1 1 1 1 1 1 1 10 12 1 1 10 12 1 100 1 10 12 1 10 12 1 1 10 12 1 1 1 1 1 1 10 12 1 1 100 1 10 12 1 10 12 9 12 1 10 12 1 10 12 1 1 1 8 1 1 8 1 9 12 1 10 12 1 1 1 1 18 12 1 10 100 1 12 1 1 1 10 100 1 12 1 10 12 10 12 1 1 10 12 1 1 1 1 1 1 1 7 1 8 10 10 10 12 1 1 10 12 1 100 1 10 12 1 1 100 1 10 12 1 10 12 1 10 12 1 1 1 1 1 1 1 8 1 10 100 1 12 1 1 10 12 1 1 10 12 1 1 8 1 10 12 1 10 12 1 1 10 12 1 1 1 1 1 10 100 1 12 1 15 8 1 10 100 1 12 1 1 15 16 10 12 15 16 1 1 100 1 1 100 1 1 100 1 100 1 1 1
ciInstanceKlass sun/java2d/loops/MaskFill 1 1 165 9 7 12 1 1 1 10 7 12 1 1 1 10 12 1 9 12 1 1 10 7 12 1 1 1 10 12 1 10 12 1 1 10 7 12 1 1 1 9 12 1 1 10 12 1 10 12 1 1 9 100 12 1 1 1 10 12 1 1 9 12 1 9 100 12 1 1 1 10 100 1 8 1 10 12 1 100 1 10 12 1 8 1 100 1 10 12 1 8 1 10 7 12 1 1 1 8 1 9 12 1 8 1 9 12 1 10 12 1 1 10 12 1 10 10 7 12 1 1 1 1 1 1 1 1 1 1 1 1 1 1 1 1 1 1 100 1 1 1 1 1 1 1 1 1 1 1 1 1 1 1 1 1 1 1 1 1 1 1 1 1 1 1 1
staticfield sun/java2d/loops/MaskFill methodSignature Ljava/lang/String; "MaskFill(...)"
staticfield sun/java2d/loops/MaskFill fillPgramSignature Ljava/lang/String; "FillAAPgram(...)"
staticfield sun/java2d/loops/MaskFill drawPgramSignature Ljava/lang/String; "DrawAAPgram(...)"
staticfield sun/java2d/loops/MaskFill primTypeID I 14
ciInstanceKlass sun/java2d/loops/DrawGlyphList 1 1 84 9 7 12 1 1 1 10 7 12 1 1 1 9 12 1 1 10 7 12 1 1 1 10 12 1 100 1 10 12 1 100 1 10 12 1 8 1 10 7 12 1 1 1 10 12 1 1 10 10 7 12 1 1 1 1 1 1 1 1 1 1 1 1 1 1 1 1 1 1 1 1 1 1 1 1 1 1 1 1 1 1 1 1
staticfield sun/java2d/loops/DrawGlyphList methodSignature Ljava/lang/String; "DrawGlyphList(...)"
staticfield sun/java2d/loops/DrawGlyphList primTypeID I 15
ciInstanceKlass sun/java2d/loops/DrawGlyphListAA 1 1 84 9 7 12 1 1 1 10 7 12 1 1 1 9 12 1 1 10 7 12 1 1 1 10 12 1 100 1 10 12 1 100 1 10 12 1 8 1 10 7 12 1 1 1 10 12 1 1 10 10 7 12 1 1 1 1 1 1 1 1 1 1 1 1 1 1 1 1 1 1 1 1 1 1 1 1 1 1 1 1 1 1 1 1
staticfield sun/java2d/loops/DrawGlyphListAA methodSignature Ljava/lang/String; "DrawGlyphListAA(...)"
staticfield sun/java2d/loops/DrawGlyphListAA primTypeID I 16
ciInstanceKlass sun/java2d/loops/DrawGlyphListLCD 1 1 69 9 7 12 1 1 1 10 7 12 1 1 1 9 12 1 1 10 7 12 1 1 1 10 12 1 100 1 10 12 1 8 1 10 7 12 1 1 1 10 12 1 1 1 1 1 1 1 1 1 1 1 1 1 1 1 1 1 1 1 1 1 1 1 1 1 1 1 1
staticfield sun/java2d/loops/DrawGlyphListLCD methodSignature Ljava/lang/String; "DrawGlyphListLCD(...)"
staticfield sun/java2d/loops/DrawGlyphListLCD primTypeID I 17
ciInstanceKlass java/awt/BasicStroke 1 1 136 10 7 12 1 1 1 100 1 8 1 10 12 1 7 1 8 1 8 1 8 1 8 1 8 1 8 1 9 12 1 1 9 12 1 1 9 12 1 9 12 1 10 100 12 1 1 1 9 12 1 9 12 1 10 12 1 4 10 100 12 1 1 1 10 12 1 1 10 100 12 1 1 1 10 100 12 1 1 1 100 1 1 1 3 1 3 1 3 1 1 1 1 1 1 1 1 1 1 1 1 1 1 1 1 1 1 1 1 1 1 1 1 1 1 1 1 1 1 1 1 1 1 1 1 1 1 1 1 1 1 1 1 1 1 1
ciInstanceKlass sun/java2d/pipe/ValidatePipe 1 1 190 10 7 12 1 1 1 10 7 12 1 1 10 7 12 1 1 1 9 12 1 1 11 7 12 1 1 1 11 12 1 9 12 1 1 11 7 12 1 1 11 12 1 1 11 12 1 11 12 1 11 12 1 11 12 1 11 12 1 11 12 1 1 11 12 1 11 12 1 9 12 1 1 11 100 12 1 1 1 11 12 1 9 12 1 1 11 7 12 1 1 1 11 12 1 1 11 12 1 1 9 12 1 1 11 7 12 1 1 1 11 12 1 11 12 1 1 11 12 1 11 12 1 1 11 12 1 1 1 1 1 1 1 1 1 1 1 1 1 1 1 1 1 1 1 1 1 1 1 1 1 1 1 1 1 1 1 1 1 1 1 1 1 1 1 1 1 1 1 1 1 1 1 1 1 1 1 1 1 1 1 1 1 1 1 1 1 1 1 1
ciInstanceKlass sun/java2d/windows/GDIRenderer 1 1 256 10 7 12 1 1 1 9 100 12 1 1 1 9 12 1 9 12 1 1 100 1 10 12 1 1 9 12 1 1 9 12 1 10 100 12 1 1 1 100 1 100 1 10 100 12 1 1 1 18 12 1 1 10 12 1 10 12 1 10 12 1 1 10 12 1 10 12 1 10 12 1 1 10 12 1 10 12 1 10 12 1 10 12 1 10 12 1 1 9 12 1 100 1 10 12 1 9 12 1 1 10 12 1 10 12 1 1 10 100 12 1 1 1 11 100 12 1 1 1 9 12 1 10 12 1 10 100 12 1 1 1 10 12 1 1 10 100 12 1 1 9 12 1 1 11 100 12 1 1 1 100 1 10 100 1 100 1 100 1 1 1 1 1 1 1 1 1 1 1 1 1 1 1 1 1 1 1 1 1 1 1 1 1 1 1 1 1 1 1 1 1 1 1 1 1 1 1 1 1 1 1 1 1 1 1 1 1 1 1 1 1 1 1 1 1 1 100 100 1 100 1 1 1 1 100 1 100 1 1 1 1 1 1 1 1 1 1 8 1 15 10 100 12 1 1 1 100 1 1 1 100 1 100 1 1
ciInstanceKlass sun/java2d/loops/RenderLoops 1 1 53 10 7 12 1 1 1 10 7 12 1 1 1 9 7 12 1 1 1 1 1 1 1 1 1 1 1 1 1 1 1 1 1 1 1 1 1 1 1 1 1 1 1 1 1 1 1 1 1 1 1 1 1
staticfield sun/java2d/loops/RenderLoops primTypeID I 19
instanceKlass sun/java2d/loops/DrawGlyphListColor$General
ciInstanceKlass sun/java2d/loops/DrawGlyphListColor 1 1 86 9 7 12 1 1 1 10 7 12 1 1 1 9 12 1 1 10 7 12 1 1 1 7 1 10 12 1 100 1 10 12 1 8 1 10 7 12 1 1 1 10 12 1 1 10 10 7 12 1 1 1 1 1 1 1 1 1 1 1 1 1 1 1 1 1 1 1 1 1 1 1 1 1 1 1 1 1 1 1 1 1 1 1 1 1
staticfield sun/java2d/loops/DrawGlyphListColor methodSignature Ljava/lang/String; "DrawGlyphListColor(...)"
staticfield sun/java2d/loops/DrawGlyphListColor primTypeID I 20
ciInstanceKlass sun/java2d/StateTracker 1 1 30 7 1 10 12 1 1 9 7 12 1 1 1 7 1 10 9 12 1 100 1 1 1 1 1 1 1 1 1 1
staticfield sun/java2d/StateTracker ALWAYS_CURRENT Lsun/java2d/StateTracker; sun/java2d/StateTracker$1
staticfield sun/java2d/StateTracker NEVER_CURRENT Lsun/java2d/StateTracker; sun/java2d/StateTracker$2
ciInstanceKlass java/awt/SystemColor 1 1 264 10 7 12 1 1 1 10 7 12 1 1 1 9 7 12 1 1 1 10 12 1 1 9 12 1 1 9 12 1 1 10 7 12 1 1 1 9 12 1 10 100 12 1 1 1 10 100 12 1 1 1 18 12 1 1 10 12 1 3 3 3 3 3 3 3 9 12 1 1 9 12 1 9 12 1 9 12 1 9 12 1 9 12 1 9 12 1 9 12 1 9 12 1 9 12 1 9 12 1 9 12 1 9 12 1 9 12 1 9 12 1 9 12 1 9 12 1 9 12 1 9 12 1 9 12 1 9 12 1 9 12 1 9 12 1 9 12 1 9 12 1 9 12 1 18 12 1 1 10 7 12 1 1 1 10 12 1 100 1 1 1 3 1 3 1 3 1 3 1 3 1 3 1 3 1 3 1 3 1 3 1 3 1 3 1 3 1 3 1 3 1 3 1 3 1 3 1 3 1 3 1 3 1 3 1 3 1 3 1 3 1 3 1 3 1 1 5 0 1 1 1 1 1 1 1 1 1 1 1 1 1 100 1 1 1 1 1 8 1 16 15 15 10 100 12 1 1 15 10 7 12 1 1 1 1 100 1 1 100 1 100 1 1
staticfield java/awt/SystemColor desktop Ljava/awt/SystemColor; java/awt/SystemColor
staticfield java/awt/SystemColor activeCaption Ljava/awt/SystemColor; java/awt/SystemColor
staticfield java/awt/SystemColor activeCaptionText Ljava/awt/SystemColor; java/awt/SystemColor
staticfield java/awt/SystemColor activeCaptionBorder Ljava/awt/SystemColor; java/awt/SystemColor
staticfield java/awt/SystemColor inactiveCaption Ljava/awt/SystemColor; java/awt/SystemColor
staticfield java/awt/SystemColor inactiveCaptionText Ljava/awt/SystemColor; java/awt/SystemColor
staticfield java/awt/SystemColor inactiveCaptionBorder Ljava/awt/SystemColor; java/awt/SystemColor
staticfield java/awt/SystemColor window Ljava/awt/SystemColor; java/awt/SystemColor
staticfield java/awt/SystemColor windowBorder Ljava/awt/SystemColor; java/awt/SystemColor
staticfield java/awt/SystemColor windowText Ljava/awt/SystemColor; java/awt/SystemColor
staticfield java/awt/SystemColor menu Ljava/awt/SystemColor; java/awt/SystemColor
staticfield java/awt/SystemColor menuText Ljava/awt/SystemColor; java/awt/SystemColor
staticfield java/awt/SystemColor text Ljava/awt/SystemColor; java/awt/SystemColor
staticfield java/awt/SystemColor textText Ljava/awt/SystemColor; java/awt/SystemColor
staticfield java/awt/SystemColor textHighlight Ljava/awt/SystemColor; java/awt/SystemColor
staticfield java/awt/SystemColor textHighlightText Ljava/awt/SystemColor; java/awt/SystemColor
staticfield java/awt/SystemColor textInactiveText Ljava/awt/SystemColor; java/awt/SystemColor
staticfield java/awt/SystemColor control Ljava/awt/SystemColor; java/awt/SystemColor
staticfield java/awt/SystemColor controlText Ljava/awt/SystemColor; java/awt/SystemColor
staticfield java/awt/SystemColor controlHighlight Ljava/awt/SystemColor; java/awt/SystemColor
staticfield java/awt/SystemColor controlLtHighlight Ljava/awt/SystemColor; java/awt/SystemColor
staticfield java/awt/SystemColor controlShadow Ljava/awt/SystemColor; java/awt/SystemColor
staticfield java/awt/SystemColor controlDkShadow Ljava/awt/SystemColor; java/awt/SystemColor
staticfield java/awt/SystemColor scrollbar Ljava/awt/SystemColor; java/awt/SystemColor
staticfield java/awt/SystemColor info Ljava/awt/SystemColor; java/awt/SystemColor
staticfield java/awt/SystemColor infoText Ljava/awt/SystemColor; java/awt/SystemColor
ciInstanceKlass sun/java2d/FontSupport 1 0 9 100 1 100 1 1 1 1 1
ciInstanceKlass sun/font/FontManager 1 0 31 100 1 100 1 1 1 1 3 1 3 1 3 1 1 1 1 1 1 1 1 1 100 1 1 1 1 1 1 1 1
ciInstanceKlass sun/font/FontManagerForSGE 1 0 20 100 1 100 1 100 1 1 1 1 1 1 1 1 1 1 1 1 1 1
instanceKlass sun/awt/Win32FontManager
ciInstanceKlass sun/font/SunFontManager 1 1 1769 10 7 12 1 1 1 7 1 9 12 1 1 9 12 1 10 7 12 1 1 1 10 12 1 9 7 12 1 1 1 9 12 1 1 100 1 8 1 10 12 1 1 8 1 8 1 10 7 12 1 1 1 10 7 12 1 1 1 9 12 1 8 1 8 1 10 12 1 9 7 12 1 1 1 18 12 1 9 12 1 18 9 12 1 8 1 10 7 12 1 1 1 10 12 1 1 9 12 1 10 7 12 1 7 1 9 12 1 1 9 12 1 9 12 1 7 1 9 12 1 1 7 1 10 9 12 1 1 9 12 1 9 12 1 9 12 1 9 12 1 9 12 1 9 12 1 9 12 1 7 1 10 9 12 1 1 9 12 1 9 12 1 9 12 1 9 12 1 1 9 12 1 9 12 1 9 12 1 1 9 12 1 9 12 1 1 9 12 1 1 9 12 1 9 12 1 9 12 1 9 12 1 9 12 1 18 10 10 12 1 1 7 1 10 9 12 1 1 100 1 10 12 1 100 1 100 1 10 12 1 10 12 1 10 12 1 1 10 7 12 1 1 18 12 10 12 1 10 12 1 10 12 1 100 1 10 12 1 1 10 100 1 9 12 1 10 12 1 7 1 10 12 1 1 10 12 1 1 9 12 1 1 10 12 1 1 9 12 1 8 1 9 12 1 10 7 12 1 1 8 1 8 1 10 12 1 1 10 12 1 10 12 1 1 8 1 18 10 12 1 18 18 10 12 1 1 9 12 1 9 12 1 18 12 1 10 12 1 10 12 1 1 9 7 12 1 1 1 10 12 1 1 10 7 12 1 1 1 10 12 1 100 1 10 12 1 1 8 1 10 12 1 10 12 1 10 12 1 10 12 1 1 10 12 1 9 7 12 1 1 1 10 12 1 10 12 1 1 9 12 1 1 10 12 1 1 10 12 1 9 12 1 9 12 1 18 12 1 10 12 1 1 10 7 12 1 1 1 10 12 1 9 12 1 10 12 1 1 9 9 10 12 1 10 12 1 10 9 10 12 1 9 12 1 1 7 1 9 12 1 9 12 1 18 18 12 1 10 12 1 1 10 12 1 1 10 12 1 1 10 12 1 1 11 100 12 1 1 1 100 1 10 12 1 1 10 100 12 1 1 1 11 100 12 1 1 11 12 1 1 10 12 1 1 11 7 1 9 12 1 9 12 1 10 12 1 10 9 12 1 10 7 10 12 1 10 12 1 10 12 1 1 10 12 1 10 12 1 18 10 12 1 9 12 1 9 12 1 9 12 1 9 12 1 10 12 1 1 9 9 12 1 10 12 1 10 12 1 1 10 12 1 100 1 10 12 1 100 1 10 12 1 10 12 1 1 18 100 1 10 12 1 18 10 12 1 1 9 12 1 1 10 12 1 100 1 10 18 11 12 1 1 11 100 12 1 1 1 18 12 1 10 100 12 1 1 1 8 1 8 1 8 1 8 1 100 1 10 10 12 1 1 10 12 10 10 100 12 1 1 11 100 1 10 8 1 10 12 1 1 8 1 10 12 1 10 10 10 8 1 8 1 8 1 8 1 10 12 1 10 12 1 1 10 12 1 10 10 12 1 1 10 12 1 10 12 1 18 9 12 1 9 12 1 18 10 12 1 10 12 10 12 1 10 12 1 10 100 12 1 1 1 10 18 10 10 12 18 100 1 10 12 9 12 1 10 12 1 1 10 10 12 1 10 12 1 100 1 9 12 1 9 12 1 9 12 1 9 12 1 9 12 1 9 10 12 1 9 12 1 9 12 1 9 12 1 9 12 1 18 10 12 1 1 10 12 1 9 10 12 1 1 10 12 1 10 12 1 10 12 1 1 18 10 100 12 1 1 18 18 18 10 12 1 10 12 1 10 10 12 1 11 100 12 1 1 1 10 100 1 10 12 1 18 10 12 1 18 18 8 1 8 1 8 1 8 1 8 1 10 12 1 10 12 1 10 12 1 1 10 10 12 1 1 10 12 1 18 10 18 12 1 9 12 1 1 9 12 1 10 100 1 18 10 12 1 18 10 12 1 10 12 1 10 12 1 10 12 1 8 1 8 1 8 1 8 1 18 10 12 1 1 10 12 1 10 12 1 1 10 12 1 10 12 1 10 12 1 1 11 100 1 10 12 1 8 1 10 10 12 1 10 12 1 1 100 1 10 10 100 1 10 12 1 10 100 12 1 1 1 100 1 8 1 10 12 1 10 12 1 1 10 100 12 1 1 1 10 12 1 1 11 100 1 18 10 12 1 18 8 1 10 12 9 12 1 10 12 1 100 1 11 100 1 11 12 1 11 12 1 11 12 1 10 12 1 10 10 12 1 1 10 12 1 9 10 12 1 10 12 1 1 18 10 12 1 10 12 1 8 1 9 12 1 8 1 10 12 1 10 12 1 1 8 1 10 12 1 9 12 1 10 12 1 10 12 1 1 10 12 1 1 10 9 12 1 1 10 10 100 12 1 1 1 10 12 1 1 10 12 1 1 10 12 10 10 10 10 10 12 1 10 10 10 10 10 12 1 7 1 10 12 1 10 12 1 10 12 1 100 1 10 12 1 10 12 1 18 9 100 12 1 1 1 10 12 1 1 18 10 12 1 1 18 18 18 10 12 1 1 10 12 1 10 12 1 10 12 1 8 1 10 12 1 10 12 1 10 12 1 10 12 1 1 10 12 1 1 8 1 8 1 10 12 1 10 12 1 10 10 12 1 10 12 1 10 12 1 10 12 1 1 10 7 12 1 1 10 12 1 9 12 1 10 12 1 10 12 1 10 12 1 10 12 1 1 10 12 1 10 12 1 1 10 12 1 18 10 12 1 10 12 1 9 12 1 1 10 12 1 10 12 1 10 10 10 12 1 1 10 12 1 9 12 1 9 12 1 10 8 1 8 1 8 1 8 1 8 1 10 12 1 1 10 12 1 1 10 12 1 10 8 1 10 12 1 9 12 1 8 1 8 1 9 12 1 8 1 8 1 8 1 8 1 10 12 1 1 10 100 1 10 100 1 8 1 10 7 1 10 7 1 10 10 12 1 100 1 100 1 1 1 3 1 3 1 3 1 3 1 3 1 3 1 3 1 1 1 1 1 1 1 1 1 1 1 1 1 1 1 1 1 1 1 1 1 1 1 1 1 1 1 1 1 1 1 1 1 1 1 1 1 1 1 1 1 1 1 1 1 1 1 1 1 1 1 1 1 1 1 1 1 1 1 1 1 100 1 1 1 1 1 1 1 1 1 1 1 1 1 1 1 1 1 1 1 1 1 1 1 1 1 1 1 1 1 1 1 1 1 1 1 1 1 1 1 1 1 1 1 1 1 1 1 1 1 1 1 1 1 1 1 1 1 1 1 1 1 1 1 1 1 1 1 1 1 1 1 1 1 1 1 1 1 1 1 1 1 1 1 1 1 1 1 1 1 1 1 1 1 1 1 1 1 1 1 1 1 1 1 1 1 1 1 1 1 1 1 1 1 1 1 1 1 1 1 1 1 1 1 1 1 1 1 1 1 1 1 1 1 1 1 1 1 1 1 1 1 1 1 1 1 1 1 1 1 1 100 1 1 1 1 1 1 1 1 1 1 1 1 1 1 1 1 1 1 1 1 1 1 1 100 1 1 1 1 1 1 1 1 1 1 1 1 1 100 1 1 1 1 1 1 1 1 1 1 1 1 1 1 1 1 1 1 1 1 1 1 1 1 1 1 1 1 1 1 1 1 1 1 1 1 8 1 8 1 8 1 8 1 8 1 8 1 8 1 8 1 8 1 8 1 8 1 8 1 8 1 8 1 8 1 16 15 10 12 16 8 1 8 1 8 1 8 1 8 1 8 1 8 1 8 1 8 1 8 1 8 1 8 1 8 1 8 1 8 1 8 1 8 1 8 1 8 1 8 1 8 1 8 1 8 1 8 1 8 1 8 1 15 10 7 12 1 1 15 10 100 12 1 1 1 1 1 1 1 1 100 1 1 1 1 1 100 1 100 1 1
staticfield sun/font/SunFontManager ttFilter Ljava/io/FilenameFilter; sun/font/SunFontManager$TTFilter
staticfield sun/font/SunFontManager t1Filter Ljava/io/FilenameFilter; sun/font/SunFontManager$T1Filter
staticfield sun/font/SunFontManager regFamilyLock Ljava/lang/Object; java/lang/Object
ciInstanceKlass sun/font/Font2DHandle 1 1 22 10 7 12 1 1 1 9 7 12 1 1 1 1 1 1 1 1 1 1 1 1
ciInstanceKlass sun/java2d/windows/GDIWindowSurfaceData 1 1 468 10 7 12 1 1 1 7 1 10 12 1 3 9 7 12 1 1 1 9 7 12 1 1 9 12 1 9 12 1 10 12 1 9 12 1 9 12 1 10 12 1 1 10 100 12 1 1 100 1 9 12 1 100 1 10 12 1 1 9 12 1 9 12 1 100 1 18 12 1 1 10 12 1 1 10 7 12 1 1 1 10 12 1 1 10 12 1 9 100 12 1 1 1 100 1 8 1 10 9 7 12 1 1 1 100 1 9 12 1 9 12 1 9 12 1 10 7 12 1 1 1 9 12 1 9 12 1 1 9 12 1 9 12 1 10 12 1 1 9 100 12 1 1 9 12 1 9 12 1 1 9 9 12 1 9 12 1 1 9 12 1 1 9 12 1 1 9 12 1 9 12 1 1 9 12 1 1 9 12 1 1 10 12 1 1 9 12 1 10 9 12 1 1 10 12 1 9 12 1 1 10 12 1 10 12 1 1 7 1 10 12 1 1 10 12 1 1 10 7 12 1 1 1 9 12 1 1 10 12 1 9 12 1 10 12 1 10 12 1 1 10 12 1 1 10 12 1 1 10 100 12 1 1 1 10 12 1 1 10 12 1 1 9 7 12 1 1 9 12 1 9 12 1 10 7 12 1 1 1 9 12 1 9 12 1 1 9 100 12 1 1 10 12 1 1 9 12 1 10 12 1 1 10 12 1 10 12 1 10 12 1 10 12 1 10 7 12 1 1 1 10 12 1 1 10 12 1 1 10 12 1 10 12 1 1 9 12 1 8 1 10 12 1 1 9 12 1 9 12 1 9 12 1 9 12 1 7 1 10 12 1 1 10 7 12 1 1 10 7 12 1 1 10 12 10 7 12 1 1 10 12 1 1 7 1 10 12 1 1 1 1 1 1 1 1 1 1 1 1 1 1 1 1 1 1 1 1 1 1 1 1 1 1 1 1 1 1 1 1 1 1 1 1 1 1 1 1 1 1 1 1 1 1 1 1 1 1 1 1 1 1 1 1 1 1 1 1 1 8 1 15 10 100 12 1 1 1 100 1 100 1 1 100 1 100 1 1
staticfield sun/java2d/windows/GDIWindowSurfaceData AnyGdi Lsun/java2d/loops/SurfaceType; sun/java2d/loops/SurfaceType
staticfield sun/java2d/windows/GDIWindowSurfaceData IntRgbGdi Lsun/java2d/loops/SurfaceType; sun/java2d/loops/SurfaceType
staticfield sun/java2d/windows/GDIWindowSurfaceData Ushort565RgbGdi Lsun/java2d/loops/SurfaceType; sun/java2d/loops/SurfaceType
staticfield sun/java2d/windows/GDIWindowSurfaceData Ushort555RgbGdi Lsun/java2d/loops/SurfaceType; sun/java2d/loops/SurfaceType
staticfield sun/java2d/windows/GDIWindowSurfaceData ThreeByteBgrGdi Lsun/java2d/loops/SurfaceType; sun/java2d/loops/SurfaceType
ciInstanceKlass java/awt/Composite 1 0 9 100 1 100 1 1 1 1 1
ciInstanceKlass sun/java2d/loops/CompositeType 1 1 225 7 1 10 12 1 1 10 7 12 1 1 1 9 12 1 1 10 12 1 1 9 12 1 9 12 1 9 12 1 9 12 1 9 12 1 9 12 1 9 12 1 9 12 1 9 12 1 9 12 1 9 12 1 9 12 1 9 12 1 100 1 8 1 10 12 1 10 7 12 1 1 9 12 1 9 12 1 1 10 12 1 1 9 12 1 1 9 12 1 1 10 7 12 1 1 1 7 1 9 12 1 8 1 10 12 1 1 10 12 1 1 10 12 1 10 100 12 1 1 10 12 1 8 1 9 12 1 9 12 1 8 1 10 12 1 1 9 12 1 8 1 9 12 1 8 1 8 1 8 1 8 1 8 1 8 1 8 1 8 1 8 1 8 1 8 1 8 1 8 1 8 1 9 12 1 1 1 1 1 1 1 1 1 1 1 1 1 1 1 1 1 1 1 1 1 1 1 1 1 1 1 1 1 1 1 1 1 1 1 1 1 1 1 1 1 1 1 1 1 1 1 1 1 1
staticfield sun/java2d/loops/CompositeType compositeUIDMap Ljava/util/HashMap; java/util/HashMap
staticfield sun/java2d/loops/CompositeType Any Lsun/java2d/loops/CompositeType; sun/java2d/loops/CompositeType
staticfield sun/java2d/loops/CompositeType General Lsun/java2d/loops/CompositeType; sun/java2d/loops/CompositeType
staticfield sun/java2d/loops/CompositeType AnyAlpha Lsun/java2d/loops/CompositeType; sun/java2d/loops/CompositeType
staticfield sun/java2d/loops/CompositeType Xor Lsun/java2d/loops/CompositeType; sun/java2d/loops/CompositeType
staticfield sun/java2d/loops/CompositeType Clear Lsun/java2d/loops/CompositeType; sun/java2d/loops/CompositeType
staticfield sun/java2d/loops/CompositeType Src Lsun/java2d/loops/CompositeType; sun/java2d/loops/CompositeType
staticfield sun/java2d/loops/CompositeType Dst Lsun/java2d/loops/CompositeType; sun/java2d/loops/CompositeType
staticfield sun/java2d/loops/CompositeType SrcOver Lsun/java2d/loops/CompositeType; sun/java2d/loops/CompositeType
staticfield sun/java2d/loops/CompositeType DstOver Lsun/java2d/loops/CompositeType; sun/java2d/loops/CompositeType
staticfield sun/java2d/loops/CompositeType SrcIn Lsun/java2d/loops/CompositeType; sun/java2d/loops/CompositeType
staticfield sun/java2d/loops/CompositeType DstIn Lsun/java2d/loops/CompositeType; sun/java2d/loops/CompositeType
staticfield sun/java2d/loops/CompositeType SrcOut Lsun/java2d/loops/CompositeType; sun/java2d/loops/CompositeType
staticfield sun/java2d/loops/CompositeType DstOut Lsun/java2d/loops/CompositeType; sun/java2d/loops/CompositeType
staticfield sun/java2d/loops/CompositeType SrcAtop Lsun/java2d/loops/CompositeType; sun/java2d/loops/CompositeType
staticfield sun/java2d/loops/CompositeType DstAtop Lsun/java2d/loops/CompositeType; sun/java2d/loops/CompositeType
staticfield sun/java2d/loops/CompositeType AlphaXor Lsun/java2d/loops/CompositeType; sun/java2d/loops/CompositeType
staticfield sun/java2d/loops/CompositeType SrcNoEa Lsun/java2d/loops/CompositeType; sun/java2d/loops/CompositeType
staticfield sun/java2d/loops/CompositeType SrcOverNoEa Lsun/java2d/loops/CompositeType; sun/java2d/loops/CompositeType
staticfield sun/java2d/loops/CompositeType OpaqueSrcOverNoEa Lsun/java2d/loops/CompositeType; sun/java2d/loops/CompositeType
ciInstanceKlass sun/awt/ConstrainableGraphics 1 0 9 100 1 100 1 1 1 1 1
ciInstanceKlass sun/java2d/SunGraphics2D 1 1 1809 7 1 10 7 12 1 1 1 9 7 12 1 1 1 9 12 1 1 9 12 1 9 12 1 1 9 12 1 9 12 1 1 9 12 1 9 12 1 1 9 7 12 1 1 1 9 12 1 7 1 9 12 1 1 9 12 1 9 12 1 9 12 1 9 12 1 9 12 1 9 12 1 9 12 1 9 12 1 100 1 9 12 1 10 12 1 1 9 12 1 1 10 12 1 1 10 12 1 10 12 1 9 12 1 1 9 12 1 10 7 12 1 1 1 10 12 1 1 10 12 1 10 12 1 1 10 10 7 1 10 7 12 1 1 1 10 12 1 9 12 1 1 10 7 1 9 12 1 1 9 12 1 1 10 7 1 9 12 1 9 12 1 1 100 1 10 7 1 9 12 1 1 10 7 12 1 1 1 9 12 1 10 12 1 10 12 1 9 7 12 1 1 9 12 1 9 12 1 9 12 1 10 12 1 10 12 1 1 9 12 1 10 12 1 10 12 1 1 10 12 1 10 12 1 9 12 1 10 12 1 9 12 1 10 12 1 1 10 12 1 1 10 12 1 10 12 1 10 12 1 1 10 12 1 1 10 12 1 1 10 12 1 1 10 12 1 1 9 12 1 1 9 12 1 1 9 12 1 1 9 12 1 1 9 12 1 1 9 12 1 1 9 12 1 1 10 12 1 100 1 8 1 10 12 1 10 12 1 1 10 12 1 1 7 1 10 12 1 1 10 12 1 1 7 1 10 10 12 1 10 7 12 1 1 1 10 12 1 10 12 1 10 12 1 10 12 1 10 12 1 1 11 7 12 1 1 1 10 12 1 1 10 12 1 1 100 1 10 12 1 100 1 10 10 12 1 1 10 12 1 10 10 12 1 9 12 1 10 10 7 12 1 1 1 10 12 1 10 12 1 10 12 1 1 10 12 1 1 9 12 1 1 9 12 1 10 12 9 12 1 1 10 12 1 1 10 12 10 12 1 9 12 1 9 12 1 9 12 1 10 12 1 10 12 1 1 10 12 1 6 0 9 12 1 9 12 1 1 9 12 1 1 10 12 1 100 1 6 0 9 12 1 10 7 12 1 1 1 9 12 1 1 9 12 1 10 7 12 1 1 7 1 10 12 1 10 7 12 1 1 1 10 12 1 1 9 12 1 9 12 1 9 12 1 10 12 1 1 9 12 1 1 10 12 1 9 12 1 1 10 12 1 1 9 10 12 1 1 10 7 12 1 1 1 11 100 12 1 1 10 12 1 10 12 10 11 12 1 10 12 1 1 10 7 1 10 12 1 1 9 12 1 11 7 12 1 1 100 1 9 12 1 9 12 1 9 12 1 10 9 12 1 100 1 9 12 1 100 1 8 1 10 9 12 1 9 12 1 7 1 10 12 1 1 11 12 1 1 7 1 100 1 100 1 100 1 10 7 12 1 1 9 12 1 1 10 12 1 1 9 12 1 10 12 1 6 0 9 12 1 6 0 8 1 10 12 1 1 10 7 12 1 1 1 10 100 12 1 1 1 18 12 1 1 7 1 9 12 1 1 7 1 10 12 1 10 9 12 1 10 12 1 1 10 12 1 1 10 12 1 1 10 12 1 10 12 1 9 12 1 1 9 12 1 9 12 1 11 100 12 1 1 1 11 100 12 1 1 1 11 100 12 1 1 11 12 1 9 12 1 1 9 12 1 9 12 1 9 12 1 9 12 1 9 12 1 11 10 12 1 1 10 12 1 1 10 12 10 12 1 1 10 12 1 10 12 1 10 12 1 9 12 1 9 12 1 10 12 1 10 12 1 10 12 1 10 12 1 1 10 12 1 10 12 1 10 12 1 1 3 9 12 1 10 12 1 1 9 12 1 9 12 1 10 10 12 1 9 12 1 1 10 12 1 10 12 1 1 10 12 1 1 100 1 8 1 10 10 12 1 10 12 1 10 12 1 1 10 12 1 1 10 12 1 11 12 1 1 10 100 12 1 1 1 10 100 12 1 1 1 10 12 1 1 10 12 1 1 10 12 1 1 10 10 12 1 10 12 1 10 12 1 10 12 1 100 1 11 7 1 10 12 10 12 1 10 12 1 1 10 12 10 12 1 10 12 1 10 12 1 10 12 1 9 12 1 1 10 12 1 1 8 1 10 12 1 10 12 1 1 10 12 1 100 1 8 1 10 10 12 1 1 9 12 1 10 12 1 1 10 12 1 10 100 12 1 1 1 9 12 1 1 10 12 10 12 1 10 12 1 1 100 1 11 7 12 1 1 1 11 12 1 1 11 7 12 1 1 11 12 1 11 12 1 11 12 1 11 12 1 11 12 1 1 11 12 1 11 12 1 11 12 1 11 12 1 10 12 1 1 9 7 12 1 1 10 12 1 1 10 12 9 12 10 12 1 10 12 10 12 1 1 11 7 12 1 1 1 11 12 1 11 100 12 1 1 11 12 1 11 12 11 12 10 12 1 10 12 1 10 12 1 10 12 1 10 12 1 100 1 10 12 1 1 10 12 1 1 10 12 1 1 10 12 1 1 11 12 1 1 10 100 12 1 1 1 10 12 1 1 10 12 1 1 10 10 10 10 10 12 1 10 12 1 10 100 1 10 10 12 1 1 10 11 10 100 12 1 1 10 12 1 10 12 11 12 1 11 12 1 11 12 1 11 12 1 10 12 1 1 11 12 1 1 10 12 1 1 10 12 1 1 100 1 10 11 100 12 1 1 1 10 12 1 1 8 1 10 12 1 10 12 1 100 1 10 12 1 10 12 1 11 7 12 1 1 1 8 1 11 100 12 1 1 11 12 1 10 12 1 8 1 11 12 1 1 8 1 100 1 8 1 10 10 12 1 11 12 1 1 8 1 10 12 1 7 1 10 7 12 1 1 1 10 12 1 10 12 1 10 12 1 10 12 1 1 10 12 10 12 1 1 10 7 12 1 1 100 1 10 7 12 1 1 10 12 10 12 1 1 10 100 12 1 1 1 11 12 1 9 12 1 100 1 10 10 12 1 11 7 12 1 1 11 12 1 10 12 1 100 1 10 12 1 10 12 1 11 12 1 10 12 1 1 10 12 1 11 12 1 10 12 1 11 12 1 10 12 11 12 1 10 12 1 10 12 1 10 12 1 10 7 12 1 1 10 8 1 10 12 1 10 7 12 1 1 8 1 10 12 1 1 7 1 10 7 10 7 12 1 1 10 12 1 100 1 100 1 100 1 1 1 3 1 3 1 3 1 3 1 3 1 3 1 3 1 1 1 1 1 1 1 1 1 1 1 1 1 1 1 1 1 1 1 3 1 3 1 3 1 3 1 1 3 1 1 1 1 1 1 1 1 1 1 1 1 1 1 1 1 1 1 1 1 1 1 1 1 1 1 1 1 1 1 1 1 1 1 1 1 1 1 1 1 1 1 1 1 1 1 1 1 1 1 1 1 1 1 1 1 1 1 1 1 1 1 1 1 1 1 100 1 1 1 1 1 1 1 1 1 1 1 100 1 1 1 1 1 1 1 1 1 1 1 1 1 1 1 1 1 1 1 1 1 1 1 1 1 1 1 1 1 1 1 1 1 1 1 1 1 1 1 1 1 1 1 1 1 1 1 1 1 1 1 1 1 1 1 1 1 1 1 1 1 1 1 1 1 1 1 1 1 1 1 1 1 1 1 1 1 100 1 100 100 1 1 1 1 1 1 1 1 1 1 1 1 1 1 1 1 1 1 1 1 1 100 1 1 1 1 1 1 1 1 1 1 1 1 1 1 1 1 1 1 1 1 1 1 1 1 1 1 1 1 1 1 1 1 1 1 1 1 1 1 1 1 1 1 1 1 1 1 1 1 1 1 1 1 1 1 1 1 1 1 1 1 1 1 1 1 1 1 1 1 1 1 1 1 1 1 100 1 1 1 1 1 100 1 1 1 1 100 1 1 1 1 1 1 1 1 1 1 1 1 1 1 1 1 1 1 1 1 1 100 1 1 1 1 1 1 1 1 1 1 1 1 1 1 1 1 1 1 1 1 1 1 1 1 1 1 1 100 1 1 1 1 1 1 1 1 8 1 15 10 100 12 1 1 1 1 1 1 1 100 1 100 1 1
staticfield sun/java2d/SunGraphics2D defaultStroke Ljava/awt/Stroke; java/awt/BasicStroke
staticfield sun/java2d/SunGraphics2D defaultComposite Ljava/awt/Composite; java/awt/AlphaComposite
staticfield sun/java2d/SunGraphics2D defaultFont Ljava/awt/Font; java/awt/Font
staticfield sun/java2d/SunGraphics2D IDENT_MATRIX [D 4
staticfield sun/java2d/SunGraphics2D IDENT_ATX Ljava/awt/geom/AffineTransform; java/awt/geom/AffineTransform
staticfield sun/java2d/SunGraphics2D MinPenSizeAA D 4593671619917905920
staticfield sun/java2d/SunGraphics2D MinPenSizeAASquared D 4580160821035794432
staticfield sun/java2d/SunGraphics2D $assertionsDisabled Z 1
ciInstanceKlass java/awt/AlphaComposite 1 1 144 7 1 10 12 1 1 10 7 12 1 1 100 1 8 1 10 12 1 9 12 1 1 9 12 1 1 8 1 9 12 1 1 9 12 1 9 12 1 9 12 1 9 12 1 9 12 1 9 12 1 9 12 1 9 12 1 9 12 1 9 12 1 9 12 1 10 12 1 1 100 1 10 12 1 10 12 1 10 100 12 1 1 1 10 12 1 100 1 1 1 3 1 3 1 3 1 3 1 3 1 3 1 3 1 3 1 3 1 3 1 3 1 3 1 1 1 1 1 1 1 1 1 1 1 1 1 1 1 1 1 1 1 1 1 1 1 1 1 1 1 1 1 1
staticfield java/awt/AlphaComposite Clear Ljava/awt/AlphaComposite; java/awt/AlphaComposite
staticfield java/awt/AlphaComposite Src Ljava/awt/AlphaComposite; java/awt/AlphaComposite
staticfield java/awt/AlphaComposite Dst Ljava/awt/AlphaComposite; java/awt/AlphaComposite
staticfield java/awt/AlphaComposite SrcOver Ljava/awt/AlphaComposite; java/awt/AlphaComposite
staticfield java/awt/AlphaComposite DstOver Ljava/awt/AlphaComposite; java/awt/AlphaComposite
staticfield java/awt/AlphaComposite SrcIn Ljava/awt/AlphaComposite; java/awt/AlphaComposite
staticfield java/awt/AlphaComposite DstIn Ljava/awt/AlphaComposite; java/awt/AlphaComposite
staticfield java/awt/AlphaComposite SrcOut Ljava/awt/AlphaComposite; java/awt/AlphaComposite
staticfield java/awt/AlphaComposite DstOut Ljava/awt/AlphaComposite; java/awt/AlphaComposite
staticfield java/awt/AlphaComposite SrcAtop Ljava/awt/AlphaComposite; java/awt/AlphaComposite
staticfield java/awt/AlphaComposite DstAtop Ljava/awt/AlphaComposite; java/awt/AlphaComposite
staticfield java/awt/AlphaComposite Xor Ljava/awt/AlphaComposite; java/awt/AlphaComposite
instanceKlass java/awt/geom/Path2D$Float
ciInstanceKlass java/awt/geom/Path2D 1 1 446 100 1 7 1 10 7 12 1 1 1 10 12 1 1 9 12 1 1 100 1 8 1 10 12 1 10 100 12 1 1 1 9 12 1 1 100 1 10 100 1 3 10 7 12 1 1 1 100 1 9 12 1 1 10 12 1 1 11 7 12 1 1 1 10 12 1 1 9 12 1 100 1 8 1 10 9 12 1 10 12 1 1 10 12 1 1 10 12 1 1 10 12 1 1 10 100 12 1 1 1 11 12 1 1 11 12 1 1 10 100 12 1 1 1 10 12 1 1 11 12 1 100 1 10 12 1 10 11 12 1 1 10 12 1 1 10 100 12 1 1 1 10 12 1 10 12 1 1 10 12 1 1 10 12 1 10 100 12 1 1 1 10 12 1 1 3 10 10 10 12 1 10 12 1 10 12 1 10 12 1 1 10 12 1 10 12 1 10 12 100 1 10 10 12 1 10 100 12 1 1 100 1 9 12 1 1 100 1 9 12 1 1 10 12 1 10 12 1 100 1 8 1 10 10 12 1 1 10 12 1 1 10 100 12 1 1 10 12 1 1 10 12 1 100 1 10 12 1 1 10 100 1 8 1 10 10 12 1 10 12 1 10 12 1 1 10 12 1 8 1 10 7 12 1 1 100 1 1 1 3 1 3 1 1 1 1 3 1 3 1 3 1 3 1 3 1 3 1 3 1 3 1 3 1 3 1 3 1 3 1 3 1 3 1 3 1 3 1 3 1 3 1 3 1 1 1 1 1 1 1 1 1 1 1 1 1 1 1 1 1 1 1 1 1 1 1 1 1 1 1 1 1 1 1 1 1 1 1 1 1 1 1 1 1 1 1 1 1 1 1 1 1 1 1 1 1 1 1 1 1 100 1 1 1 1 1 1 1 1 1 1 1 1 1 1 1 1 1 1 1 1 1 1 1 1 1 1 1 100 1 100 1 1 1 1 1 1 1 1 1 1 1 100 1 1 1 1 1 100 1 100 1 100 1 100 1 100 1 1 1 1 1 1 1 1
staticfield java/awt/geom/Path2D $assertionsDisabled Z 1
instanceKlass java/awt/geom/GeneralPath
ciInstanceKlass java/awt/geom/Path2D$Float 1 1 313 7 1 10 7 12 1 1 1 10 9 12 1 1 10 12 1 10 12 1 9 12 1 1 10 12 1 1 9 12 1 9 9 12 1 1 10 7 12 1 1 1 9 9 12 1 9 10 12 1 1 11 100 12 1 1 1 11 7 12 1 1 1 10 12 1 1 10 12 1 10 7 12 1 1 1 10 12 1 100 1 10 12 1 100 1 8 1 10 12 1 10 12 1 10 12 1 100 1 8 1 10 10 100 12 1 1 1 9 12 1 1 100 1 10 100 1 3 100 1 10 12 1 1 10 100 12 1 1 1 10 12 1 1 10 12 1 1 3 10 12 1 1 10 12 1 1 10 12 1 1 11 12 1 1 11 12 1 1 10 12 1 10 12 1 10 12 1 1 10 12 1 1 10 12 1 11 12 1 10 10 12 1 1 7 1 10 12 1 7 1 10 12 1 7 1 10 12 1 10 10 12 1 1 10 12 1 1 10 7 12 1 1 100 1 1 1 1 5 0 1 1 1 1 1 1 1 1 1 1 1 1 1 1 1 1 1 1 100 1 1 1 1 100 1 1 1 1 1 1 1 1 1 1 1 1 1 1 1 1 1 1 1 1 1 1 1 1 1 1 1 1 1 1 1 1 1 1 1 1 1 1 1 1 1 1 1 1 1 1 1 1 1 1 1 1 1 100 1 1 1 100 1 1 1 1 1 1 1 100 1 1 1
staticfield java/awt/geom/Path2D$Float $assertionsDisabled Z 1
instanceKlass java/awt/SystemColor
instanceKlass javax/swing/plaf/ColorUIResource
ciInstanceKlass java/awt/Color 1 1 374 8 1 18 12 1 1 18 18 18 100 1 18 10 12 1 1 10 7 12 1 1 10 7 12 1 1 9 12 1 1 9 12 1 9 12 1 1 9 12 1 1 9 12 1 1 10 12 1 3 4 6 0 10 12 1 10 12 1 10 100 12 1 1 1 18 12 1 18 18 10 12 1 1 10 12 1 10 12 1 10 12 1 10 12 1 10 12 1 6 0 10 100 12 1 1 1 10 12 1 10 12 1 1 10 100 12 1 1 1 18 12 1 10 100 12 1 1 1 10 12 1 10 12 1 1 10 12 1 4 10 12 1 1 4 4 10 12 1 1 10 12 1 10 12 1 10 12 1 10 12 1 1 10 12 1 10 12 1 100 1 10 100 1 9 12 1 1 9 12 1 9 12 1 9 12 1 9 12 1 9 12 1 9 12 1 9 12 1 9 12 1 9 12 1 9 12 1 9 12 1 9 12 1 9 12 1 9 12 1 9 12 1 9 12 1 9 12 1 9 12 1 9 12 1 9 12 1 9 12 1 9 12 1 9 12 1 9 12 1 9 12 1 100 1 100 1 1 1 1 5 0 1 1 1 1 1 1 1 1 1 1 1 1 1 1 100 1 1 1 1 1 1 1 1 1 1 1 1 1 1 1 100 1 1 1 1 1 1 1 1 1 1 1 1 1 1 100 1 1 1 1 1 1 1 1 1 1 1 1 1 1 1 1 1 1 1 1 1 1 1 1 1 1 1 1 1 1 1 1 1 1 1 1 1 1 1 1 1 1 1 1 1 1 8 1 8 1 8 1 8 1 8 1 8 1 8 1 8 1 8 1 15 10 100 12 1 1 1 100 1 100 1 1
staticfield java/awt/Color white Ljava/awt/Color; java/awt/Color
staticfield java/awt/Color WHITE Ljava/awt/Color; java/awt/Color
staticfield java/awt/Color lightGray Ljava/awt/Color; java/awt/Color
staticfield java/awt/Color LIGHT_GRAY Ljava/awt/Color; java/awt/Color
staticfield java/awt/Color gray Ljava/awt/Color; java/awt/Color
staticfield java/awt/Color GRAY Ljava/awt/Color; java/awt/Color
staticfield java/awt/Color darkGray Ljava/awt/Color; java/awt/Color
staticfield java/awt/Color DARK_GRAY Ljava/awt/Color; java/awt/Color
staticfield java/awt/Color black Ljava/awt/Color; java/awt/Color
staticfield java/awt/Color BLACK Ljava/awt/Color; java/awt/Color
staticfield java/awt/Color red Ljava/awt/Color; java/awt/Color
staticfield java/awt/Color RED Ljava/awt/Color; java/awt/Color
staticfield java/awt/Color pink Ljava/awt/Color; java/awt/Color
staticfield java/awt/Color PINK Ljava/awt/Color; java/awt/Color
staticfield java/awt/Color orange Ljava/awt/Color; java/awt/Color
staticfield java/awt/Color ORANGE Ljava/awt/Color; java/awt/Color
staticfield java/awt/Color yellow Ljava/awt/Color; java/awt/Color
staticfield java/awt/Color YELLOW Ljava/awt/Color; java/awt/Color
staticfield java/awt/Color green Ljava/awt/Color; java/awt/Color
staticfield java/awt/Color GREEN Ljava/awt/Color; java/awt/Color
staticfield java/awt/Color magenta Ljava/awt/Color; java/awt/Color
staticfield java/awt/Color MAGENTA Ljava/awt/Color; java/awt/Color
staticfield java/awt/Color cyan Ljava/awt/Color; java/awt/Color
staticfield java/awt/Color CYAN Ljava/awt/Color; java/awt/Color
staticfield java/awt/Color blue Ljava/awt/Color; java/awt/Color
staticfield java/awt/Color BLUE Ljava/awt/Color; java/awt/Color
ciInstanceKlass java/awt/RenderingHints 1 1 420 10 7 12 1 1 1 7 1 10 12 1 9 7 12 1 1 1 10 12 1 1 10 12 1 1 10 12 1 1 10 12 1 1 7 1 10 12 1 1 10 12 1 10 12 1 1 10 12 1 100 1 10 100 12 1 1 1 18 12 1 1 10 12 1 10 12 1 10 12 1 10 100 12 1 1 11 100 12 1 1 1 11 100 12 1 1 1 11 100 12 1 1 11 12 1 1 100 1 11 12 1 11 12 1 10 10 12 1 10 12 1 1 10 100 12 1 1 1 10 12 1 10 12 1 10 12 1 10 100 1 100 1 10 12 1 10 12 1 1 10 12 1 1 10 10 100 12 1 1 1 18 10 12 1 9 7 12 1 1 1 9 12 1 9 12 1 1 9 9 12 1 9 9 12 1 9 9 12 1 9 12 9 12 1 9 9 12 1 9 9 12 1 9 9 12 1 9 12 9 12 1 9 9 12 1 9 9 12 1 9 9 12 1 9 12 9 12 1 9 9 12 1 9 9 12 1 9 9 12 1 9 9 12 1 9 9 12 1 9 9 12 1 9 9 12 1 9 9 12 1 9 12 1 9 12 1 9 12 9 12 1 9 9 12 1 9 9 12 1 9 9 12 1 9 12 9 12 1 9 9 12 1 9 9 12 1 9 9 12 1 9 12 9 12 1 9 9 12 1 9 9 12 1 9 9 12 1 9 12 9 12 1 9 9 12 1 9 9 12 1 9 9 12 1 9 12 9 12 1 9 9 12 1 9 9 12 1 9 9 12 1 9 12 9 12 1 9 9 12 1 9 9 12 1 9 9 12 1 9 100 1 1 1 1 1 1 1 1 1 1 1 1 1 1 1 1 1 1 1 1 1 1 1 1 1 1 1 1 1 1 1 1 1 1 1 1 1 1 1 8 1 8 1 15 10 100 12 1 1 1 1 1 100 1 100 1 100 1 1
staticfield java/awt/RenderingHints KEY_ANTIALIASING Ljava/awt/RenderingHints$Key; sun/awt/SunHints$Key
staticfield java/awt/RenderingHints VALUE_ANTIALIAS_ON Ljava/lang/Object; sun/awt/SunHints$Value
staticfield java/awt/RenderingHints VALUE_ANTIALIAS_OFF Ljava/lang/Object; sun/awt/SunHints$Value
staticfield java/awt/RenderingHints VALUE_ANTIALIAS_DEFAULT Ljava/lang/Object; sun/awt/SunHints$Value
staticfield java/awt/RenderingHints KEY_RENDERING Ljava/awt/RenderingHints$Key; sun/awt/SunHints$Key
staticfield java/awt/RenderingHints VALUE_RENDER_SPEED Ljava/lang/Object; sun/awt/SunHints$Value
staticfield java/awt/RenderingHints VALUE_RENDER_QUALITY Ljava/lang/Object; sun/awt/SunHints$Value
staticfield java/awt/RenderingHints VALUE_RENDER_DEFAULT Ljava/lang/Object; sun/awt/SunHints$Value
staticfield java/awt/RenderingHints KEY_DITHERING Ljava/awt/RenderingHints$Key; sun/awt/SunHints$Key
staticfield java/awt/RenderingHints VALUE_DITHER_DISABLE Ljava/lang/Object; sun/awt/SunHints$Value
staticfield java/awt/RenderingHints VALUE_DITHER_ENABLE Ljava/lang/Object; sun/awt/SunHints$Value
staticfield java/awt/RenderingHints VALUE_DITHER_DEFAULT Ljava/lang/Object; sun/awt/SunHints$Value
staticfield java/awt/RenderingHints KEY_TEXT_ANTIALIASING Ljava/awt/RenderingHints$Key; sun/awt/SunHints$Key
staticfield java/awt/RenderingHints VALUE_TEXT_ANTIALIAS_ON Ljava/lang/Object; sun/awt/SunHints$Value
staticfield java/awt/RenderingHints VALUE_TEXT_ANTIALIAS_OFF Ljava/lang/Object; sun/awt/SunHints$Value
staticfield java/awt/RenderingHints VALUE_TEXT_ANTIALIAS_DEFAULT Ljava/lang/Object; sun/awt/SunHints$Value
staticfield java/awt/RenderingHints VALUE_TEXT_ANTIALIAS_GASP Ljava/lang/Object; sun/awt/SunHints$Value
staticfield java/awt/RenderingHints VALUE_TEXT_ANTIALIAS_LCD_HRGB Ljava/lang/Object; sun/awt/SunHints$Value
staticfield java/awt/RenderingHints VALUE_TEXT_ANTIALIAS_LCD_HBGR Ljava/lang/Object; sun/awt/SunHints$Value
staticfield java/awt/RenderingHints VALUE_TEXT_ANTIALIAS_LCD_VRGB Ljava/lang/Object; sun/awt/SunHints$Value
staticfield java/awt/RenderingHints VALUE_TEXT_ANTIALIAS_LCD_VBGR Ljava/lang/Object; sun/awt/SunHints$Value
staticfield java/awt/RenderingHints KEY_TEXT_LCD_CONTRAST Ljava/awt/RenderingHints$Key; sun/awt/SunHints$LCDContrastKey
staticfield java/awt/RenderingHints KEY_FRACTIONALMETRICS Ljava/awt/RenderingHints$Key; sun/awt/SunHints$Key
staticfield java/awt/RenderingHints VALUE_FRACTIONALMETRICS_OFF Ljava/lang/Object; sun/awt/SunHints$Value
staticfield java/awt/RenderingHints VALUE_FRACTIONALMETRICS_ON Ljava/lang/Object; sun/awt/SunHints$Value
staticfield java/awt/RenderingHints VALUE_FRACTIONALMETRICS_DEFAULT Ljava/lang/Object; sun/awt/SunHints$Value
staticfield java/awt/RenderingHints KEY_INTERPOLATION Ljava/awt/RenderingHints$Key; sun/awt/SunHints$Key
staticfield java/awt/RenderingHints VALUE_INTERPOLATION_NEAREST_NEIGHBOR Ljava/lang/Object; sun/awt/SunHints$Value
staticfield java/awt/RenderingHints VALUE_INTERPOLATION_BILINEAR Ljava/lang/Object; sun/awt/SunHints$Value
staticfield java/awt/RenderingHints VALUE_INTERPOLATION_BICUBIC Ljava/lang/Object; sun/awt/SunHints$Value
staticfield java/awt/RenderingHints KEY_ALPHA_INTERPOLATION Ljava/awt/RenderingHints$Key; sun/awt/SunHints$Key
staticfield java/awt/RenderingHints VALUE_ALPHA_INTERPOLATION_SPEED Ljava/lang/Object; sun/awt/SunHints$Value
staticfield java/awt/RenderingHints VALUE_ALPHA_INTERPOLATION_QUALITY Ljava/lang/Object; sun/awt/SunHints$Value
staticfield java/awt/RenderingHints VALUE_ALPHA_INTERPOLATION_DEFAULT Ljava/lang/Object; sun/awt/SunHints$Value
staticfield java/awt/RenderingHints KEY_COLOR_RENDERING Ljava/awt/RenderingHints$Key; sun/awt/SunHints$Key
staticfield java/awt/RenderingHints VALUE_COLOR_RENDER_SPEED Ljava/lang/Object; sun/awt/SunHints$Value
staticfield java/awt/RenderingHints VALUE_COLOR_RENDER_QUALITY Ljava/lang/Object; sun/awt/SunHints$Value
staticfield java/awt/RenderingHints VALUE_COLOR_RENDER_DEFAULT Ljava/lang/Object; sun/awt/SunHints$Value
staticfield java/awt/RenderingHints KEY_STROKE_CONTROL Ljava/awt/RenderingHints$Key; sun/awt/SunHints$Key
staticfield java/awt/RenderingHints VALUE_STROKE_DEFAULT Ljava/lang/Object; sun/awt/SunHints$Value
staticfield java/awt/RenderingHints VALUE_STROKE_NORMALIZE Ljava/lang/Object; sun/awt/SunHints$Value
staticfield java/awt/RenderingHints VALUE_STROKE_PURE Ljava/lang/Object; sun/awt/SunHints$Value
staticfield java/awt/RenderingHints KEY_RESOLUTION_VARIANT Ljava/awt/RenderingHints$Key; sun/awt/SunHints$Key
staticfield java/awt/RenderingHints VALUE_RESOLUTION_VARIANT_DEFAULT Ljava/lang/Object; sun/awt/SunHints$Value
staticfield java/awt/RenderingHints VALUE_RESOLUTION_VARIANT_BASE Ljava/lang/Object; sun/awt/SunHints$Value
staticfield java/awt/RenderingHints VALUE_RESOLUTION_VARIANT_SIZE_FIT Ljava/lang/Object; sun/awt/SunHints$Value
staticfield java/awt/RenderingHints VALUE_RESOLUTION_VARIANT_DPI_FIT Ljava/lang/Object; sun/awt/SunHints$Value
instanceKlass sun/awt/SunHints$Key
ciInstanceKlass java/awt/RenderingHints$Key 1 1 131 10 7 12 1 1 1 10 7 12 1 1 1 10 7 12 1 1 1 10 7 12 1 1 1 9 7 12 1 1 1 18 12 1 1 10 12 1 9 12 1 1 10 7 12 1 1 1 7 1 10 12 1 100 1 10 100 12 1 1 1 18 12 1 10 12 1 1 10 12 1 10 12 1 1 10 12 1 10 12 1 1 10 12 1 1 10 12 1 1 1 1 1 1 1 1 1 1 1 1 1 1 1 1 1 1 1 1 1 1 1 100 1 1 8 1 8 1 15 10 7 12 1 1 1 1 100 1 100 1 1
instanceKlass sun/awt/SunHints$LCDContrastKey
ciInstanceKlass sun/awt/SunHints$Key 1 1 49 10 7 12 1 1 1 9 7 12 1 1 1 10 12 1 1 7 1 10 12 1 1 1 1 1 1 1 1 1 1 1 1 1 1 1 1 1 1 1 1 1 100 1 1 100 1 1 1
ciInstanceKlass sun/awt/SunHints$Value 1 1 100 100 1 10 7 12 1 1 1 10 7 1 9 12 1 1 100 1 18 12 1 1 10 12 1 1 10 7 12 1 1 9 12 1 1 9 12 1 1 9 12 1 1 10 12 1 1 10 7 12 1 1 1 7 1 1 1 1 1 1 1 1 1 1 1 1 1 1 1 1 1 1 1 1 1 1 1 1 1 1 1 1 1 1 8 1 15 10 100 12 1 1 1 1 1 100 1 100 1 1
ciInstanceKlass java/awt/font/FontRenderContext 1 1 157 10 7 12 1 1 1 9 7 12 1 1 1 9 7 12 1 1 9 12 1 9 12 1 9 12 1 1 10 7 12 1 1 1 10 12 1 9 12 1 1 9 12 1 9 12 1 9 12 1 9 12 1 9 12 1 1 10 7 12 1 1 1 100 1 10 100 12 1 1 1 18 12 1 1 10 12 1 100 1 9 12 1 18 10 12 1 1 10 12 1 1 10 10 12 1 10 12 1 10 12 1 1 100 1 10 12 10 12 1 1 10 12 1 10 12 1 10 1 1 1 1 1 1 1 1 1 1 1 1 1 1 1 1 1 1 1 1 1 1 8 1 8 1 15 10 100 12 1 1 1 1 100 1 100 1 1
instanceKlass sun/font/CompositeFont
instanceKlass sun/font/PhysicalFont
ciInstanceKlass sun/font/Font2D 1 1 433 10 7 12 1 1 1 7 1 9 7 12 1 1 1 9 12 1 7 1 10 9 12 1 1 7 1 10 12 1 9 12 1 1 9 12 1 9 12 1 1 9 12 1 1 10 7 12 1 1 1 9 12 1 1 10 12 1 1 9 12 1 9 12 1 10 12 1 1 10 7 12 1 1 1 10 12 1 10 7 12 1 1 1 7 1 9 12 1 1 10 12 1 1 10 12 1 1 10 7 12 1 1 10 12 1 1 10 12 1 1 10 12 1 1 10 12 1 1 10 12 1 1 10 12 1 10 12 1 10 12 1 10 12 1 10 12 1 10 12 1 1 7 1 10 12 1 10 12 1 10 12 1 10 7 1 10 12 1 1 10 12 1 10 12 1 1 10 12 1 7 1 10 9 12 1 1 10 12 1 1 10 12 1 10 12 1 1 10 7 12 1 1 10 12 1 10 12 1 1 9 12 1 1 10 12 1 10 12 1 10 12 1 1 10 12 1 1 10 12 1 10 12 1 10 12 1 10 12 1 1 10 7 12 1 1 10 12 1 10 12 1 10 12 1 10 12 1 1 4 4 4 5 0 9 12 1 10 12 1 1 10 12 1 1 10 12 1 10 12 1 10 12 1 1 10 12 1 9 12 1 1 9 12 1 8 1 8 1 8 1 8 1 8 1 8 1 8 1 8 1 8 1 8 1 8 1 8 1 8 1 8 1 8 1 8 1 8 1 8 1 8 1 10 12 1 1 1 3 1 1 3 1 3 1 3 1 3 1 1 1 1 1 1 1 1 1 1 1 1 3 1 3 1 1 1 1 1 1 1 1 1 1 1 1 1 1 1 1 1 1 1 1 1 1 1 1 1 1 1 1 1 1 1 1 1 1 1 1 1 1 1 1 1 1 1 1 1 1 1 1 1 1 1 1 1 1 1 1 1 1 1 1 1 1 1 1 1 1 1 1 1 1 1 1 1 1 1 1 1 1 1 1
staticfield sun/font/Font2D boldNames [Ljava/lang/String; 6 [Ljava/lang/String;
staticfield sun/font/Font2D italicNames [Ljava/lang/String; 4 [Ljava/lang/String;
staticfield sun/font/Font2D boldItalicNames [Ljava/lang/String; 9 [Ljava/lang/String;
staticfield sun/font/Font2D DEFAULT_FRC Ljava/awt/font/FontRenderContext; java/awt/font/FontRenderContext
instanceKlass sun/font/NativeFont
instanceKlass sun/font/FileFont
ciInstanceKlass sun/font/PhysicalFont 1 1 92 10 7 12 1 1 1 7 1 9 12 1 1 10 7 12 1 1 1 9 12 1 10 12 1 1 10 7 12 1 1 1 7 1 10 12 1 9 12 1 1 9 12 1 1 100 1 10 1 1 1 1 1 1 1 1 1 1 1 100 1 1 1 1 1 1 1 1 1 1 1 1 1 1 1 1 1 1 1 1 1 1 1 1 1 100 1 1 100 1 100 1
ciInstanceKlass sun/font/TrueTypeFont 1 1 1268 10 7 12 1 1 1 10 7 12 1 1 7 1 10 12 1 9 12 1 1 9 12 1 1 9 12 1 9 12 1 9 12 1 9 12 1 1 100 1 9 12 1 10 12 1 1 10 12 1 1 10 12 1 100 1 100 1 8 1 10 12 1 10 7 12 1 1 1 10 12 1 1 9 12 1 1 10 7 12 1 1 1 9 12 1 1 18 12 1 1 10 12 1 7 1 8 1 10 12 1 10 12 1 1 10 7 12 1 1 1 9 12 1 10 7 12 1 1 1 7 1 10 12 1 1 100 1 10 100 12 1 1 10 12 100 1 10 12 1 1 10 12 1 18 12 1 10 12 1 10 7 12 1 1 1 10 12 1 1 10 12 1 1 10 7 12 1 1 1 18 18 12 1 10 12 1 18 12 1 10 10 12 1 1 18 10 100 12 1 1 1 10 12 1 10 12 1 1 10 12 1 1 10 12 1 10 12 1 10 12 1 1 10 12 1 1 10 12 1 1 10 12 1 8 1 10 7 12 1 1 1 9 12 1 10 12 1 18 10 12 1 1 9 12 1 9 12 1 10 12 1 1 7 1 9 12 1 1 10 10 7 12 1 9 12 1 3 9 12 1 9 12 1 18 12 1 3 10 12 1 1 8 1 3 8 1 3 3 8 1 10 12 1 10 12 1 1 8 1 10 12 1 100 1 10 9 12 1 9 12 1 8 1 3 10 12 1 1 10 12 1 9 12 1 9 12 1 8 1 10 100 12 1 1 9 12 1 1 9 12 1 1 100 1 8 1 10 10 7 12 1 1 1 10 7 12 1 1 8 1 10 12 1 1 10 12 1 18 12 1 8 1 10 12 1 10 12 1 8 1 8 1 8 1 8 1 10 12 1 10 12 1 9 12 1 3 9 12 1 3 9 12 1 10 12 1 3 10 12 1 10 12 1 10 12 1 3 10 12 100 1 9 12 1 4 9 12 1 1 4 9 12 1 10 12 1 1 10 7 12 1 1 10 12 1 1 9 12 1 4 9 12 1 10 12 1 1 3 10 12 1 8 1 8 1 8 1 8 1 8 1 8 1 8 1 10 12 1 100 1 18 12 1 10 12 1 10 12 1 3 10 12 9 12 1 1 10 12 1 1 10 12 1 1 9 12 1 1 10 12 10 12 1 9 12 1 10 12 1 1 10 12 10 12 1 10 12 1 1 9 12 1 9 12 1 1 10 7 12 1 1 1 10 12 1 1 10 10 7 12 1 1 11 7 12 1 1 1 9 12 1 1 7 1 10 12 8 1 10 12 1 1 8 1 8 1 8 1 8 1 8 1 8 1 8 1 8 1 8 1 8 1 8 1 8 1 8 1 8 1 8 1 8 1 8 1 8 1 8 1 8 1 8 1 8 1 8 1 8 1 8 1 8 1 8 1 8 1 8 1 8 1 8 1 8 1 8 1 8 1 8 1 8 1 8 1 8 1 8 1 8 1 8 1 8 1 8 1 8 1 8 1 8 1 8 1 8 1 8 1 8 1 8 1 8 1 8 1 8 1 8 1 8 1 8 1 8 1 8 1 8 1 8 1 8 1 8 1 8 1 8 1 8 1 8 1 8 1 8 1 8 1 8 1 8 1 8 1 8 1 8 1 8 1 8 1 8 1 8 1 8 1 8 1 8 1 8 1 8 1 8 1 8 1 8 1 8 1 8 1 8 1 8 1 8 1 8 1 8 1 8 1 8 1 8 1 8 1 8 1 8 1 8 1 8 1 8 1 8 1 8 1 8 1 8 1 8 1 8 1 8 1 8 1 8 1 8 1 8 1 8 1 8 1 8 1 8 1 8 1 8 1 8 1 8 1 8 1 8 1 8 1 8 1 8 1 8 1 8 1 8 1 8 1 8 1 8 1 8 1 8 1 8 1 8 1 8 1 8 1 8 1 8 1 8 1 8 1 8 1 8 1 8 1 8 1 9 12 1 10 12 1 10 11 12 1 10 12 1 10 12 1 10 12 1 9 12 1 1 7 1 10 12 1 10 100 12 1 1 10 10 12 1 1 10 12 1 1 7 10 12 1 10 12 1 1 100 1 9 12 1 1 3 10 12 1 1 10 100 12 1 1 10 12 1 10 12 1 1 10 12 1 1 10 12 1 18 12 1 9 12 1 10 12 1 7 9 12 1 10 8 1 8 1 8 1 8 1 8 1 8 1 8 1 8 1 8 1 8 1 8 1 8 1 8 1 8 1 8 1 8 1 8 1 8 1 8 1 1 1 3 1 3 1 1 1 1 3 1 1 1 1 1 3 1 3 1 3 1 3 1 3 1 3 1 3 1 3 1 1 1 3 1 3 1 3 1 3 1 3 1 3 1 1 3 1 1 3 1 1 3 1 3 1 1 1 1 3 1 1 3 1 3 1 1 1 3 1 3 1 1 1 1 1 1 1 1 1 1 1 1 1 1 1 1 1 100 1 1 1 1 1 1 1 1 1 1 1 1 1 1 1 1 1 1 1 1 1 1 1 1 1 1 1 1 1 1 1 1 1 1 1 1 1 1 1 1 1 1 1 1 1 1 1 1 1 1 1 1 1 1 1 1 1 1 1 1 1 1 1 1 1 1 1 1 1 1 1 1 1 1 1 1 100 1 1 1 1 1 1 1 1 1 1 1 1 1 1 1 1 1 1 1 1 1 1 1 1 1 1 1 1 1 1 1 1 1 1 1 1 1 1 1 1 1 1 1 1 1 1 1 1 1 1 1 1 100 1 1 1 1 1 1 1 1 1 8 1 8 1 8 1 8 1 8 1 8 1 8 1 8 1 8 1 8 1 8 1 15 10 100 12 1 1 1 1 1 100 1 100 1 1 100 1 100 1 1
staticfield sun/font/TrueTypeFont encoding_mapping [Ljava/lang/String; 32 [Ljava/lang/String;
staticfield sun/font/TrueTypeFont languages [[Ljava/lang/String; 14 [[Ljava/lang/String;
staticfield sun/font/TrueTypeFont codePages [Ljava/lang/String; 14 [Ljava/lang/String;
staticfield sun/font/TrueTypeFont EMPTY_COMPATIBLE_LCIDS [S 0
ciInstanceKlass java/awt/geom/Point2D$Float 1 1 60 10 7 12 1 1 1 9 7 12 1 1 1 9 12 1 18 12 1 1 100 1 1 1 1 5 0 1 1 1 1 1 1 1 1 1 1 1 1 1 1 1 1 1 1 8 1 15 10 100 12 1 1 1 1 100 1 100 1 1
ciInstanceKlass java/awt/geom/GeneralPath 1 1 57 100 1 10 7 12 1 1 1 10 12 1 10 12 1 9 7 12 1 1 1 9 12 1 1 9 12 1 9 12 1 1 9 12 1 1 1 1 5 0 1 1 1 1 1 1 1 1 1 1 1 1 1 1 1 1 1
instanceKlass sun/font/CompositeGlyphMapper
instanceKlass sun/font/TrueTypeGlyphMapper
ciInstanceKlass sun/font/CharToGlyphMapper 1 1 84 10 7 12 1 1 1 7 1 9 12 1 1 10 12 1 1 10 12 1 10 12 1 1 10 12 1 10 12 1 3 3 3 3 1 1 3 1 3 1 3 1 3 1 1 1 1 1 3 1 3 1 3 1 1 1 1 1 1 1 1 1 1 1 1 1 1 1 1 1 1 1 1 1 1 1 1 1 1 1 1 1 1 1
instanceKlass sun/font/CompositeStrike
instanceKlass sun/font/PhysicalStrike
ciInstanceKlass sun/font/FontStrike 1 1 66 10 7 12 1 1 1 9 7 12 1 1 1 9 12 1 1 9 12 1 1 1 1 1 1 1 1 1 1 1 1 1 1 1 1 1 1 1 1 1 1 1 1 1 1 1 1 1 1 1 1 1 1 1 1 1 1 100 1 100 1 1 100 1 100 1
ciInstanceKlass sun/font/GlyphList 1 1 333 9 7 12 1 1 1 9 12 1 1 9 12 1 1 9 12 1 9 12 1 1 9 12 1 1 9 12 1 1 10 7 12 1 1 1 9 12 1 9 12 1 1 10 7 12 1 1 1 9 12 1 1 10 9 12 1 1 9 12 1 9 7 12 1 1 1 9 12 1 1 9 12 1 9 9 12 1 9 10 7 12 1 1 1 10 12 1 1 10 12 1 1 10 12 1 1 10 7 12 1 1 1 9 12 1 1 10 7 12 1 1 1 10 7 12 1 1 1 10 7 12 1 1 1 9 12 1 10 100 12 1 1 1 9 12 1 1 10 12 1 1 10 12 1 10 12 1 1 100 1 8 1 10 12 1 9 12 1 4 9 12 1 9 12 1 10 12 1 1 10 7 12 1 1 1 10 12 1 10 7 12 1 1 1 10 12 1 10 12 1 10 12 1 1 10 12 1 10 12 1 9 12 1 1 10 12 1 1 10 12 1 1 10 12 1 1 10 12 1 1 100 1 4 4 9 100 12 1 1 9 12 1 1 100 1 10 10 12 1 1 10 1 1 3 1 3 1 3 1 1 1 1 1 1 1 1 1 1 1 1 1 1 1 1 1 1 1 1 1 1 1 1 100 1 100 100 1 1 1 1 1 1 1 1 1 1 1 1 1 1 1 1 1 1 1 1 1 1 1 1 1 1 1 1 1 1 1 1 1 1 1 1 1 1 1 1 1 1 1 1 100 1 1 1 1 1 1 1 1 1 1 1
staticfield sun/font/GlyphList reusableGL Lsun/font/GlyphList; sun/font/GlyphList
staticfield sun/font/GlyphList inUse Ljava/util/concurrent/atomic/AtomicBoolean; java/util/concurrent/atomic/AtomicBoolean
ciInstanceKlass sun/font/FontManagerFactory 1 1 33 10 100 12 1 1 1 9 7 12 1 1 1 10 7 12 1 1 1 1 1 1 1 1 1 1 1 100 1 100 1 1 1
ciInstanceKlass sun/font/PlatformFontInfo 1 1 21 10 100 12 1 1 1 7 1 10 100 1 1 1 1 1 1 1 1 1 1
ciInstanceKlass sun/awt/Win32FontManager 1 1 417 9 7 12 1 1 1 10 7 12 1 1 1 9 12 1 1 10 12 1 1 9 12 1 1 10 7 12 1 1 1 10 12 1 10 12 1 1 11 7 12 1 1 1 10 12 1 9 12 1 9 12 1 1 10 12 1 1 9 7 12 1 1 18 12 1 1 7 1 10 12 1 10 12 1 1 10 12 1 1 10 7 12 1 1 10 10 12 1 10 12 1 10 12 1 1 10 12 1 1 100 1 9 100 12 1 1 1 10 100 12 1 1 1 10 12 1 7 1 10 12 1 10 7 12 1 1 10 12 1 10 12 1 1 8 1 8 1 10 12 1 1 9 12 1 18 12 1 10 12 10 12 1 9 12 1 100 1 10 100 12 1 1 1 10 12 1 1 10 10 12 1 1 10 12 1 10 12 1 100 1 10 100 1 10 8 1 9 12 1 9 12 1 8 1 9 12 1 8 1 9 12 1 8 1 9 12 1 8 1 9 12 1 8 1 9 12 1 8 1 9 12 1 8 1 9 12 1 8 1 10 12 1 1 8 1 8 1 8 1 8 1 8 1 8 1 8 1 8 1 8 1 8 1 8 1 8 1 8 1 8 1 8 1 8 1 8 1 8 1 8 1 8 1 8 1 8 1 8 1 8 1 8 1 8 1 8 1 8 1 10 12 1 100 1 10 12 1 100 1 18 12 1 1 11 7 12 1 1 1 1 1 1 1 1 1 1 1 1 1 1 1 1 1 1 1 1 1 1 1 1 1 1 1 1 1 1 100 1 1 1 1 1 1 1 1 1 1 1 1 1 1 1 1 1 1 1 1 1 1 1 1 1 1 1 1 1 1 1 1 100 1 100 1 1 1 1 1 1 1 1 1 1 1 1 1 1 1 8 1 8 1 16 15 10 12 16 15 10 7 12 1 1 15 10 7 12 1 1 1 1 1 100 1 100 1 1
staticfield sun/awt/Win32FontManager eudcFont Lsun/font/TrueTypeFont; 
ciInstanceKlass sun/font/CompositeFont 1 1 323 10 7 12 1 1 1 9 7 12 1 1 1 9 12 1 9 12 1 1 7 1 10 12 1 9 12 1 1 9 12 1 1 9 12 1 1 9 12 1 9 12 1 9 12 1 9 12 1 1 9 12 1 10 7 12 1 1 1 7 1 10 100 12 1 1 1 10 100 12 1 1 1 7 1 9 12 1 1 9 12 1 1 9 12 1 10 12 1 1 10 12 1 1 9 12 1 10 12 1 1 10 12 1 8 1 10 12 1 1 100 1 9 12 1 8 1 8 1 8 1 9 9 9 10 100 12 1 1 1 10 12 1 10 12 1 1 10 12 1 1 10 10 12 1 1 100 1 10 12 1 1 100 1 10 12 1 1 10 12 1 1 10 10 12 1 1 100 1 7 1 10 12 1 10 12 1 1 10 100 12 1 1 3 10 12 1 10 9 12 1 1 7 1 10 12 1 10 12 1 1 10 12 1 10 12 1 1 10 12 10 12 1 10 12 1 1 10 12 1 1 8 1 10 12 1 1 18 12 1 1 18 12 1 1 1 1 1 1 1 1 1 1 1 1 1 1 1 1 1 1 1 1 1 1 100 100 100 1 1 1 1 1 1 100 1 100 1 1 1 1 1 1 1 1 1 1 1 1 1 1 1 1 1 1 1 1 1 1 1 1 1 1 1 1 1 1 1 1 1 1 1 1 1 1 1 1 8 1 8 1 15 10 100 12 1 1 1 100 1 100 1 1
ciInstanceKlass java/awt/EventDispatchThread 1 1 296 10 7 12 1 1 1 9 7 12 1 1 1 7 1 10 9 12 1 1 100 1 8 1 10 12 1 10 12 1 10 12 1 1 7 1 10 12 1 10 12 1 1 10 12 1 1 10 7 12 1 1 10 12 1 10 12 1 1 7 1 10 12 1 10 12 1 1 10 12 1 1 10 12 1 1 11 7 12 1 1 10 12 1 1 10 12 1 9 12 1 1 9 7 12 1 1 1 10 7 12 1 1 1 10 100 12 1 1 1 18 12 1 1 10 12 1 10 12 1 1 7 1 10 12 1 1 10 12 1 1 7 1 10 12 1 1 10 12 1 1 10 12 18 10 12 1 11 12 1 1 9 7 12 1 1 1 9 12 1 10 7 12 1 1 1 10 12 1 1 10 12 1 10 12 1 10 100 12 1 1 18 10 12 1 1 100 1 100 1 10 12 1 1 9 12 1 18 10 12 1 10 12 1 1 11 100 12 1 1 1 9 12 1 1 8 1 10 12 1 1 1 1 1 3 1 1 1 1 1 1 1 1 1 1 1 1 1 1 1 1 1 1 1 1 1 1 1 1 1 1 1 1 1 1 100 1 1 1 1 1 1 1 1 1 1 1 1 1 1 1 1 8 1 8 1 8 1 8 1 15 10 100 12 1 1 1 1 1 1 1 100 1 100 1 1
staticfield java/awt/EventDispatchThread eventLog Lsun/util/logging/PlatformLogger; sun/util/logging/PlatformLogger
ciInstanceKlass sun/awt/image/BufImgSurfaceData 1 1 463 10 7 12 1 1 1 100 1 8 1 10 12 1 1 10 7 12 1 1 1 10 12 1 1 9 7 12 1 1 1 10 12 1 1 9 12 1 9 12 1 9 12 1 9 12 1 10 12 1 1 9 12 1 9 12 1 9 12 1 10 12 1 1 9 12 1 10 100 12 1 1 7 1 10 12 1 1 9 12 1 9 12 1 9 12 1 9 12 1 100 1 8 1 10 9 12 1 9 12 1 10 12 1 1 10 100 12 1 1 1 10 100 12 1 1 1 9 12 1 9 12 1 9 12 1 8 1 10 12 1 10 100 12 1 1 7 1 10 12 1 10 12 1 9 12 1 100 1 10 12 1 10 12 1 10 12 1 10 12 1 3 3 3 9 12 1 3 9 12 1 9 12 1 100 1 10 9 12 1 3 9 12 1 3 9 12 1 10 12 1 9 12 1 9 12 1 10 12 1 1 9 12 1 10 12 1 10 12 1 1 8 1 10 10 12 1 1 10 12 1 10 12 1 10 12 1 10 12 1 10 12 1 1 10 10 12 1 10 10 10 10 100 1 10 10 12 1 10 10 10 10 10 100 1 10 10 10 12 1 10 10 10 9 7 12 1 1 1 9 12 1 9 12 1 1 10 7 12 1 1 1 9 12 1 1 10 7 12 1 1 1 10 12 1 9 12 1 1 9 12 1 10 12 1 10 12 1 1 10 12 1 1 9 12 1 1 9 12 1 1 9 12 1 9 7 12 1 1 1 10 12 1 1 10 7 12 1 1 1 10 12 1 1 9 12 1 1 10 7 12 1 1 1 7 1 10 10 10 12 1 7 1 10 12 1 1 7 1 1 1 1 1 1 1 3 1 3 1 3 1 3 1 3 1 1 1 1 1 3 1 3 1 1 1 1 1 1 1 1 1 1 1 1 1 1 1 1 1 1 1 1 1 1 1 1 1 1 1 1 1 1 1 1 1 1 1 1 1 1 1 1 1 1 1 1 1 1 1 1 1 1 1 1 1 1 1 1 1 1 1 1 1 1 1 1 1 1 1 1 1 1 1
ciInstanceKlass java/awt/GradientPaint 1 1 126 10 7 12 1 1 1 100 1 8 1 10 12 1 7 1 10 12 1 9 7 12 1 1 1 9 12 1 9 12 1 1 9 12 1 8 1 10 100 12 1 1 1 10 12 1 10 12 1 9 12 1 1 10 12 1 9 12 1 1 9 12 1 7 1 10 12 1 10 7 12 1 1 1 100 1 100 1 1 1 1 1 1 1 1 1 1 1 1 1 1 1 1 1 1 1 1 1 1 1 1 1 1 1 1 1 1 1 1 1 1 1 1 1 1 1 1 1 1 1 1 1 1 1 1 1
instanceKlass sun/java2d/marlin/RendererContext
instanceKlass sun/java2d/pipe/AAShapePipe$TileState
ciInstanceKlass sun/java2d/ReentrantContext 1 1 28 10 7 12 1 1 1 100 1 9 7 12 1 1 1 9 12 1 1 1 1 1 1 1 1 1 1 1
ciInstanceKlass sun/java2d/pipe/AAShapePipe$TileState 1 1 83 10 7 12 1 1 1 9 7 12 1 1 1 9 12 1 1 7 1 10 9 12 1 1 7 1 10 9 12 1 1 9 12 1 1 9 12 1 9 12 1 9 12 1 9 12 1 9 12 9 12 9 12 1 1 1 1 1 1 1 1 1 1 100 1 1 1 1 1 1 1 1 1 1 1 1 100 1 1 1 100 1 1
ciInstanceKlass sun/java2d/ReentrantContextProvider$HardReference 1 1 35 10 7 12 1 1 1 9 7 12 1 1 1 1 1 1 1 1 1 1 1 1 1 1 1 1 1 1 1 1 1 100 1 1 1
ciInstanceKlass sun/java2d/marlin/RendererContext 1 1 377 7 1 9 12 1 1 10 7 12 1 1 1 18 12 1 1 10 12 1 1 10 7 12 1 1 9 12 1 1 9 12 1 1 7 1 10 9 12 1 1 9 12 1 1 7 1 10 9 12 1 1 7 1 10 9 12 1 1 9 12 1 1 9 12 1 9 12 1 9 12 1 9 12 1 9 12 1 1 9 12 1 7 1 10 12 1 9 12 1 1 7 1 10 9 12 1 1 7 1 10 9 12 1 1 7 1 10 9 12 1 1 7 1 10 9 12 1 1 9 12 1 18 12 1 10 100 12 1 1 7 1 10 9 12 1 1 9 12 1 100 1 10 100 12 1 1 1 9 12 1 1 100 1 9 12 1 9 9 9 9 12 1 1 7 1 10 12 1 9 12 1 1 7 1 10 9 12 1 7 1 10 12 1 9 12 1 1 7 1 10 9 12 1 1 7 1 10 9 12 1 1 7 1 10 9 12 1 1 7 1 10 9 12 1 1 7 1 10 12 1 9 12 1 1 7 1 10 9 12 1 1 7 1 10 9 12 1 1 9 7 12 1 1 7 1 10 9 12 1 1 9 12 1 1 9 12 1 10 100 12 1 1 10 10 10 100 12 1 1 1 100 1 9 12 1 10 12 1 10 12 1 10 12 1 9 12 1 7 1 10 12 1 10 12 1 1 10 12 1 10 12 1 10 12 1 10 1 1 1 1 1 1 1 1 1 1 1 1 100 1 1 1 1 1 1 1 1 1 1 1 1 1 1 1 1 1 1 8 1 8 1 15 10 7 12 1 1 1 1 100 1 1 100 1 1 1 1 1 1 100 1 1 100 1 1 100 1 100 1 100 1 100 1 100 1 1
staticfield sun/java2d/marlin/RendererContext CTX_COUNT Ljava/util/concurrent/atomic/AtomicInteger; java/util/concurrent/atomic/AtomicInteger
ciInstanceKlass sun/java2d/marlin/DPathConsumer2D 1 0 19 100 1 100 1 1 1 1 1 1 1 1 1 1 1 1 1 1 1
ciInstanceKlass java/awt/geom/PathIterator 1 0 30 100 1 100 1 1 1 1 3 1 3 1 1 1 3 1 3 1 3 1 1 1 1 1 1 1 1 1 1 1
ciInstanceKlass sun/java2d/marlin/TransformingPathConsumer2D 1 1 263 10 7 12 1 1 1 7 1 10 9 7 12 1 1 1 7 1 10 9 12 1 1 7 1 10 9 12 1 1 9 12 1 9 12 1 7 1 8 1 10 12 1 9 12 1 1 8 1 9 12 1 8 1 9 12 1 8 1 9 12 1 8 1 9 12 1 9 12 1 1 7 1 10 12 1 9 12 1 1 7 1 10 9 12 1 1 10 12 1 1 10 12 1 10 12 1 10 12 1 10 100 12 1 1 1 10 12 1 10 12 1 10 12 1 9 100 12 1 1 1 9 12 1 1 10 12 1 1 9 12 1 1 10 12 1 10 12 1 1 10 12 1 9 100 12 1 1 10 100 12 1 1 1 18 12 1 1 10 100 12 1 1 6 0 10 100 12 1 1 1 18 10 12 1 1 1 6 0 1 1 1 1 1 1 1 1 1 1 1 1 1 1 1 1 1 1 1 1 1 1 1 1 1 1 1 100 1 1 1 1 1 1 1 1 1 1 1 1 1 1 1 100 1 1 1 1 100 1 100 1 100 1 1 8 1 8 1 15 10 100 12 1 1 1 1 1 1 1 1 100 1 100 1 1 1 1 1 100 1 100 1 1
ciInstanceKlass sun/java2d/marlin/Renderer 1 1 903 7 1 100 1 9 7 12 1 1 1 10 7 12 1 1 1 9 12 1 9 12 1 9 12 1 6 0 9 12 1 1 9 12 1 1 9 7 12 1 1 1 9 100 12 1 1 1 10 100 12 1 1 1 9 12 1 9 12 1 9 12 1 9 12 1 10 12 1 1 9 12 1 6 0 6 0 6 0 6 0 9 12 1 9 12 1 9 12 1 9 12 1 9 12 1 9 12 1 6 0 9 12 1 9 12 1 9 12 1 9 12 1 10 7 12 1 1 1 9 12 1 1 10 12 1 1 9 12 1 10 12 1 9 12 1 9 12 1 9 12 1 9 12 1 9 12 1 9 12 1 9 12 1 1 9 7 12 1 1 9 12 1 1 10 100 12 1 1 1 9 12 1 10 12 1 10 12 1 9 12 1 1 5 0 9 12 1 6 0 5 0 10 7 12 1 1 1 9 12 1 1 9 12 1 10 7 12 1 1 1 100 1 3 3 100 1 6 0 6 0 9 12 1 9 12 1 9 12 1 1 9 9 12 1 1 9 9 12 1 10 12 1 1 9 12 1 10 12 1 1 9 12 1 1 9 12 1 9 7 12 1 1 9 12 1 9 12 1 9 12 1 9 12 1 10 12 1 1 9 12 1 1 9 12 1 9 12 1 9 12 1 9 7 1 9 12 1 9 12 1 9 12 1 9 12 1 9 12 1 9 12 1 9 12 1 9 12 1 9 12 1 9 12 1 9 12 1 9 12 1 9 12 1 18 12 1 1 10 100 12 1 1 1 9 12 1 9 12 1 10 12 1 1 9 12 1 9 12 1 9 12 1 9 12 1 9 12 1 9 12 1 1 10 100 1 9 12 1 10 12 1 1 10 12 1 1 10 12 1 10 12 1 9 12 1 9 12 1 9 12 1 10 12 1 10 7 12 1 1 1 9 12 1 9 12 1 6 0 10 12 1 10 12 1 10 12 1 9 12 1 9 12 1 9 12 1 9 12 1 10 12 1 1 10 12 1 1 10 12 1 10 12 1 100 1 8 1 10 12 9 12 1 9 12 1 9 12 1 9 12 1 9 12 1 9 12 1 9 12 1 9 12 1 9 12 1 9 12 1 9 12 1 9 12 1 9 12 1 9 12 1 9 12 1 9 12 1 1 9 12 1 10 12 1 1 9 12 1 9 12 1 9 12 1 10 12 1 9 12 1 10 12 1 10 9 12 1 9 12 1 100 1 9 12 1 9 12 1 9 12 1 9 12 1 9 12 1 9 12 1 9 12 1 9 12 1 9 12 1 9 12 1 9 12 1 10 12 1 1 10 12 1 1 9 12 1 10 7 12 1 1 18 12 1 18 10 12 1 1 9 12 1 9 12 1 9 12 1 9 12 1 18 18 9 12 1 10 12 1 9 12 1 10 12 1 10 12 1 1 9 12 1 10 12 1 1 10 12 1 1 10 7 12 1 1 1 10 12 1 10 12 1 9 12 1 9 12 1 9 12 1 9 12 1 9 12 1 9 12 1 9 12 1 10 12 1 1 9 12 1 10 12 1 9 12 1 10 12 1 9 12 1 100 1 1 1 3 1 1 1 5 0 1 3 1 3 1 3 1 3 1 1 1 1 1 1 1 1 1 1 1 1 1 1 1 1 1 1 1 1 1 1 1 1 1 1 1 1 1 1 1 1 1 1 1 1 1 1 1 1 1 1 1 1 1 1 1 1 1 1 1 1 1 1 1 1 1 1 1 1 1 1 1 1 1 1 1 1 1 1 1 1 1 1 1 1 1 1 1 1 1 1 1 1 1 1 1 1 1 1 1 1 1 1 1 1 1 1 1 1 1 1 1 1 1 1 1 1 1 1 1 1 1 1 1 1 1 1 1 1 1 1 1 1 1 1 1 1 1 1 1 1 1 1 1 1 1 1 1 1 1 1 1 100 100 1 1 1 1 1 1 1 1 1 1 1 1 1 1 1 1 1 1 1 1 8 1 8 1 8 1 8 1 8 1 15 10 100 12 1 1 1 100 1 1 100 1 100 1 100 1 1
staticfield sun/java2d/marlin/Renderer DISABLE_RENDER Z 0
staticfield sun/java2d/marlin/Renderer ENABLE_BLOCK_FLAGS Z 1
staticfield sun/java2d/marlin/Renderer ENABLE_BLOCK_FLAGS_HEURISTICS Z 1
staticfield sun/java2d/marlin/Renderer SUBPIXEL_SCALE_X D 4643211215818981376
staticfield sun/java2d/marlin/Renderer SUBPIXEL_SCALE_Y D 4620693217682128896
staticfield sun/java2d/marlin/Renderer SUBPIXEL_MASK_X I 255
staticfield sun/java2d/marlin/Renderer SUBPIXEL_MASK_Y I 7
staticfield sun/java2d/marlin/Renderer RDR_OFFSET_X D 4566650022153682944
staticfield sun/java2d/marlin/Renderer RDR_OFFSET_Y D 4589168020290535424
staticfield sun/java2d/marlin/Renderer SUBPIXEL_TILE I 256
staticfield sun/java2d/marlin/Renderer INITIAL_BUCKET_ARRAY I 17408
staticfield sun/java2d/marlin/Renderer INITIAL_CROSSING_COUNT I 1024
staticfield sun/java2d/marlin/Renderer OFF_ERROR J 4
staticfield sun/java2d/marlin/Renderer OFF_BUMP_X J 8
staticfield sun/java2d/marlin/Renderer OFF_BUMP_ERR J 12
staticfield sun/java2d/marlin/Renderer OFF_NEXT J 16
staticfield sun/java2d/marlin/Renderer OFF_YMAX J 20
staticfield sun/java2d/marlin/Renderer SIZEOF_EDGE_BYTES I 24
staticfield sun/java2d/marlin/Renderer CUB_DEC_ERR_SUBPIX D 4629700416936869888
staticfield sun/java2d/marlin/Renderer CUB_INC_ERR_SUBPIX D 4618891777938554880
staticfield sun/java2d/marlin/Renderer SCALE_DY D 4629700416936869888
staticfield sun/java2d/marlin/Renderer CUB_DEC_BND D 4643211215818981376
staticfield sun/java2d/marlin/Renderer CUB_INC_BND D 4632402576820666368
staticfield sun/java2d/marlin/Renderer QUAD_DEC_ERR_SUBPIX D 4625196817309499392
staticfield sun/java2d/marlin/Renderer QUAD_DEC_BND D 4638707616191610880
ciInstanceKlass sun/java2d/pipe/AATileGenerator 1 0 16 100 1 100 1 1 1 1 1 1 1 1 1 1 1 1
ciInstanceKlass sun/java2d/marlin/MarlinTileGenerator 1 1 329 100 1 7 1 10 7 12 1 1 1 9 12 1 1 9 12 1 1 9 12 1 1 9 7 12 1 1 1 9 12 1 9 12 1 9 12 1 10 12 1 10 7 1 9 12 1 9 12 1 9 12 1 9 12 1 10 12 1 1 9 12 1 9 12 1 1 9 100 12 1 1 1 10 100 12 1 1 1 10 12 1 9 12 1 10 12 1 1 10 12 1 9 12 1 1 9 12 1 1 9 12 1 10 7 12 1 1 1 9 12 1 18 12 1 1 10 100 12 1 1 1 9 7 12 1 1 1 9 12 1 1 9 12 1 1 10 7 12 1 1 1 9 12 1 9 100 12 1 1 1 10 12 1 1 10 100 12 1 1 10 12 1 10 12 1 9 12 1 9 12 1 9 12 1 9 12 1 9 12 1 9 12 1 5 0 10 7 12 1 1 1 10 12 1 1 100 1 10 100 12 1 1 1 10 12 10 12 1 1 8 1 10 12 1 1 10 12 1 9 12 1 100 1 18 12 10 18 18 18 18 100 1 1 1 3 1 1 1 1 1 1 1 1 1 1 1 1 1 1 1 1 1 1 1 1 1 1 1 1 1 1 1 1 1 1 1 1 1 1 1 1 1 1 1 1 1 100 100 100 1 1 1 1 1 1 1 1 1 1 1 1 1 1 1 1 1 1 1 1 1 1 1 1 1 8 1 8 1 8 1 8 1 8 1 8 1 15 10 100 12 1 1 1 100 1 100 1 1
staticfield sun/java2d/marlin/MarlinTileGenerator MAX_TILE_ALPHA_SUM I 2097152
staticfield sun/java2d/marlin/MarlinTileGenerator TH_AA_ALPHA_FILL_EMPTY I 683
staticfield sun/java2d/marlin/MarlinTileGenerator TH_AA_ALPHA_FILL_FULL I 1366
staticfield sun/java2d/marlin/MarlinTileGenerator FILL_TILE_W I 16
instanceKlass sun/font/FontDesignMetrics
ciInstanceKlass java/awt/FontMetrics 1 1 237 10 7 12 1 1 1 9 7 12 1 1 1 9 12 1 1 10 100 12 1 1 1 10 12 1 10 12 1 10 12 1 10 12 1 10 100 12 1 1 1 3 10 12 1 1 10 12 1 1 10 12 1 1 10 100 12 1 1 10 12 1 1 10 12 1 10 12 1 1 10 12 1 10 12 1 1 10 12 1 1 10 12 1 1 10 12 1 1 10 12 1 10 12 1 10 12 1 10 12 1 1 10 12 1 10 12 1 10 12 1 10 12 1 1 100 1 10 12 1 1 10 12 1 1 10 100 12 1 1 1 10 12 1 1 10 12 1 1 10 12 1 18 12 1 1 10 7 12 1 1 10 7 12 1 1 10 12 1 7 1 10 12 1 100 1 1 1 1 5 0 1 1 1 1 1 1 1 1 1 1 1 1 1 1 1 1 1 1 1 1 1 1 1 1 1 1 1 1 1 1 100 1 1 1 1 1 1 1 1 1 1 1 1 1 1 1 1 1 1 1 1 1 8 1 15 10 100 12 1 1 1 100 1 100 1 1
staticfield java/awt/FontMetrics DEFAULT_FRC Ljava/awt/font/FontRenderContext; java/awt/font/FontRenderContext
ciInstanceKlass sun/font/FontDesignMetrics 1 1 408 9 7 12 1 1 1 10 7 12 1 1 1 7 1 10 12 1 1 10 12 1 1 10 12 1 1 10 7 12 1 1 1 10 7 12 1 1 1 7 1 10 12 1 10 12 1 1 10 12 1 1 10 7 12 1 1 1 10 12 1 10 7 12 1 1 1 100 1 10 12 1 10 12 1 1 9 12 1 1 10 7 12 1 1 1 7 1 7 1 9 12 1 1 10 12 1 10 12 1 10 12 1 10 12 1 1 10 9 12 1 1 9 12 1 1 10 7 12 1 1 9 12 1 9 12 1 9 12 1 1 9 12 1 1 9 12 1 10 12 1 9 12 1 10 12 1 9 12 10 12 1 9 12 1 1 9 12 1 10 12 1 10 12 1 10 7 12 1 1 1 9 12 1 1 10 7 12 1 1 1 10 7 12 1 1 1 9 12 1 1 10 12 1 9 12 1 10 12 1 9 12 1 10 12 1 9 12 1 10 12 1 1 9 12 1 1 4 10 100 12 1 1 9 12 1 1 10 100 12 1 1 10 12 1 1 10 12 1 10 12 1 1 6 0 10 100 12 1 1 1 3 10 7 12 1 1 100 1 8 1 10 12 1 10 7 12 1 1 1 100 1 10 12 1 10 12 1 10 12 1 1 10 12 1 1 10 12 1 100 1 18 12 1 1 10 100 1 10 12 1 4 9 12 1 10 12 4 10 1 1 1 5 0 1 1 3 1 1 1 3 1 1 1 1 1 1 1 1 1 1 1 1 1 1 1 100 1 100 1 1 1 1 1 1 1 1 1 1 1 100 1 100 1 1 1 1 1 1 1 1 1 1 1 1 1 1 1 1 1 1 1 1 1 1 1 1 1 1 1 1 1 100 1 1 1 1 1 1 8 1 15 10 100 12 1 1 1 1 1 100 1 1 100 1 100 1 1
staticfield sun/font/FontDesignMetrics metricsCache Ljava/util/concurrent/ConcurrentHashMap; java/util/concurrent/ConcurrentHashMap
staticfield sun/font/FontDesignMetrics recentMetrics [Lsun/font/FontDesignMetrics; 5 [Lsun/font/FontDesignMetrics;
ciInstanceKlass sun/font/FontDesignMetrics$MetricsKey 1 1 60 10 7 12 1 1 1 10 7 12 1 1 1 9 12 1 1 9 12 1 1 10 7 12 1 1 1 10 7 1 9 12 1 1 10 12 1 1 10 12 1 10 9 12 1 1 1 1 1 1 1 1 1 1 1 1 100 1 1 1
staticfield sun/font/FontDesignMetrics$MetricsKey key Lsun/font/FontDesignMetrics$MetricsKey; sun/font/FontDesignMetrics$MetricsKey
ciInstanceKlass sun/font/FontStrikeDesc 1 1 219 7 1 9 7 12 1 1 1 9 12 1 1 10 7 12 1 1 9 12 1 9 12 1 10 12 1 1 100 1 10 7 12 1 1 1 9 7 12 1 1 1 9 12 1 1 9 12 1 9 12 1 9 12 1 10 100 12 1 1 1 9 12 1 9 12 1 9 12 1 9 12 1 10 7 12 1 1 1 10 12 1 1 10 12 1 1 10 100 12 1 1 10 12 1 10 12 1 1 10 10 12 1 1 10 12 1 1 10 12 1 1 10 12 1 10 100 12 1 1 1 10 12 1 6 0 9 12 1 9 12 1 9 12 1 9 12 1 9 12 1 10 12 1 10 100 12 1 1 1 18 12 1 1 1 1 3 1 3 1 3 1 3 1 3 1 1 1 1 1 1 1 1 1 1 1 1 1 1 1 1 1 1 1 1 1 1 1 1 1 1 1 1 1 1 1 1 1 1 1 1 1 1 1 1 8 1 15 10 100 12 1 1 1 100 1 100 1 1
ciInstanceKlass sun/font/CompositeStrike 1 1 214 10 7 12 1 1 1 9 7 12 1 1 1 9 12 1 1 9 12 1 1 7 1 10 12 1 9 12 1 1 9 7 12 1 1 9 7 1 9 12 1 1 100 1 4 9 12 1 1 4 9 12 1 9 12 1 7 1 9 12 1 1 10 12 1 1 10 12 1 1 10 7 12 1 1 1 10 12 1 1 9 12 1 1 7 1 10 9 12 1 10 12 1 1 10 12 1 1 10 12 1 1 10 12 1 3 10 12 1 1 10 12 1 1 10 12 1 1 10 12 1 1 10 7 12 1 1 1 10 10 12 1 1 10 12 1 10 10 12 1 1 10 12 1 1 100 1 10 10 12 1 1 10 12 1 1 1 1 1 1 1 1 1 1 1 1 1 1 1 1 1 1 1 1 1 1 1 1 1 1 1 1 1 1 1 1 1 1 1 1 1 1 1 1 1 1 1 1 1 1 1 100 1 1 1 100 1 100 1 1 100 1 100 1
ciInstanceKlass sun/java2d/Disposer$PollDisposable 1 0 12 100 1 100 1 1 1 1 100 1 1 1
ciInstanceKlass sun/font/FontDesignMetrics$KeyReference 1 1 62 9 7 12 1 1 1 10 7 12 1 1 1 9 12 1 1 10 7 12 1 1 1 9 100 12 1 1 1 10 100 12 1 1 1 10 12 1 1 100 1 100 1 1 1 1 1 1 1 1 1 1 1 1 1 1 1 1 1 1 1 1
ciInstanceKlass sun/font/CompositeGlyphMapper 1 1 159 7 1 10 7 12 1 1 1 9 12 1 1 10 12 1 9 7 12 1 1 1 9 12 1 9 12 1 1 3 9 12 1 1 9 12 1 1 7 9 12 1 9 12 1 1 10 12 1 1 10 7 12 1 1 1 10 12 1 1 3 10 12 1 1 10 7 12 1 1 1 10 12 1 3 10 12 1 1 10 12 1 1 10 12 1 1 10 12 1 10 10 12 1 1 10 12 1 10 12 1 1 10 12 1 10 3 3 3 3 10 12 1 10 12 1 1 1 3 1 1 3 1 3 1 1 1 1 1 1 1 1 1 1 1 1 1 1 1 1 1 1 1 1 1 1 1 1 1 1 1 1 1 1 1 1 1 1 1
ciInstanceKlass sun/java2d/loops/FontInfo 1 1 105 10 7 12 1 1 1 18 12 1 1 10 12 1 1 100 1 9 100 12 1 1 1 10 100 12 1 1 1 9 12 1 1 10 12 1 1 9 12 1 9 12 1 1 9 12 1 1 9 12 1 9 12 1 9 12 1 1 8 1 8 1 9 12 1 18 12 1 100 1 1 1 1 1 1 1 1 1 1 1 1 1 1 1 1 1 1 1 1 8 1 8 1 15 10 100 12 1 1 1 100 1 100 1 1
ciInstanceKlass java/awt/font/TextLayout 1 1 1017 10 7 12 1 1 1 9 7 12 1 1 1 9 12 1 1 9 12 1 9 12 1 1 9 12 1 9 12 1 100 1 8 1 10 12 1 8 1 10 7 12 1 1 1 8 1 10 7 12 1 1 1 10 12 1 1 10 12 1 1 10 12 1 1 10 12 1 1 100 1 10 10 12 1 9 100 12 1 1 1 10 12 1 1 10 12 1 1 10 12 1 1 8 1 10 12 1 1 9 12 1 11 100 12 1 1 1 100 1 9 12 1 10 12 1 1 10 12 1 1 10 100 12 1 1 1 10 100 12 1 1 1 10 12 1 1 10 12 1 10 12 1 8 1 11 100 12 1 1 11 12 1 8 1 11 12 1 1 100 1 3 11 12 1 11 12 1 11 10 7 12 1 1 9 12 1 9 12 1 1 9 12 1 1 9 12 1 1 9 12 1 1 9 7 1 10 12 1 1 10 100 12 1 1 1 10 12 1 1 10 100 12 1 1 1 10 12 1 1 10 12 1 9 12 1 10 12 1 1 10 12 1 1 10 12 1 1 10 12 1 1 11 12 1 100 1 10 12 1 1 10 100 12 1 1 1 10 12 1 1 10 12 1 10 12 1 1 10 12 1 10 12 1 1 10 12 1 1 9 7 12 1 1 9 12 1 10 12 1 1 10 12 1 10 12 1 10 12 1 1 10 12 1 1 100 1 100 1 10 12 1 8 1 10 100 12 1 1 8 1 8 1 4 100 1 8 1 10 10 12 1 10 12 1 1 10 12 1 10 100 12 1 1 1 9 12 1 9 12 1 9 12 1 10 12 1 9 12 1 9 12 1 10 100 12 1 1 1 10 12 1 10 12 1 10 12 1 10 12 1 1 100 1 10 10 12 1 10 12 1 1 10 12 1 10 12 1 10 12 1 10 12 1 10 12 1 10 12 1 1 10 12 1 1 10 12 1 1 10 12 1 1 10 12 1 10 12 1 10 12 1 10 12 1 1 9 12 1 10 12 1 9 12 1 9 12 1 9 9 10 12 1 10 12 10 12 1 10 12 1 10 12 1 10 12 1 10 12 1 10 12 1 10 12 1 8 1 8 1 10 12 1 10 12 1 1 10 7 12 1 1 1 10 12 1 1 10 12 1 9 12 1 1 10 12 1 8 1 8 1 10 12 1 10 12 6 0 6 0 7 1 10 12 1 10 12 1 1 10 12 1 10 12 1 10 100 12 1 1 1 8 1 10 12 1 1 10 12 1 1 10 12 1 1 10 12 1 1 10 12 1 1 8 1 10 12 1 8 1 8 1 8 1 100 1 10 12 1 1 10 12 1 1 10 12 1 10 12 1 1 8 1 10 12 1 10 12 1 1 10 12 1 1 10 12 1 1 10 12 1 1 10 100 12 1 1 10 12 1 10 12 1 1 8 1 8 1 10 12 1 1 8 1 10 12 1 1 10 10 100 12 1 1 1 10 12 1 100 1 10 12 10 12 1 1 9 12 1 9 12 1 10 12 1 10 12 1 10 12 1 10 12 1 100 1 6 0 10 12 1 1 10 12 1 4 10 100 12 1 1 1 10 12 1 1 10 12 1 10 12 1 1 8 1 10 12 1 1 10 12 1 10 12 1 1 10 12 1 1 100 1 8 1 8 1 18 12 1 1 10 10 12 1 10 100 12 1 1 1 10 100 12 1 1 1 10 100 1 1 1 1 1 1 1 1 1 1 1 1 1 1 1 1 1 1 1 1 1 1 1 1 100 1 100 1 1 1 1 1 1 1 1 1 1 1 1 1 1 1 1 1 1 1 1 1 1 1 1 1 1 1 1 1 100 1 1 1 1 1 1 1 1 1 1 1 1 1 1 1 1 1 1 1 1 1 1 1 1 1 1 1 1 1 1 1 1 1 1 1 1 1 1 1 1 1 1 1 1 1 1 1 1 1 100 1 1 1 1 1 1 1 1 1 1 1 1 1 1 1 1 1 1 1 1 1 1 1 1 1 1 1 1 1 1 1 1 1 1 1 1 1 1 1 100 1 1 1 1 1 1 1 1 1 1 1 1 1 1 1 1 1 1 1 1 1 1 100 1 1 1 1 1 1 1 1 1 1 1 1 1 1 1 1 1 1 1 1 1 1 100 100 1 1 1 1 1 1 1 1 1 1 1 1 1 1 1 1 1 1 1 1 1 1 1 1 1 1 1 1 1 1 1 1 1 1 1 1 1 1 1 1 1 1 1 1 1 1 1 1 1 1 1 1 1 1 1 8 1 15 10 100 12 1 1 1 1 100 1 1 1 1 100 1 100 1 1
staticfield java/awt/font/TextLayout DEFAULT_CARET_POLICY Ljava/awt/font/TextLayout$CaretPolicy; java/awt/font/TextLayout$CaretPolicy
ciInstanceKlass sun/font/CoreMetrics 1 1 88 10 7 12 1 1 1 9 7 12 1 1 1 9 12 1 9 12 1 9 12 1 9 12 1 1 9 12 1 1 9 12 1 9 12 1 9 12 1 9 12 1 9 12 1 9 12 1 7 1 9 12 1 1 10 100 12 1 1 1 10 12 1 1 100 1 1 1 1 1 1 1 1 1 1 1 1 1 1 1 1 1 1 1 1 1 1 1
instanceKlass sun/font/FontLineMetrics
ciInstanceKlass java/awt/font/LineMetrics 1 1 30 10 7 12 1 1 1 100 1 1 1 1 1 1 1 1 1 1 1 1 1 1 1 1 1 1 1 1 1 1
ciInstanceKlass sun/font/FontLineMetrics 1 1 110 10 7 12 1 1 1 9 7 12 1 1 1 9 12 1 1 9 12 1 1 9 7 12 1 1 1 9 12 1 9 12 1 9 12 1 9 12 1 9 12 1 1 10 100 12 1 1 9 12 1 9 12 1 9 12 1 9 12 1 10 12 1 1 10 12 1 1 100 1 10 7 1 100 1 100 1 10 12 1 100 1 1 1 1 1 1 1 1 1 1 1 1 1 1 1 1 1 1 1 1 1 1 1 1 1 1 1 1 1
ciInstanceKlass java/awt/font/TextLine 1 1 1008 10 7 12 1 1 1 9 7 12 1 1 1 10 12 1 1 9 12 1 1 9 12 1 1 9 12 1 1 9 12 1 1 9 12 1 1 9 12 1 1 9 12 1 9 12 1 9 12 1 1 9 12 1 1 10 12 1 10 12 1 11 7 12 1 1 1 10 12 1 100 1 8 1 10 12 1 9 12 1 11 12 1 11 12 1 1 9 7 12 1 1 9 12 1 1 10 7 12 1 1 1 9 12 1 9 12 1 9 12 1 10 12 1 1 9 12 1 9 12 1 10 12 1 1 10 12 1 11 12 1 1 11 12 1 1 7 1 10 12 1 100 1 10 100 1 10 10 12 1 1 10 100 12 1 1 10 12 1 1 10 12 1 9 12 1 1 9 12 1 10 12 1 1 10 12 1 10 12 1 1 9 12 1 1 100 1 10 12 1 10 100 12 1 1 1 10 12 1 1 9 12 1 1 100 1 10 12 1 9 12 9 12 11 12 1 1 10 12 1 10 12 1 10 12 1 10 12 1 1 10 100 12 1 1 1 11 100 12 1 1 1 10 100 1 100 1 9 12 1 9 12 1 10 12 1 10 12 1 1 9 100 12 1 1 1 10 100 12 1 1 1 10 12 1 10 12 1 10 12 1 9 12 1 4 10 12 1 1 10 12 1 1 10 12 1 1 10 12 1 9 12 1 10 100 12 1 1 1 10 12 1 1 10 7 12 1 1 10 12 1 1 10 12 1 10 12 1 1 8 1 8 1 10 100 12 1 1 1 9 12 1 1 10 12 1 1 9 12 1 9 12 1 10 12 1 1 10 12 1 1 9 12 1 8 1 11 12 1 100 1 18 12 1 1 10 11 12 1 1 10 12 1 10 12 1 10 12 1 10 12 10 12 10 12 1 1 11 10 12 1 100 1 10 10 12 1 1 9 12 9 12 10 12 1 10 12 1 10 12 1 11 10 12 1 10 12 1 10 12 1 10 12 1 10 12 1 1 10 12 1 10 12 1 11 12 1 10 12 1 100 1 100 1 4 4 10 4 11 12 1 10 12 1 10 12 1 7 1 10 12 1 11 12 1 1 10 12 1 1 100 1 10 10 12 1 10 12 1 1 10 100 12 1 1 1 10 12 1 10 12 1 10 7 12 1 1 1 10 12 1 10 12 1 10 12 1 1 10 12 1 1 10 12 1 10 7 12 1 1 1 7 1 10 12 1 10 12 1 1 10 100 12 1 1 1 9 12 1 10 12 1 10 12 1 1 10 100 12 1 1 1 10 12 1 1 10 100 12 1 1 10 12 1 1 10 12 1 1 10 12 1 1 10 100 12 1 1 10 12 10 12 1 1 10 12 1 1 100 1 100 1 10 12 1 10 12 1 1 10 12 1 1 10 12 1 1 10 12 1 10 12 1 10 12 1 10 12 1 1 11 100 12 1 1 1 100 1 3 9 100 12 1 1 1 11 12 1 1 11 12 11 12 1 1 9 12 1 9 12 1 11 12 1 1 10 12 1 1 10 100 12 1 1 1 10 12 1 10 100 12 1 1 1 10 12 1 10 12 1 10 12 1 1 11 12 1 100 1 10 12 11 12 1 1 100 1 10 12 1 10 12 1 1 11 12 1 1 11 12 1 7 1 10 7 1 10 7 1 10 7 1 10 1 1 1 1 1 1 1 1 1 1 1 1 1 1 1 1 1 1 1 1 1 1 1 1 1 1 1 1 1 1 1 1 1 1 1 1 1 1 1 1 1 1 1 1 1 1 1 1 1 1 1 1 1 1 1 1 1 1 1 1 1 1 1 1 1 1 1 1 1 1 1 1 1 1 1 1 1 1 1 100 1 1 1 1 1 1 1 1 1 1 1 1 1 1 1 1 1 1 1 1 1 1 1 1 1 1 1 1 1 1 1 1 1 1 1 1 1 1 1 1 1 1 1 1 1 1 1 1 1 1 1 1 1 1 1 1 1 1 1 1 1 1 1 1 1 1 1 100 100 1 100 100 1 1 1 1 1 1 1 1 1 1 1 1 1 1 1 1 1 1 1 1 1 1 1 1 1 1 1 1 1 1 1 1 1 1 1 1 1 1 1 1 100 1 1 1 1 1 1 1 1 1 1 1 1 1 1 1 1 1 1 1 1 1 1 1 1 1 1 1 1 1 1 1 1 1 1 1 1 1 1 1 1 1 1 100 100 1 1 1 1 1 1 1 1 1 1 8 1 15 10 100 12 1 1 1 1 100 1 1 1 100 1 1 1 1 1 100 1 1 100 1 100 1 1
ciInstanceKlass java/text/Bidi 1 1 182 10 100 12 1 1 1 100 1 8 1 10 12 1 7 1 10 100 12 1 1 1 10 12 1 1 10 12 1 9 100 12 1 1 1 10 12 1 10 12 1 1 8 1 100 1 10 8 1 10 12 1 1 10 12 1 10 12 1 1 8 1 8 1 8 1 8 1 100 1 8 1 10 10 12 1 1 10 12 10 12 1 1 10 12 1 1 10 12 1 10 12 1 10 12 1 10 12 1 10 12 1 1 10 12 1 1 10 12 1 10 12 1 1 10 12 1 10 12 1 10 12 1 1 10 12 1 1 10 1 1 1 3 1 3 1 3 1 3 1 1 1 1 1 1 1 1 1 1 1 100 1 1 1 1 1 1 1 1 100 100 1 1 1 1 1 1 1 1 1 1 1 1 1 1 1 1 1 1 1 1 1
ciInstanceKlass sun/font/Decoration 1 1 157 10 7 12 1 1 1 9 7 12 1 1 1 9 12 1 1 10 7 12 1 1 1 10 12 1 1 100 1 10 12 1 1 10 12 1 10 12 1 1 10 12 1 10 12 1 1 10 100 12 1 1 10 12 1 10 12 1 10 12 1 1 10 12 1 1 11 7 12 1 1 1 11 12 1 1 11 12 1 1 11 12 1 1 7 1 9 12 1 1 9 12 1 9 12 1 9 12 1 9 12 1 9 12 1 9 12 1 10 12 1 1 10 1 1 1 1 1 1 1 1 1 1 1 1 1 1 1 1 1 1 1 1 1 1 1 1 1 1 1 1 1 1 1 1 1 1 1 1 1 1 1 100 1 100 1 1
staticfield sun/font/Decoration VALUES_MASK I 466432
staticfield sun/font/Decoration PLAIN Lsun/font/Decoration; sun/font/Decoration
ciInstanceKlass sun/font/TextLabelFactory 1 1 124 10 7 12 1 1 1 9 7 12 1 1 1 10 7 12 1 1 1 9 12 1 9 12 1 1 9 12 1 1 9 12 1 9 12 1 9 12 1 10 100 12 1 1 1 100 1 18 12 1 1 10 12 1 10 12 1 1 10 12 1 1 7 1 10 12 1 7 1 10 12 1 100 1 10 12 1 1 1 1 1 1 1 1 1 1 1 1 1 1 1 1 1 1 1 1 1 1 1 1 1 1 1 1 1 1 1 1 1 1 8 1 15 10 100 12 1 1 1 100 1 100 1 1
ciInstanceKlass sun/font/TextLineComponent 1 0 54 100 1 100 1 1 1 1 3 1 3 1 3 1 1 1 1 1 1 1 1 1 1 1 1 1 1 1 1 1 1 1 1 1 1 1 1 1 1 1 1 1 1 1 1 1 1 1 1 1 1 1 1 1
instanceKlass sun/font/StandardTextSource
ciInstanceKlass sun/font/TextSource 1 1 41 10 7 12 1 1 1 100 1 1 1 1 3 1 3 1 1 1 1 1 1 1 1 1 1 1 1 1 1 1 1 1 1 1 1 1 1 1 1 1 1
ciInstanceKlass sun/font/StandardTextSource 1 1 210 10 7 12 1 1 1 100 1 8 1 10 12 1 18 12 1 1 18 12 1 18 18 12 1 18 18 12 1 8 1 8 1 9 7 12 1 1 1 9 12 1 1 9 12 1 9 12 1 9 12 1 9 12 1 9 12 1 9 12 1 1 9 12 1 1 9 12 1 1 10 100 12 1 1 1 100 1 9 18 100 1 8 1 10 12 1 10 12 1 1 100 1 10 100 12 1 1 10 8 1 10 12 1 1 10 12 1 8 1 8 1 8 1 8 1 8 1 10 100 12 1 1 8 1 8 1 8 1 8 1 10 12 1 8 1 8 1 8 1 10 1 1 1 1 1 1 1 1 100 100 1 100 1 1 1 1 1 1 1 1 1 1 1 1 1 1 1 1 1 1 1 1 1 1 1 1 1 1 1 1 1 1 1 8 1 8 1 8 1 8 1 8 1 8 1 8 1 15 10 100 12 1 1 1 100 1 100 1 1
ciInstanceKlass sun/font/Decoration$Label 1 0 23 100 1 100 1 1 1 1 1 1 1 1 1 1 1 1 1 1 1 100 1 1 1
instanceKlass sun/font/ExtendedTextSourceLabel
ciInstanceKlass sun/font/ExtendedTextLabel 1 1 49 10 7 12 1 1 1 10 100 12 1 1 1 100 1 1 1 1 1 1 1 1 1 1 1 1 1 1 1 1 1 1 1 1 1 1 1 1 1 1 1 1 1 1 1 1 1 1 1
ciInstanceKlass sun/font/ExtendedTextSourceLabel 1 1 629 10 7 12 1 1 1 9 7 12 1 1 1 9 12 1 1 10 12 1 10 7 12 1 1 1 9 12 1 1 10 7 12 1 1 1 10 7 12 1 1 1 9 12 1 1 10 12 1 1 9 12 1 1 10 12 1 100 1 10 10 12 1 1 10 12 1 1 10 12 1 1 10 12 1 10 12 1 1 10 12 1 1 10 100 12 1 1 1 10 12 1 10 12 1 1 9 12 1 1 10 12 1 1 9 12 1 1 10 12 1 1 100 1 10 7 12 1 1 1 10 12 1 10 12 1 10 12 1 10 12 1 9 12 1 10 7 12 1 1 1 9 12 1 10 12 1 9 12 1 10 12 1 10 12 1 1 10 7 12 1 1 1 10 12 1 1 10 12 1 1 10 12 1 10 100 12 1 1 1 10 12 1 1 10 12 10 12 10 12 1 1 9 12 1 9 12 1 9 12 1 1 10 12 1 10 100 12 1 1 1 9 12 1 10 10 12 1 10 12 1 9 12 1 9 12 1 1 10 12 1 10 7 12 1 1 10 12 1 1 10 12 1 1 10 12 1 1 10 12 1 1 10 10 12 1 1 10 12 1 1 100 1 18 12 1 1 10 12 1 18 12 1 10 12 1 4 4 10 12 1 10 12 1 100 1 9 12 1 1 9 100 12 1 1 1 10 100 12 1 1 1 10 12 1 10 12 1 10 12 1 1 18 10 12 18 18 10 12 1 18 12 1 18 12 1 10 12 1 10 12 1 10 12 18 18 12 1 18 18 18 10 100 12 1 1 18 12 1 10 12 1 100 1 10 12 1 1 10 12 1 10 12 1 1 10 10 12 1 1 100 1 10 12 1 4 10 100 12 1 1 1 3 3 3 3 3 10 100 12 1 1 10 10 12 1 1 10 12 1 1 10 7 12 1 1 1 100 1 1 1 1 3 1 3 1 3 1 3 1 3 1 3 1 3 1 3 1 3 1 1 1 1 1 1 1 1 1 1 1 1 1 1 1 1 100 1 1 1 1 1 1 1 1 1 1 1 1 1 1 1 1 1 1 1 1 1 1 1 1 1 1 1 1 1 1 1 1 1 1 1 1 1 1 1 1 1 1 1 1 1 1 1 1 1 1 1 1 1 1 1 1 1 1 1 1 1 1 1 1 1 1 1 1 1 1 1 1 1 1 1 1 1 1 1 1 1 1 1 1 1 1 1 1 1 1 1 1 1 1 1 1 1 1 1 100 100 1 1 1 1 1 1 1 1 1 1 1 1 1 1 1 1 1 1 1 1 1 1 100 1 1 1 1 1 1 1 1 1 1 1 100 1 1 1 1 8 1 8 1 8 1 8 1 8 1 8 1 8 1 8 1 8 1 8 1 8 1 8 1 8 1 15 10 100 12 1 1 1 1 1 100 1 1 100 1 100 1 1
staticfield sun/font/ExtendedTextSourceLabel DEBUG Z 0
ciInstanceKlass sun/font/AttributeMap 1 1 105 10 7 12 1 1 1 9 7 12 1 1 1 10 12 1 1 11 100 12 1 1 1 11 12 1 1 9 12 1 1 9 12 1 1 10 100 12 1 1 100 1 10 12 1 10 100 12 1 1 1 10 12 1 1 18 12 1 1 10 100 1 10 12 1 1 1 1 1 1 1 1 1 1 1 1 1 1 1 1 1 1 1 1 1 1 1 1 8 1 15 10 100 12 1 1 1 100 1 1 100 1 100 1 1
ciInstanceKlass sun/font/GlyphLayout 1 1 365 10 7 12 1 1 1 7 1 9 12 1 1 10 12 1 1 9 12 1 1 100 1 10 10 12 1 1 10 7 12 1 1 1 10 12 1 1 100 1 10 12 1 1 10 100 12 1 1 1 9 12 1 1 10 12 1 9 12 1 10 7 12 1 1 1 9 12 1 1 9 12 1 1 10 7 12 1 1 1 10 12 1 10 12 1 10 12 1 9 12 1 1 9 12 1 10 7 12 1 1 1 10 12 1 1 9 12 1 1 3 10 7 12 1 1 1 7 1 11 12 1 1 9 12 1 1 10 7 12 1 1 7 1 9 12 1 1 10 7 12 1 1 9 12 1 1 10 7 12 1 1 10 12 1 10 12 1 10 12 1 10 12 1 10 12 1 1 7 1 10 12 1 10 12 1 10 12 1 10 12 1 1 9 12 1 9 12 1 1 9 12 1 9 12 1 1 10 7 12 1 1 7 1 10 12 1 100 1 9 12 1 1 9 7 12 1 1 10 12 1 100 1 10 12 1 10 12 1 10 100 12 1 1 1 18 12 1 1 10 12 1 1 10 12 1 1 10 7 1 10 10 10 10 10 12 10 7 1 10 10 10 12 1 10 12 1 10 12 1 1 10 12 1 1 1 1 1 1 1 1 1 1 100 1 1 1 1 1 1 1 1 1 1 1 1 1 1 1 1 1 1 1 1 1 1 1 1 1 1 1 1 1 1 1 1 1 1 1 1 1 1 1 100 1 100 100 1 1 1 1 1 100 1 100 1 100 1 100 1 1 8 1 15 10 100 12 1 1 1 1 1 100 1 1 1 1 1 1 1 100 1 100 1 1
ciInstanceKlass sun/font/GlyphLayout$LayoutEngineFactory 1 0 21 100 1 100 1 1 1 1 1 1 1 100 1 1 1 100 1 1 100 1 1
ciInstanceKlass sun/font/SunLayoutEngine 1 1 245 9 7 12 1 1 1 10 12 1 1 10 7 1 7 1 10 12 1 9 12 1 1 7 1 10 12 1 10 12 1 1 10 12 1 1 7 1 10 10 12 1 7 1 10 12 1 1 10 12 1 10 12 1 1 9 12 1 1 9 12 1 1 18 12 1 1 10 7 12 1 1 1 100 1 10 12 1 1 10 12 1 1 10 7 12 1 1 1 9 12 1 1 10 7 12 1 1 1 9 7 12 1 1 1 10 12 1 1 9 12 1 1 9 12 1 10 12 1 1 10 12 1 1 10 12 1 10 7 12 1 1 10 8 1 8 1 10 7 12 1 1 1 10 7 12 1 1 1 100 1 1 1 1 1 1 1 1 1 1 1 1 1 1 1 1 1 1 1 1 1 1 1 100 1 1 1 1 1 1 1 1 1 1 1 1 1 1 1 1 1 1 1 1 1 1 1 1 100 1 1 1 1 1 1 1 1 1 1 1 1 16 15 10 12 1 16 1 15 10 100 12 1 1 1 1 100 1 1 1 1 1 100 1 1 100 1 100 1 1 100 1 100 1 1
staticfield sun/font/SunLayoutEngine facePtr Ljava/util/WeakHashMap; java/util/WeakHashMap
ciInstanceKlass sun/font/GlyphLayout$GVData 1 1 92 10 7 12 1 1 1 9 7 12 1 1 1 9 12 1 9 12 1 1 9 12 1 1 9 12 1 10 12 1 1 10 7 12 1 1 1 100 1 7 1 10 12 1 10 12 1 1 1 3 1 1 1 1 1 1 1 1 1 1 1 1 1 1 1 1 1 1 1 1 1 1 1 1 1 1 1 1 1 100 1 100 1 100 100 1 1 1 100 1 1 1
ciInstanceKlass sun/font/TextRecord 1 1 35 10 7 12 1 1 1 9 7 12 1 1 1 9 12 1 1 9 12 1 9 12 1 9 12 1 1 1 1 1 1 1 1 1 1
ciInstanceKlass sun/font/ScriptRun 1 1 132 7 1 10 7 12 1 1 1 10 12 1 1 100 1 10 9 12 1 1 9 12 1 1 9 12 1 9 12 1 9 12 1 100 1 9 12 1 9 12 1 10 12 1 1 10 7 12 1 1 1 10 12 1 9 12 1 1 10 100 12 1 1 1 10 12 1 1 10 12 1 1 3 3 3 3 3 9 12 1 9 12 1 9 12 1 10 12 1 1 1 1 1 1 1 1 1 3 1 1 3 1 1 1 1 1 1 1 1 1 1 1 1 1 1 1 1 1 1 1 1 1 1 1 1 1 1 1 1 1 1 1
staticfield sun/font/ScriptRun pairedCharPower I 32
staticfield sun/font/ScriptRun pairedCharExtra I 2
ciInstanceKlass sun/font/FontRunIterator 1 1 106 7 1 10 7 12 1 1 1 9 12 1 1 100 1 10 9 12 1 1 9 12 1 1 9 12 1 9 12 1 10 7 12 1 1 1 7 1 9 12 1 1 9 12 1 10 12 1 1 10 12 1 1 10 12 1 3 10 12 1 1 100 1 10 12 1 1 3 3 3 3 3 1 1 1 1 1 1 1 3 1 1 3 1 1 1 1 1 1 1 1 1 1 100 1 1 1 1 1 1 1 1 1 1 1 1
ciInstanceKlass sun/font/GlyphLayout$SDCache 1 1 207 10 7 12 1 1 1 9 7 12 1 1 1 9 12 1 1 10 7 12 1 1 1 9 12 1 1 10 7 12 1 1 1 10 12 1 10 12 1 10 12 1 10 12 1 1 10 7 12 1 1 1 10 12 1 1 10 9 12 1 10 12 1 1 7 1 10 12 1 10 12 1 10 12 1 9 12 1 1 10 12 1 1 9 12 1 10 12 10 12 1 1 10 7 12 1 1 1 10 7 12 1 1 1 10 7 12 1 1 1 10 12 1 10 12 1 1 10 12 1 1 10 12 1 9 12 1 1 10 10 12 10 12 1 7 1 10 12 1 9 12 1 1 10 7 12 1 1 7 1 10 12 1 10 10 12 1 10 12 1 10 12 1 10 12 1 10 12 1 1 10 1 1 1 1 1 1 1 1 1 1 1 1 1 1 1 1 1 1 1 1 1 1 1 1 1 1 1 1 100 1 1 1 100 1 1 1
staticfield sun/font/GlyphLayout$SDCache ZERO_DELTA Ljava/awt/geom/Point2D$Float; java/awt/geom/Point2D$Float
ciInstanceKlass sun/font/FontSubstitution 0 0 9 100 1 100 1 1 1 1 1
ciInstanceKlass sun/font/NativeFont 0 0 82 10 100 12 1 1 1 100 1 8 1 10 12 1 100 1 10 12 1 100 1 1 1 1 1 1 1 1 1 1 1 1 1 1 1 1 1 1 1 1 1 1 1 1 1 1 1 1 1 1 1 1 1 1 1 1 1 1 1 1 1 1 1 1 1 1 1 1 1 1 1 1 1 1 1 100 1 1 100 1 100 1
ciInstanceKlass sun/font/GlyphLayout$EngineRecord 1 1 152 7 1 10 7 12 1 1 1 9 7 12 1 1 1 10 7 12 1 1 1 7 1 10 9 12 1 1 9 12 1 1 9 12 1 9 12 1 10 12 1 1 9 12 1 9 7 12 1 1 1 9 7 12 1 1 1 10 12 1 1 10 12 1 10 12 1 1 10 12 1 1 9 12 1 1 11 7 12 1 1 1 9 12 1 1 9 9 9 12 1 1 9 12 1 1 9 12 1 1 9 12 1 9 12 1 9 12 1 1 9 12 1 1 11 7 12 1 1 1 1 1 1 1 1 1 1 1 1 1 1 1 1 1 1 1 1 1 1 1 1 1 1 1 100 1 100 1 1 100 1 1
instanceKlass sun/font/StandardGlyphVector
ciInstanceKlass java/awt/font/GlyphVector 1 1 151 100 1 10 7 12 1 1 1 10 12 1 1 10 12 1 1 10 100 12 1 1 1 10 100 12 1 1 1 10 12 1 10 12 1 10 12 1 10 12 1 100 1 10 12 1 10 12 1 1 10 100 12 1 1 1 10 12 1 1 10 12 1 11 100 12 1 1 100 1 1 1 1 3 1 3 1 3 1 3 1 3 1 1 1 1 1 1 1 1 1 1 1 1 1 1 1 1 1 1 1 1 1 1 1 1 1 1 1 1 1 1 1 1 1 1 1 1 1 1 1 1 1 1 1 1 1 1 1 1 1 1 1 1 1 1 1 1 1 1 1 1 1 1 1 1 1 1 1 1 1
ciInstanceKlass sun/font/StandardGlyphVector 1 1 926 10 7 12 1 1 1 10 100 12 1 1 1 10 12 1 1 7 1 10 12 1 1 10 7 12 1 1 1 10 12 1 1 100 1 10 12 1 1 10 100 12 1 1 1 10 12 1 1 10 12 1 10 12 1 100 1 10 12 1 10 12 1 10 12 1 1 10 7 12 1 1 1 9 12 1 1 9 12 1 9 12 1 1 9 12 1 1 9 12 1 1 9 12 1 9 12 1 1 9 12 1 9 12 1 1 10 12 1 11 100 12 1 1 11 12 1 11 12 1 1 3 11 12 1 11 12 1 10 12 1 1 9 100 12 1 1 100 1 10 12 1 1 10 7 12 1 1 1 9 100 12 1 1 1 9 12 1 10 10 12 1 10 12 1 10 12 1 10 12 1 1 100 1 18 12 1 1 10 12 1 100 1 18 10 18 18 10 12 1 18 12 1 10 12 1 10 12 1 8 1 10 12 1 1 10 7 12 1 1 10 12 1 10 12 1 7 1 10 12 1 10 12 1 1 11 100 12 1 1 1 10 100 12 1 1 10 12 1 1 10 12 1 1 10 12 1 1 18 10 100 12 1 1 1 10 12 1 10 12 1 10 12 1 9 12 1 1 10 100 12 1 1 1 10 12 1 10 12 1 10 12 1 1 10 12 1 10 12 1 1 9 12 1 1 10 7 12 1 1 100 1 10 12 1 100 1 10 10 12 1 1 10 7 12 1 1 1 9 12 1 1 10 100 12 1 1 1 9 12 1 9 12 1 9 12 1 9 12 1 9 12 1 9 12 1 9 12 1 9 12 1 7 1 10 10 12 1 10 12 1 10 12 1 100 1 10 12 1 9 12 1 10 12 1 1 10 12 1 1 10 12 1 10 12 1 10 12 1 10 12 1 10 12 1 1 100 1 10 12 1 10 12 1 1 10 12 1 10 12 1 100 1 10 12 1 10 12 1 10 12 1 10 100 1 10 12 10 100 10 12 1 100 1 18 18 10 12 1 1 10 10 12 1 1 9 12 1 1 10 12 1 1 10 12 1 1 9 12 1 10 12 1 1 10 12 1 1 10 12 1 1 10 100 12 1 1 1 10 12 1 1 10 12 1 10 12 1 10 12 1 10 12 1 10 12 1 10 12 1 10 12 1 9 12 1 1 100 1 10 10 12 10 12 1 1 10 12 1 1 10 12 1 1 9 12 1 9 12 1 10 12 1 100 1 9 12 1 10 12 1 1 10 12 1 10 12 1 1 10 10 12 1 1 10 12 1 10 10 12 1 3 9 12 1 1 10 100 12 1 1 1 100 1 8 1 10 10 12 1 1 10 100 12 1 1 1 10 7 12 1 1 1 7 1 11 12 1 1 9 12 1 10 12 1 10 12 1 1 10 12 1 1 10 12 1 10 12 10 12 1 1 10 12 1 10 12 1 100 1 10 10 10 12 10 12 1 1 10 10 12 1 10 12 1 10 12 1 1 10 12 1 10 12 1 1 10 12 1 1 10 100 12 1 1 1 10 8 1 10 12 1 1 10 8 1 10 8 1 10 12 1 8 1 8 1 10 100 12 1 1 8 1 8 1 10 12 1 8 1 8 1 8 1 8 1 8 1 8 1 8 1 8 1 100 1 10 12 1 10 12 1 10 7 12 1 1 1 1 3 1 1 1 1 3 1 3 1 3 1 1 1 1 1 1 1 1 1 1 1 1 1 1 1 1 1 1 1 1 1 1 1 1 1 1 1 1 100 1 1 1 1 1 1 100 1 1 1 1 1 1 1 1 1 1 1 1 1 1 1 1 1 1 1 1 1 1 1 1 1 1 1 1 1 1 1 1 1 1 1 1 1 1 1 1 1 1 1 1 1 1 1 1 1 1 1 1 1 1 1 1 1 1 1 1 1 1 1 1 1 1 1 1 1 1 1 1 1 1 1 1 1 1 1 1 1 1 1 1 1 1 1 1 1 1 1 1 1 1 1 1 1 1 1 100 1 1 1 1 1 1 1 1 1 1 1 1 1 1 1 1 1 1 1 8 1 8 1 8 1 8 1 8 1 8 1 8 1 8 1 15 10 100 12 1 1 1 1 1 1 1 100 1 100 1 1
staticfield sun/font/StandardGlyphVector $assertionsDisabled Z 1
ciInstanceKlass java/awt/font/TextLine$TextLineMetrics 1 1 35 10 7 12 1 1 1 9 7 12 1 1 1 9 12 1 9 12 1 9 12 1 1 1 1 1 1 1 1 1 1 100 1 1 1
ciInstanceKlass sun/font/StandardGlyphVector$GlyphStrike 1 1 304 9 7 12 1 1 1 10 7 12 1 1 1 10 12 1 1 10 12 1 10 12 1 1 10 12 1 9 12 1 1 10 7 12 1 1 1 9 7 12 1 1 1 10 12 1 1 10 12 1 10 12 1 10 100 12 1 1 1 10 12 1 9 12 1 1 10 7 12 1 1 1 10 12 1 10 12 1 1 9 12 1 1 10 7 12 1 1 10 12 1 7 1 11 12 1 1 9 7 12 1 1 1 9 7 1 10 12 1 1 7 1 10 12 1 10 7 12 1 1 9 12 1 1 9 12 1 1 9 12 1 1 9 12 1 10 7 12 1 1 1 10 12 1 100 1 10 10 12 1 1 9 12 1 9 12 1 9 100 12 1 1 9 100 1 9 12 1 9 9 12 1 9 9 12 1 9 9 12 1 9 9 12 1 9 10 12 1 1 9 12 1 100 1 10 10 12 1 1 10 100 12 1 1 1 10 12 1 1 10 7 12 1 1 10 12 1 1 10 12 1 10 12 1 10 12 1 10 12 1 10 12 1 10 12 1 10 12 1 1 10 12 1 1 10 12 1 1 1 1 1 1 1 1 1 1 1 1 1 1 1 1 1 1 1 1 1 1 1 1 1 1 1 1 1 1 1 1 1 1 1 1 1 1 1 1 1 1 1 1 1 1 1 1 1 1 1 1 1 1 100 1 1 1
instanceKlass java/awt/geom/Path2D$Float$TxIterator
instanceKlass java/awt/geom/Path2D$Float$CopyIterator
ciInstanceKlass java/awt/geom/Path2D$Iterator 1 1 56 10 7 12 1 1 1 9 7 12 1 1 1 10 7 12 1 1 1 9 12 1 1 9 12 1 9 12 1 1 9 12 1 9 12 1 1 100 1 1 1 1 1 1 1 1 1 1 1 1 1 1 1 1 1 1
staticfield java/awt/geom/Path2D$Iterator curvecoords [I 5
ciInstanceKlass java/awt/geom/Path2D$Float$CopyIterator 1 1 67 10 7 12 1 1 1 9 7 12 1 1 1 9 7 1 9 12 1 1 9 7 12 1 1 1 9 12 1 1 9 12 1 1 9 12 1 10 7 12 1 1 1 1 1 1 1 1 1 1 1 1 1 1 1 1 1 1 1 1 1 1 1 1 1 1 1
instanceKlass sun/java2d/marlin/DMarlinRenderingEngine$NormMode$3
instanceKlass sun/java2d/marlin/DMarlinRenderingEngine$NormMode$2
instanceKlass sun/java2d/marlin/DMarlinRenderingEngine$NormMode$1
ciInstanceKlass sun/java2d/marlin/DMarlinRenderingEngine$NormMode 1 1 71 7 1 9 12 1 1 9 12 1 9 12 1 9 12 1 1 10 100 12 1 1 10 7 12 1 1 1 10 12 1 1 7 1 8 10 7 1 8 10 7 1 8 10 10 12 1 1 1 1 1 1 1 1 1 1 1 1 1 1 1 1 1 1 1 1 7 1 1 1 1
staticfield sun/java2d/marlin/DMarlinRenderingEngine$NormMode ON_WITH_AA Lsun/java2d/marlin/DMarlinRenderingEngine$NormMode; sun/java2d/marlin/DMarlinRenderingEngine$NormMode$1
staticfield sun/java2d/marlin/DMarlinRenderingEngine$NormMode ON_NO_AA Lsun/java2d/marlin/DMarlinRenderingEngine$NormMode; sun/java2d/marlin/DMarlinRenderingEngine$NormMode$2
staticfield sun/java2d/marlin/DMarlinRenderingEngine$NormMode OFF Lsun/java2d/marlin/DMarlinRenderingEngine$NormMode; sun/java2d/marlin/DMarlinRenderingEngine$NormMode$3
staticfield sun/java2d/marlin/DMarlinRenderingEngine$NormMode $VALUES [Lsun/java2d/marlin/DMarlinRenderingEngine$NormMode; 3 [Lsun/java2d/marlin/DMarlinRenderingEngine$NormMode;
ciInstanceKlass sun/java2d/marlin/DMarlinRenderingEngine$NormMode$3 1 1 29 10 7 12 1 1 1 100 1 1 1 1 1 1 1 1 1 1 1 1 1 1 1 1 1 7 1 1 1
ciInstanceKlass java/awt/geom/Path2D$Float$TxIterator 1 1 74 10 7 12 1 1 1 9 7 12 1 1 1 9 7 1 9 12 1 1 9 12 1 1 9 7 12 1 1 1 9 12 1 1 9 12 1 1 9 12 1 10 7 12 1 1 1 10 12 1 1 1 1 1 1 1 1 1 1 1 1 1 1 1 1 1 1 1 1 1 1 1 1 1
ciInstanceKlass java/text/AttributedString 1 1 386 10 7 12 1 1 1 100 1 8 1 10 12 1 8 1 9 7 12 1 1 1 100 1 10 10 12 1 1 10 12 1 1 10 7 12 1 1 1 11 100 12 1 1 1 11 12 1 11 12 1 1 11 12 1 1 10 12 1 1 10 12 1 1 11 12 1 10 11 100 1 100 1 8 1 10 11 12 1 10 12 1 100 1 10 12 1 9 12 1 1 9 12 1 11 12 1 1 11 100 12 1 1 1 11 100 12 1 1 11 12 1 1 100 1 11 12 1 100 1 10 12 1 1 11 12 1 10 12 1 8 1 11 12 1 1 11 12 1 10 12 1 1 11 12 100 1 10 11 12 1 10 12 1 1 10 12 1 1 10 12 1 10 10 11 12 1 1 11 12 11 12 1 1 100 1 10 12 1 1 10 12 1 10 12 1 9 12 1 1 10 12 1 1 10 12 1 9 12 1 1 10 12 1 10 100 12 1 1 1 10 12 1 100 10 12 1 10 10 12 1 1 10 100 1 10 12 1 10 12 1 1 10 12 1 1 7 1 10 12 1 10 10 12 1 10 12 1 1 10 12 1 10 100 12 1 1 1 11 100 1 11 11 11 10 11 12 1 1 3 1 1 1 1 1 1 1 1 1 1 1 1 1 1 1 1 1 1 1 1 1 1 1 1 1 100 1 1 1 1 1 1 1 1 1 1 1 1 1 1 1 1 1 1 1 1 1 1 1 1 1 1 1 1 1 1 1 1 100 1 1 1 1 1 1 1 1 1 1 1 1 1 1 1 1 1 1 1 1 1 1 1 1 1 1 1 1 1 1 1 1 1 1 1 1 1 1 1 1 1 1 1 1 1 1 1 1 1 1 100 1 1 1 1 1 1
ciMethodData java/lang/Byte toUnsignedInt (B)I 2 25672 orig 80 0 0 0 0 0 0 0 0 0 0 0 0 0 0 0 0 0 0 0 0 0 0 0 0 0 0 0 0 0 0 0 0 0 0 0 0 0 0 0 0 0 0 0 0 0 0 0 0 0 0 0 0 0 0 0 0 0 0 0 0 0 0 0 0 0 0 0 0 0 0 0 0 0 0 0 0 0 0 0 0 data 4 0x0 0x9 0x1 0x0 oops 0 methods 0
ciMethodData java/lang/String isLatin1 ()Z 2 54410 orig 80 0 0 0 0 0 0 0 0 0 0 0 0 0 0 0 0 0 0 0 0 0 0 0 0 0 0 0 0 0 0 0 0 0 0 0 0 0 0 0 0 0 0 0 0 0 0 0 0 0 0 0 0 0 0 0 0 0 0 0 0 0 0 0 0 0 0 0 0 0 0 0 0 0 0 0 0 0 0 0 0 data 18 0x30007 0x0 0x58 0xd48b 0xa0007 0x2 0x38 0xd489 0xe0003 0xd489 0x18 0x0 0x0 0x0 0x0 0x9 0x1 0x0 oops 0 methods 0
ciMethodData java/lang/StringUTF16 getChar ([BI)C 1 142 orig 80 0 0 0 0 0 0 0 0 0 0 0 0 0 0 0 0 0 0 0 0 0 0 0 0 0 0 0 0 0 0 0 0 0 0 0 0 0 0 0 0 0 0 0 0 0 0 0 0 0 0 0 0 0 0 0 0 0 0 0 0 0 0 0 0 0 0 0 0 0 0 0 0 0 0 0 0 0 0 0 0 data 26 0x30007 0x8f 0x80 0x0 0x70007 0x0 0x50 0x0 0xc0002 0x0 0xf0007 0x0 0x30 0x0 0x180002 0x0 0x0 0x0 0x0 0x0 0x0 0x0 0x9 0x2 0x0 0x0 oops 0 methods 0
ciMethodData java/lang/String charAt (I)C 2 29144 orig 80 0 0 0 0 0 0 0 0 0 0 0 0 0 0 0 0 0 0 0 0 0 0 0 0 0 0 0 0 0 0 0 0 0 0 0 0 0 0 0 0 0 0 0 0 0 0 0 0 0 0 0 0 0 0 0 0 0 0 0 0 0 0 0 0 0 0 0 0 0 0 0 0 0 0 0 0 0 0 0 0 data 24 0x10005 0x193 0x25df84a1c28 0x7046 0x0 0x0 0x40007 0x0 0x30 0x71d9 0xc0002 0x71d9 0x150002 0x0 0x0 0x0 0x0 0x0 0x0 0x0 0x9 0x2 0x0 0x0 oops 1 2 java/lang/String methods 0
ciMethodData java/lang/String checkIndex (II)V 2 29144 orig 80 0 0 0 0 0 0 0 0 0 0 0 0 0 0 0 0 0 0 0 0 0 0 0 0 0 0 0 0 0 0 0 0 0 0 0 0 0 0 0 0 0 0 0 0 0 0 0 0 0 0 0 0 0 0 0 0 0 0 0 0 0 0 0 0 0 0 0 0 0 0 0 0 0 0 0 0 0 0 0 0 data 12 0x50002 0x71d9 0x0 0x0 0x0 0x0 0x0 0x0 0x9 0x2 0x0 0x0 oops 0 methods 0
ciMethodData java/lang/StringLatin1 charAt ([BI)C 2 29143 orig 80 0 0 0 0 0 0 0 0 0 0 0 0 0 0 0 0 0 0 0 0 0 0 0 0 0 0 0 0 0 0 0 0 0 0 0 0 0 0 0 0 0 0 0 0 0 0 0 0 0 0 0 0 0 0 0 0 0 0 0 0 0 0 0 0 0 0 0 0 0 0 0 0 0 0 0 0 0 0 0 0 data 12 0x30002 0x71d8 0x0 0x0 0x0 0x0 0x0 0x0 0x9 0x2 0x0 0x0 oops 0 methods 0
ciMethod javax/swing/JComponent getWidth ()I 512 0 7014 0 -1
ciMethod javax/swing/JComponent getHeight ()I 512 0 7014 0 -1
ciMethodData java/lang/Object <init> ()V 2 431065 orig 80 0 0 0 0 0 0 0 0 0 0 0 0 0 0 0 0 0 0 0 0 0 0 0 0 0 0 0 0 0 0 0 0 0 0 0 0 0 0 0 0 0 0 0 0 0 0 0 0 0 0 0 0 0 0 0 0 0 0 0 0 0 0 0 0 0 0 0 0 0 0 0 0 0 0 0 0 0 0 0 0 data 4 0x0 0x9 0x1 0x0 oops 0 methods 0
ciMethod java/awt/Graphics setColor (Ljava/awt/Color;)V 0 0 1 0 -1
ciMethod java/awt/Graphics setFont (Ljava/awt/Font;)V 0 0 1 0 -1
ciMethod java/awt/Graphics getFontMetrics ()Ljava/awt/FontMetrics; 0 0 1 0 -1
ciMethod java/awt/Graphics drawLine (IIII)V 0 0 1 0 -1
ciMethod java/awt/Graphics fillRect (IIII)V 0 0 1 0 -1
ciMethod java/awt/Graphics2D drawString (Ljava/lang/String;II)V 0 0 1 0 -1
ciMethod java/awt/Graphics2D setPaint (Ljava/awt/Paint;)V 0 0 1 0 -1
ciMethod java/awt/Transparency getTransparency ()I 0 0 1 0 -1
ciMethodData java/lang/String coder ()B 2 85147 orig 80 0 0 0 0 0 0 0 0 0 0 0 0 0 0 0 0 0 0 0 0 0 0 0 0 0 0 0 0 0 0 0 0 0 0 0 0 0 0 0 0 0 0 0 0 0 0 0 0 0 0 0 0 0 0 0 0 0 0 0 0 0 0 0 0 0 0 0 0 0 0 0 0 0 0 0 0 0 0 0 0 data 14 0x30007 0x0 0x38 0x14c9c 0xa0003 0x14c9c 0x18 0x0 0x0 0x0 0x0 0x9 0x1 0x0 oops 0 methods 0
ciMethodData java/lang/String length ()I 2 61598 orig 80 0 0 0 0 0 0 0 0 0 0 0 0 0 0 0 0 0 0 0 0 0 0 0 0 0 0 0 0 0 0 0 0 0 0 0 0 0 0 0 0 0 0 0 0 0 0 0 0 0 0 0 0 0 0 0 0 0 0 0 0 0 0 0 0 0 0 0 0 0 0 0 0 0 0 0 0 0 0 0 0 data 15 0x60005 0x81 0x25df84a1c28 0xf01e 0x0 0x0 0x0 0x0 0x0 0x0 0x0 0x0 0x9 0x1 0x0 oops 1 2 java/lang/String methods 0
ciMethodData java/lang/String hashCode ()I 2 11270 orig 80 1 0 0 0 0 0 0 0 0 0 0 0 0 0 0 0 0 0 0 0 0 0 0 0 0 0 0 0 0 0 0 0 0 0 0 0 0 0 0 1 0 0 0 0 0 0 0 0 0 0 0 0 0 0 0 0 0 0 0 0 0 0 0 0 0 0 0 0 0 0 0 0 0 0 0 0 0 0 0 0 data 41 0x60007 0x1b04 0x100 0x1103 0x80000006000d0007 0x4 0xe0 0x1100 0x110005 0x2f 0x25df84a1c28 0x10d1 0x0 0x0 0x140007 0x0 0x48 0x1100 0x1b0002 0x1100 0x1e0003 0x1100 0x28 0x250002 0x0 0x2a0007 0x1100 0x38 0x0 0x320003 0x0 0x18 0x0 0x0 0x0 0x0 0x0 0x0 0x9 0x1 0x0 oops 1 10 java/lang/String methods 0
ciMethodData java/lang/StringUTF16 length ([B)I 1 5 orig 80 0 0 0 0 0 0 0 0 0 0 0 0 0 0 0 0 0 0 0 0 0 0 0 0 0 0 0 0 0 0 0 0 0 0 0 0 0 0 0 0 0 0 0 0 0 0 0 0 0 0 0 0 0 0 0 0 0 0 0 0 0 0 0 0 0 0 0 0 0 0 0 0 0 0 0 0 0 0 0 0 data 6 0x0 0x0 0x0 0x9 0x1 0x0 oops 0 methods 0
ciMethodData java/lang/StringLatin1 hashCode ([B)I 2 4352 orig 80 0 0 0 0 0 0 0 0 0 0 0 0 0 0 0 0 0 0 0 0 0 0 0 0 0 0 0 0 0 0 0 0 0 0 0 0 0 0 0 0 0 0 0 0 0 0 0 0 0 0 0 0 0 0 0 0 0 0 0 0 0 0 0 0 0 0 0 0 0 0 0 0 0 0 0 0 0 0 0 0 data 11 0x50002 0x1100 0x0 0x0 0x0 0x0 0x0 0x0 0x9 0x1 0x0 oops 0 methods 0
ciMethodData jdk/internal/util/ArraysSupport hashCodeOfUnsigned ([BIII)I 2 4368 orig 80 0 0 0 0 0 0 0 0 0 0 0 0 0 0 0 0 0 0 0 0 0 0 0 0 0 0 0 0 0 0 0 0 0 0 0 0 0 0 0 0 0 0 0 0 0 0 0 0 0 0 0 0 0 0 0 0 0 0 0 0 0 0 0 0 0 0 0 0 0 0 0 0 0 0 0 0 0 0 0 0 data 30 0x10008 0x6 0x110d 0x80 0x0 0x40 0x3 0x58 0x1d0003 0x0 0x50 0x270002 0x3 0x2b0003 0x3 0x28 0x330002 0x110d 0x0 0x0 0x0 0x0 0x0 0x0 0x9 0x4 0x0 0x0 0x0 0x0 oops 0 methods 0
ciMethodData java/util/concurrent/ConcurrentHashMap get (Ljava/lang/Object;)Ljava/lang/Object; 2 6187 orig 80 0 0 0 0 0 0 0 0 0 0 0 0 0 0 0 0 0 0 0 0 0 0 0 0 0 0 0 0 0 0 0 0 0 0 0 0 0 0 0 0 0 0 0 0 0 0 0 0 0 0 0 0 0 0 0 0 0 0 0 0 0 0 0 0 0 0 0 0 0 0 0 0 0 0 0 0 0 0 0 0 data 97 0x10005 0x16db 0x25df84a1c28 0x14f 0x25df84a2cc0 0x1 0x40002 0x182b 0xf0007 0x23 0x278 0x1808 0x170007 0x0 0x258 0x1808 0x220002 0x1808 0x270007 0x722 0x228 0x10e6 0x330007 0x5c5 0xb0 0xb21 0x3e0007 0x34c 0x90 0x7d5 0x430007 0x0 0xf8 0x7d5 0x490005 0x126 0x25dfd7db0d0 0x67a 0x25df84a3ca8 0x35 0x4c0007 0x0 0xa8 0x7d5 0x560007 0x5c5 0x88 0x0 0x5d0005 0x0 0x0 0x0 0x0 0x0 0x630007 0x0 0x38 0x0 0x6b0003 0x0 0x18 0x760007 0x39d 0xd0 0x358 0x7f0007 0x130 0xffffffffffffffe0 0x228 0x8a0007 0x23 0x90 0x205 0x8f0007 0x0 0xffffffffffffffa0 0x205 0x950005 0x2f 0x25dfd7db0d0 0x1cb 0x25df84a1c28 0xb 0x980007 0x0 0xffffffffffffff50 0x205 0x0 0x0 0x0 0x0 0x0 0x0 0x9 0x2 0x0 0x0 oops 6 2 java/lang/String 4 java/lang/Thread 36 jdk/internal/util/StrongReferenceKey 38 java/lang/invoke/MemberName 79 jdk/internal/util/StrongReferenceKey 81 java/lang/String methods 0
ciMethodData java/util/concurrent/ConcurrentHashMap spread (I)I 2 7749 orig 80 0 0 0 0 0 0 0 0 0 0 0 0 0 0 0 0 0 0 0 0 0 0 0 0 0 0 0 0 0 0 0 0 0 0 0 0 0 0 0 0 0 0 0 0 0 0 0 0 0 0 0 0 0 0 0 0 0 0 0 0 0 0 0 0 0 0 0 0 0 0 0 0 0 0 0 0 0 0 0 0 data 5 0x0 0x0 0x9 0x1 0x0 oops 0 methods 0
ciMethodData java/util/concurrent/ConcurrentHashMap tabAt ([Ljava/util/concurrent/ConcurrentHashMap$Node;I)Ljava/util/concurrent/ConcurrentHashMap$Node; 2 5150 orig 80 0 0 0 0 0 0 0 0 0 0 0 0 0 0 0 0 0 0 0 0 0 0 0 0 0 0 0 0 0 0 0 0 0 0 0 0 0 0 0 0 0 0 0 0 0 0 0 0 0 0 0 0 0 0 0 0 0 0 0 0 0 0 0 0 0 0 0 0 0 0 0 0 0 0 0 0 0 0 0 0 data 25 0xe000b 0x81 0x25df84a4768 0x139d 0x0 0x0 0x2 0x1 0x25dfd7d9000 0x110104 0x0 0x25dfd7d8f58 0x858 0x25dfd4d60b8 0x80 0x0 0x0 0x0 0x0 0x0 0x0 0x9 0x2 0x0 0x0 oops 4 2 jdk/internal/misc/Unsafe 8 [Ljava/util/concurrent/ConcurrentHashMap$Node; 11 java/util/concurrent/ConcurrentHashMap$Node 13 java/util/concurrent/ConcurrentHashMap$ForwardingNode methods 0
ciMethodData java/lang/String equals (Ljava/lang/Object;)Z 2 5134 orig 80 0 0 0 0 0 0 0 0 0 0 0 0 0 0 0 0 0 0 0 0 0 0 0 0 0 0 0 0 0 0 0 0 0 0 0 0 0 0 0 0 0 0 0 0 0 0 0 0 0 0 0 0 0 0 0 0 0 0 0 0 0 0 0 0 0 0 0 0 0 0 0 0 0 0 0 0 0 0 0 0 data 47 0x20007 0xb9c 0x20 0x872 0x80104 0x0 0x25df84a1c28 0xb92 0x0 0x0 0xb0007 0xa 0xd8 0xb92 0xf0004 0x0 0x25df84a1c28 0xb92 0x0 0x0 0x160007 0x0 0x40 0xb92 0x210007 0x0 0x68 0xb92 0x2c0002 0xb92 0x2f0007 0x975 0x38 0x21d 0x330003 0x21d 0x18 0x0 0x0 0x0 0x0 0x0 0x0 0x9 0x2 0x0 0x0 oops 2 6 java/lang/String 16 java/lang/String methods 0
ciMethod java/awt/GraphicsEnvironment getLocalGraphicsEnvironment ()Ljava/awt/GraphicsEnvironment; 18 0 9 0 -1
ciMethod java/awt/GraphicsEnvironment isHeadless ()Z 62 0 31 0 -1
ciMethod java/awt/GraphicsEnvironment getDefaultScreenDevice ()Ljava/awt/GraphicsDevice; 0 0 1 0 -1
ciMethod java/awt/Font getAttributeValues ()Lsun/font/AttributeValues; 512 0 3862 0 0
ciMethod java/awt/Font getFont2D ()Lsun/font/Font2D; 512 0 5376 0 -1
ciMethod java/awt/Font <init> (Ljava/lang/String;II)V 438 0 1563 0 0
ciMethod java/awt/Font getTransform ()Ljava/awt/geom/AffineTransform; 0 0 1 0 -1
ciMethod java/awt/Font getStyle ()I 256 0 128 0 -1
ciMethod java/awt/Font getSize ()I 256 0 128 0 -1
ciMethod java/awt/Font getSize2D ()F 256 0 128 0 -1
ciMethod java/awt/Font isTransformed ()Z 256 0 128 0 -1
ciMethod java/awt/Font hasLayoutAttributes ()Z 256 0 128 0 0
ciMethod java/awt/Font hashCode ()I 512 0 3094 0 0
ciMethod java/awt/Font equals (Ljava/lang/Object;)Z 512 0 3089 0 0
ciMethod java/awt/Font getAttributes ()Ljava/util/Map; 550 0 1546 0 -1
ciMethod java/awt/Font getItalicAngle (Ljava/awt/font/FontRenderContext;)F 320 0 773 0 -1
ciMethod java/awt/Font defaultLineMetrics (Ljava/awt/font/FontRenderContext;)Lsun/font/FontLineMetrics; 1022 0 3092 0 -1
ciMethod java/awt/Font getLineMetrics ([CIILjava/awt/font/FontRenderContext;)Ljava/awt/font/LineMetrics; 512 0 1546 0 0
ciMethod java/awt/geom/AffineTransform <init> ()V 512 0 5381 0 96
ciMethod java/awt/geom/AffineTransform <init> (Ljava/awt/geom/AffineTransform;)V 512 0 5378 0 168
ciMethod java/awt/geom/AffineTransform <init> (DDDDDD)V 0 0 1 0 -1
ciMethod java/awt/geom/AffineTransform <init> ([D)V 514 0 4647 0 -1
ciMethod java/awt/geom/AffineTransform getTranslateInstance (DD)Ljava/awt/geom/AffineTransform; 512 0 6408 0 328
ciMethod java/awt/geom/AffineTransform getType ()I 524 0 20141 0 -1
ciMethod java/awt/geom/AffineTransform calculateType ()V 106 0 4661 0 -1
ciMethod java/awt/geom/AffineTransform getDeterminant ()D 768 0 5504 0 -1
ciMethod java/awt/geom/AffineTransform stateError ()V 0 0 1 0 -1
ciMethod java/awt/geom/AffineTransform getMatrix ([D)V 512 0 2330 0 -1
ciMethod java/awt/geom/AffineTransform getScaleX ()D 262 0 131 0 0
ciMethod java/awt/geom/AffineTransform getScaleY ()D 256 0 128 0 0
ciMethod java/awt/geom/AffineTransform getShearX ()D 256 0 128 0 0
ciMethod java/awt/geom/AffineTransform getShearY ()D 256 0 128 0 0
ciMethod java/awt/geom/AffineTransform getTranslateX ()D 264 0 132 0 0
ciMethod java/awt/geom/AffineTransform getTranslateY ()D 264 0 132 0 0
ciMethod java/awt/geom/AffineTransform translate (DD)V 512 0 4643 0 -1
ciMethod java/awt/geom/AffineTransform scale (DD)V 512 0 3869 0 -1
ciMethod java/awt/geom/AffineTransform setToTranslation (DD)V 510 0 5382 0 216
ciMethod java/awt/geom/AffineTransform preConcatenate (Ljava/awt/geom/AffineTransform;)V 376 0 1546 0 -1
ciMethod java/awt/geom/AffineTransform transform ([FI[FII)V 220 4194 952 0 -1
ciMethod java/awt/geom/AffineTransform transform ([DI[DII)V 512 1002 5498 0 -1
ciMethod java/awt/geom/AffineTransform deltaTransform ([DI[DII)V 512 512 5429 0 -1
ciMethod java/awt/geom/AffineTransform createTransformedShape (Ljava/awt/Shape;)Ljava/awt/Shape; 0 0 1 0 -1
ciMethod java/awt/geom/AffineTransform isIdentity ()Z 512 0 8467 0 160
ciMethod java/awt/geom/AffineTransform hashCode ()I 512 0 5380 0 664
ciMethod java/awt/geom/AffineTransform hash (D)J 516 0 5378 0 144
ciMethod java/awt/geom/AffineTransform equals (Ljava/lang/Object;)Z 514 0 5377 0 752
ciMethod java/awt/geom/AffineTransform equals (DD)Z 574 0 28092 0 0
ciMethod sun/font/AttributeValues <init> ()V 106 0 774 0 0
ciMethod sun/font/AttributeValues setFamily (Ljava/lang/String;)V 104 0 773 0 0
ciMethod sun/font/AttributeValues setWeight (F)V 104 0 773 0 0
ciMethod sun/font/AttributeValues setPosture (F)V 0 0 1 0 -1
ciMethod sun/font/AttributeValues setSize (F)V 104 0 773 0 0
ciMethod sun/font/AttributeValues getTransform ()Ljava/awt/geom/AffineTransform; 0 0 1 0 -1
ciMethod sun/font/AttributeValues getSuperscript ()I 256 0 128 0 -1
ciMethod sun/font/AttributeValues getRunDirection ()I 0 0 1 0 -1
ciMethod sun/font/AttributeValues getBidiEmbedding ()I 0 0 1 0 -1
ciMethod sun/font/AttributeValues getKerning ()I 0 0 1 0 -1
ciMethod sun/font/AttributeValues getLigatures ()I 0 0 1 0 -1
ciMethod sun/font/AttributeValues getCharTransform ()Ljava/awt/geom/AffineTransform; 0 0 1 0 -1
ciMethod sun/font/AttributeValues defineAll (I)V 104 0 773 0 0
ciMethod sun/font/AttributeValues setDefault (Lsun/font/EAttribute;)V 0 0 1 0 -1
ciMethod sun/font/AttributeValues fromMap (Ljava/util/Map;)Lsun/font/AttributeValues; 0 0 1 0 -1
ciMethod sun/font/AttributeValues equals (Lsun/font/AttributeValues;)Z 384 0 2316 0 0
ciMethod sun/font/AttributeValues equals (Ljava/lang/Object;Ljava/lang/Object;)Z 526 0 21617 0 -1
ciMethod sun/font/AttributeValues update (Lsun/font/EAttribute;)V 312 0 2319 0 0
ciMethod sun/font/AttributeValues i_equals (Lsun/font/EAttribute;Lsun/font/AttributeValues;)Z 512 0 2319 0 -1
ciMethod sun/font/AttributeValues i_validate (Lsun/font/EAttribute;)Z 512 0 2319 0 -1
ciMethod java/util/concurrent/atomic/AtomicBoolean compareAndSet (ZZ)Z 170 0 773 0 0
ciMethod java/util/concurrent/atomic/AtomicBoolean set (Z)V 426 0 773 0 0
ciMethod java/awt/geom/Point2D setLocation (Ljava/awt/geom/Point2D;)V 684 0 1546 0 -1
ciMethod sun/java2d/SurfaceData markDirty ()V 514 0 11074 0 110
ciMethod sun/java2d/SurfaceData isValid ()Z 256 0 128 0 0
ciMethod sun/java2d/SurfaceData canRenderLCDText (Lsun/java2d/SunGraphics2D;)Z 0 0 1 0 -1
ciMethod sun/java2d/SurfaceData canRenderParallelograms (Lsun/java2d/SunGraphics2D;)Z 108 0 776 0 -1
ciMethod sun/java2d/SurfaceData validatePipe (Lsun/java2d/SunGraphics2D;)V 512 0 3866 0 0
ciMethod sun/java2d/SurfaceData getTextPipe (Lsun/java2d/SunGraphics2D;Z)Lsun/java2d/pipe/TextPipe; 208 0 1548 0 -1
ciMethod sun/java2d/SurfaceData getPaintSurfaceType (Lsun/java2d/SunGraphics2D;)Lsun/java2d/loops/SurfaceType; 512 0 3097 0 -1
ciMethod sun/java2d/SurfaceData getFillCompositeType (Lsun/java2d/SunGraphics2D;)Lsun/java2d/loops/CompositeType; 512 0 3097 0 -1
ciMethod sun/java2d/SurfaceData getMaskFill (Lsun/java2d/SunGraphics2D;)Lsun/java2d/loops/MaskFill; 404 0 3090 0 -1
ciMethod sun/java2d/SurfaceData getRenderLoops (Lsun/java2d/SunGraphics2D;)Lsun/java2d/loops/RenderLoops; 0 0 1 0 -1
ciMethod sun/java2d/SurfaceData makeRenderLoops (Lsun/java2d/loops/SurfaceType;Lsun/java2d/loops/CompositeType;Lsun/java2d/loops/SurfaceType;)Lsun/java2d/loops/RenderLoops; 4 0 2 0 -1
ciMethod sun/java2d/SurfaceData getSurfaceType ()Lsun/java2d/loops/SurfaceType; 256 0 128 0 -1
ciMethod sun/java2d/SurfaceData pixelFor (I)I 512 0 5376 0 0
ciMethod sun/java2d/loops/SurfaceType pixelFor (ILjava/awt/image/ColorModel;)I 512 0 5376 0 0
ciMethod sun/awt/image/PixelConverter rgbToPixel (ILjava/awt/image/ColorModel;)I 0 0 1 0 -1
ciMethod sun/awt/image/PixelConverter$Xrgb rgbToPixel (ILjava/awt/image/ColorModel;)I 768 0 1408 0 80
ciMethod sun/java2d/StateTrackableDelegate markDirty ()V 556 0 33517 0 0
ciMethod sun/java2d/pipe/PixelDrawPipe drawLine (Lsun/java2d/SunGraphics2D;IIII)V 0 0 1 0 -1
ciMethod sun/java2d/pipe/ShapeDrawPipe fill (Lsun/java2d/SunGraphics2D;Ljava/awt/Shape;)V 0 0 1 0 -1
ciMethod sun/java2d/pipe/TextPipe drawString (Lsun/java2d/SunGraphics2D;Ljava/lang/String;DD)V 0 0 1 0 -1
ciMethod sun/java2d/pipe/ParallelogramPipe fillParallelogram (Lsun/java2d/SunGraphics2D;DDDDDDDDDD)V 0 0 1 0 -1
ciMethod sun/java2d/pipe/RenderingEngine getAATileGenerator (Ljava/awt/Shape;Ljava/awt/geom/AffineTransform;Lsun/java2d/pipe/Region;Ljava/awt/BasicStroke;ZZ[I)Lsun/java2d/pipe/AATileGenerator; 0 0 1 0 -1
ciMethod sun/java2d/marlin/DMarlinRenderingEngine strokeTo (Lsun/java2d/marlin/RendererContext;Ljava/awt/Shape;Ljava/awt/geom/AffineTransform;Ljava/awt/BasicStroke;ZLsun/java2d/marlin/DMarlinRenderingEngine$NormMode;ZLsun/java2d/marlin/DPathConsumer2D;)V 0 0 1 0 -1
ciMethod sun/java2d/marlin/DMarlinRenderingEngine pathTo (Lsun/java2d/marlin/RendererContext;Ljava/awt/geom/PathIterator;Lsun/java2d/marlin/DPathConsumer2D;)V 1024 0 1546 0 -1
ciMethod sun/java2d/marlin/DMarlinRenderingEngine getAATileGenerator (Ljava/awt/Shape;Ljava/awt/geom/AffineTransform;Lsun/java2d/pipe/Region;Ljava/awt/BasicStroke;ZZ[I)Lsun/java2d/pipe/AATileGenerator; 1024 0 1546 0 -1
ciMethod sun/java2d/marlin/DMarlinRenderingEngine getRendererContext ()Lsun/java2d/marlin/RendererContext; 512 0 2320 0 -1
ciMethod sun/java2d/marlin/MarlinProperties isDoClipAtRuntime ()Z 0 0 1 0 -1
ciMethod sun/java2d/ReentrantContextProviderTL acquire ()Lsun/java2d/ReentrantContext; 512 0 4640 0 0
ciMethod sun/java2d/ReentrantContextProviderTL release (Lsun/java2d/ReentrantContext;)V 512 0 4640 0 0
ciMethod sun/java2d/ReentrantContextProvider newContext ()Lsun/java2d/ReentrantContext; 0 0 1 0 -1
ciMethod sun/java2d/ReentrantContextProvider acquire ()Lsun/java2d/ReentrantContext; 0 0 1 0 -1
ciMethod sun/java2d/ReentrantContextProvider release (Lsun/java2d/ReentrantContext;)V 0 0 1 0 -1
ciMethod sun/java2d/ReentrantContextProvider getOrCreateReference (Lsun/java2d/ReentrantContext;)Ljava/lang/ref/Reference; 4 0 2 0 -1
ciMethod sun/java2d/ReentrantContextProviderCLQ acquire ()Lsun/java2d/ReentrantContext; 0 0 1 0 -1
ciMethod sun/java2d/ReentrantContextProviderCLQ release (Lsun/java2d/ReentrantContext;)V 0 0 1 0 -1
ciMethod sun/java2d/pipe/OutlineTextRenderer drawString (Lsun/java2d/SunGraphics2D;Ljava/lang/String;DD)V 340 0 1546 0 0
ciMethod sun/java2d/pipe/AATextRenderer drawGlyphList (Lsun/java2d/SunGraphics2D;Lsun/font/GlyphList;)V 0 0 1 0 0
ciMethod sun/java2d/pipe/GlyphListLoopPipe drawGlyphList (Lsun/java2d/SunGraphics2D;Lsun/font/GlyphList;I)V 0 0 1 0 -1
ciMethod sun/java2d/pipe/GlyphListLoopPipe drawGlyphListSegment (Lsun/java2d/SunGraphics2D;Lsun/font/GlyphList;IIIZ)V 0 0 1 0 -1
ciMethod sun/java2d/pipe/GlyphListPipe drawString (Lsun/java2d/SunGraphics2D;Ljava/lang/String;DD)V 512 0 2319 0 0
ciMethod sun/java2d/pipe/GlyphListPipe drawGlyphList (Lsun/java2d/SunGraphics2D;Lsun/font/GlyphList;)V 0 0 1 0 -1
ciMethod sun/font/FontUtilities getFont2D (Ljava/awt/Font;)Lsun/font/Font2D; 510 0 5410 0 -1
ciMethod sun/font/FontUtilities isNonSimpleChar (C)Z 0 0 1 0 -1
ciMethod sun/java2d/pipe/CompositePipe startSequence (Lsun/java2d/SunGraphics2D;Ljava/awt/Shape;Ljava/awt/Rectangle;[I)Ljava/lang/Object; 0 0 1 0 -1
ciMethod sun/java2d/pipe/CompositePipe needTile (Ljava/lang/Object;IIII)Z 0 0 1 0 -1
ciMethod sun/java2d/pipe/CompositePipe renderPathTile (Ljava/lang/Object;[BIIIIII)V 0 0 1 0 -1
ciMethod sun/java2d/pipe/CompositePipe skipTile (Ljava/lang/Object;II)V 0 0 1 0 -1
ciMethod sun/java2d/pipe/CompositePipe endSequence (Ljava/lang/Object;)V 0 0 1 0 -1
ciMethod sun/java2d/pipe/PixelToShapeConverter drawLine (Lsun/java2d/SunGraphics2D;IIII)V 0 0 1 0 -1
ciMethod sun/java2d/pipe/PixelToParallelogramConverter drawLine (Lsun/java2d/SunGraphics2D;IIII)V 512 0 6113 0 0
ciMethod sun/java2d/pipe/PixelToParallelogramConverter fill (Lsun/java2d/SunGraphics2D;Ljava/awt/Shape;)V 1024 0 1546 0 0
ciMethod sun/java2d/pipe/PixelToParallelogramConverter len (DD)D 516 0 5379 0 -1
ciMethod sun/java2d/pipe/PixelToParallelogramConverter normalize (D)D 520 0 25124 0 -1
ciMethod sun/java2d/pipe/PixelToParallelogramConverter drawGeneralLine (Lsun/java2d/SunGraphics2D;DDDD)Z 510 0 5429 0 -1
ciMethod sun/java2d/pipe/PixelToParallelogramConverter fillRectangle (Lsun/java2d/SunGraphics2D;DDDD)V 1024 0 1551 0 -1
ciMethod sun/java2d/pipe/TextRenderer drawGlyphList (Lsun/java2d/SunGraphics2D;Lsun/font/GlyphList;)V 308 6144 773 0 -1
ciMethod sun/java2d/pipe/Region getLoX ()I 256 0 128 0 -1
ciMethod sun/java2d/pipe/Region getLoY ()I 256 0 128 0 -1
ciMethod sun/java2d/pipe/Region getHiX ()I 256 0 128 0 -1
ciMethod sun/java2d/pipe/Region getHiY ()I 256 0 128 0 -1
ciMethod sun/java2d/pipe/Region getWidth ()I 512 0 3866 0 -1
ciMethod sun/java2d/pipe/Region getHeight ()I 770 0 3866 0 -1
ciMethod sun/java2d/pipe/AAShapePipe fill (Lsun/java2d/SunGraphics2D;Ljava/awt/Shape;)V 1024 0 1546 0 0
ciMethod sun/java2d/pipe/AAShapePipe renderPath (Lsun/java2d/SunGraphics2D;Ljava/awt/Shape;Ljava/awt/BasicStroke;)V 1024 0 1546 0 0
ciMethod sun/java2d/pipe/AAShapePipe renderTiles (Lsun/java2d/SunGraphics2D;Ljava/awt/Shape;Lsun/java2d/pipe/AATileGenerator;[ILsun/java2d/pipe/AAShapePipe$TileState;)V 164 120862 166 0 -1
ciMethod sun/java2d/loops/RenderCache get (Lsun/java2d/loops/SurfaceType;Lsun/java2d/loops/CompositeType;Lsun/java2d/loops/SurfaceType;)Ljava/lang/Object; 512 364 5421 0 -1
ciMethod sun/java2d/loops/RenderCache put (Lsun/java2d/loops/SurfaceType;Lsun/java2d/loops/CompositeType;Lsun/java2d/loops/SurfaceType;Ljava/lang/Object;)V 10 0 5 0 -1
ciMethod java/awt/GraphicsDevice getDefaultConfiguration ()Ljava/awt/GraphicsConfiguration; 0 0 1 0 -1
ciMethodData java/lang/ref/Reference <init> (Ljava/lang/Object;Ljava/lang/ref/ReferenceQueue;)V 2 6966 orig 80 0 0 0 0 0 0 0 0 0 0 0 0 0 0 0 0 0 0 0 0 0 0 0 0 0 0 0 0 0 0 0 0 0 0 0 0 0 0 0 0 0 0 0 0 0 0 0 0 0 0 0 0 0 0 0 0 0 0 0 0 0 0 0 0 0 0 0 0 0 0 0 0 0 0 0 0 0 0 0 0 data 20 0x10002 0x1b36 0xb0007 0x475 0x38 0x16c1 0x110003 0x16c1 0x18 0x0 0x0 0x0 0x0 0x0 0x0 0x9 0x3 0x0 0x0 0x0 oops 0 methods 0
ciMethod java/awt/GraphicsConfiguration getDefaultTransform ()Ljava/awt/geom/AffineTransform; 0 0 1 0 -1
ciMethod java/awt/Shape getPathIterator (Ljava/awt/geom/AffineTransform;)Ljava/awt/geom/PathIterator; 0 0 1 0 -1
ciMethod java/awt/Rectangle <init> (IIII)V 512 0 9315 0 -1
ciMethod java/awt/geom/RectangularShape getX ()D 0 0 1 0 -1
ciMethod java/awt/geom/RectangularShape getY ()D 0 0 1 0 -1
ciMethod java/awt/geom/RectangularShape getWidth ()D 0 0 1 0 -1
ciMethod java/awt/geom/RectangularShape getHeight ()D 0 0 1 0 -1
ciMethod java/awt/Color testColorValueRange (IIII)V 514 0 4709 0 0
ciMethod java/awt/Color <init> (III)V 514 0 2387 0 -1
ciMethod java/awt/Color <init> (IIII)V 514 0 4704 0 0
ciMethod java/awt/Color getRGB ()I 256 0 128 0 0
ciMethod sun/awt/SunHints$Key isCompatibleValue (Ljava/lang/Object;)Z 514 0 6185 0 0
ciMethod java/awt/RenderingHints$Key isCompatibleValue (Ljava/lang/Object;)Z 0 0 1 0 -1
ciMethod sun/awt/SunHints$Value get (II)Lsun/awt/SunHints$Value; 512 0 3852 0 184
ciMethod sun/awt/SunHints$Value getIndex ()I 256 0 128 0 -1
ciMethod sun/awt/SunHints$Value isCompatibleKey (Lsun/awt/SunHints$Key;)Z 514 0 6185 0 -1
ciMethod sun/awt/SunHints$Value hashCode ()I 512 0 5376 0 128
ciMethod java/awt/font/FontRenderContext <init> (Ljava/awt/geom/AffineTransform;ZZ)V 8 0 4 0 -1
ciMethod java/awt/font/FontRenderContext <init> (Ljava/awt/geom/AffineTransform;Ljava/lang/Object;Ljava/lang/Object;)V 128 0 773 0 0
ciMethod java/awt/font/FontRenderContext getTransform ()Ljava/awt/geom/AffineTransform; 246 0 3099 0 -1
ciMethod java/awt/font/FontRenderContext getAntiAliasingHint ()Ljava/lang/Object; 238 0 3095 0 -1
ciMethod java/awt/font/FontRenderContext getFractionalMetricsHint ()Ljava/lang/Object; 238 0 3095 0 -1
ciMethod java/awt/font/FontRenderContext equals (Ljava/awt/font/FontRenderContext;)Z 512 0 5379 0 920
ciMethod java/awt/font/FontRenderContext hashCode ()I 512 0 3094 0 0
ciMethodData java/lang/ThreadLocal get ()Ljava/lang/Object; 2 4640 orig 80 0 0 0 0 0 0 0 0 0 0 0 0 0 0 0 0 0 0 0 0 0 0 0 0 0 0 0 0 0 0 0 0 0 0 0 0 0 0 0 0 0 0 0 0 0 0 0 0 0 0 0 0 0 0 0 0 0 0 0 0 0 0 0 0 0 0 0 0 0 0 0 0 0 0 0 0 0 0 0 0 data 17 0x10002 0x1220 0x40005 0x1220 0x0 0x0 0x0 0x0 0x0 0x0 0x0 0x0 0x0 0x0 0x9 0x1 0x0 oops 0 methods 0
ciMethodData java/lang/ThreadLocal get (Ljava/lang/Thread;)Ljava/lang/Object; 2 4721 orig 80 0 0 0 0 0 0 0 0 0 0 0 0 0 0 0 0 0 0 0 0 0 0 0 0 0 0 0 0 0 0 0 0 0 0 0 0 0 0 0 0 0 0 0 0 0 0 0 0 0 0 0 0 0 0 0 0 0 0 0 0 0 0 0 0 0 0 0 0 0 0 0 0 0 0 0 0 0 0 0 0 data 36 0x20005 0xf 0x25dfeabc5f0 0x1220 0x25dfead1220 0x42 0x70007 0x2 0x70 0x126f 0xc0005 0x126f 0x0 0x0 0x0 0x0 0x110007 0x3 0x20 0x126c 0x1f0005 0x5 0x0 0x0 0x0 0x0 0x0 0x0 0x0 0x0 0x0 0x0 0x9 0x2 0x0 0x0 oops 2 2 java/lang/ThreadLocal 4 sun/nio/ch/Util$1 methods 0
ciMethodData java/lang/Thread isVirtual ()Z 1 404 orig 80 0 0 0 0 0 0 0 0 0 0 0 0 0 0 0 0 0 0 0 0 0 0 0 0 0 0 0 0 0 0 0 0 0 0 0 0 0 0 0 0 0 0 0 0 0 0 0 0 0 0 0 0 0 0 0 0 0 0 0 0 0 0 0 0 0 0 0 0 0 0 0 0 0 0 0 0 0 0 0 0 data 15 0x10004 0x0 0x25df84a2cc0 0x8 0x25dfead28b0 0x18c 0x0 0x0 0x0 0x0 0x0 0x0 0x9 0x1 0x0 oops 2 2 java/lang/Thread 4 java/awt/EventDispatchThread methods 0
ciMethodData java/lang/ThreadLocal getMap (Ljava/lang/Thread;)Ljava/lang/ThreadLocal$ThreadLocalMap; 2 4729 orig 80 0 0 0 0 0 0 0 0 0 0 0 0 0 0 0 0 0 0 0 0 0 0 0 0 0 0 0 0 0 0 0 0 0 0 0 0 0 0 0 0 0 0 0 0 0 0 0 0 0 0 0 0 0 0 0 0 0 0 0 0 0 0 0 0 0 0 0 0 0 0 0 0 0 0 0 0 0 0 0 0 data 32 0x10004 0x12 0x25dfeabc5f0 0x1224 0x25dfead1220 0x43 0x40007 0x1224 0x50 0x55 0x80005 0x0 0x25dfead28b0 0x55 0x0 0x0 0xd0005 0x0 0x25dfead28b0 0x1224 0x0 0x0 0x0 0x0 0x0 0x0 0x0 0x0 0x9 0x2 0x0 0x0 oops 4 2 java/lang/ThreadLocal 4 sun/nio/ch/Util$1 12 java/awt/EventDispatchThread 18 java/awt/EventDispatchThread methods 0
ciMethodData java/lang/Thread terminatingThreadLocals ()Ljava/lang/ThreadLocal$ThreadLocalMap; 1 86 orig 80 0 0 0 0 0 0 0 0 0 0 0 0 0 0 0 0 0 0 0 0 0 0 0 0 0 0 0 0 0 0 0 0 0 0 0 0 0 0 0 0 0 0 0 0 0 0 0 0 0 0 0 0 0 0 0 0 0 0 0 0 0 0 0 0 0 0 0 0 0 0 0 0 0 0 0 0 0 0 0 0 data 7 0x0 0x0 0x0 0x0 0x9 0x1 0x0 oops 0 methods 0
ciMethodData java/lang/ThreadLocal createMap (Ljava/lang/Thread;Ljava/lang/Object;)V 1 2 orig 80 0 0 0 0 0 0 0 0 0 0 0 0 0 0 0 0 0 0 0 0 0 0 0 0 0 0 0 0 0 0 0 0 0 0 0 0 0 0 0 0 0 0 0 0 0 0 0 0 0 0 0 0 0 0 0 0 0 0 0 0 0 0 0 0 0 0 0 0 0 0 0 0 0 0 0 0 0 0 0 0 data 38 0x60002 0x2 0xb0004 0x0 0x25dfeabc5f0 0x1 0x25dfead1220 0x1 0xe0007 0x1 0x68 0x1 0x130005 0x0 0x25dfead28b0 0x1 0x0 0x0 0x160003 0x1 0x48 0x1b0005 0x0 0x25dfead28b0 0x1 0x0 0x0 0x0 0x0 0x0 0x0 0x0 0x0 0x9 0x3 0x0 0x0 0x0 oops 4 4 java/lang/ThreadLocal 6 sun/nio/ch/Util$1 14 java/awt/EventDispatchThread 23 java/awt/EventDispatchThread methods 0
ciMethodData java/lang/ref/SoftReference get ()Ljava/lang/Object; 2 10242 orig 80 1 0 0 0 0 0 0 0 0 0 0 0 0 0 0 0 0 0 0 0 0 0 0 0 0 0 0 0 0 0 0 0 0 0 0 0 0 0 0 1 0 0 0 0 0 0 0 0 0 0 0 0 0 0 0 0 0 0 0 0 0 0 0 0 0 0 0 0 0 0 0 0 0 0 0 0 0 0 0 0 data 19 0x10002 0x2802 0x60007 0x1 0x40 0x2801 0x8000000600110007 0x27f6 0x20 0xc 0x0 0x0 0x0 0x0 0x0 0x0 0x9 0x1 0x0 oops 0 methods 0
ciMethod sun/java2d/windows/GDIWindowSurfaceData validatePipe (Lsun/java2d/SunGraphics2D;)V 1024 0 772 0 0
ciMethod sun/java2d/windows/GDIWindowSurfaceData getRenderLoops (Lsun/java2d/SunGraphics2D;)Lsun/java2d/loops/RenderLoops; 1024 0 772 0 0
ciMethod sun/java2d/SunGraphics2D invalidatePipe ()V 512 0 1280 0 911
ciMethod sun/java2d/SunGraphics2D validatePipe ()V 512 0 4638 0 0
ciMethod sun/java2d/SunGraphics2D getCompClip ()Lsun/java2d/pipe/Region; 512 0 3866 0 0
ciMethod sun/java2d/SunGraphics2D getFont ()Ljava/awt/Font; 340 0 1546 0 0
ciMethod sun/java2d/SunGraphics2D checkFontInfo (Lsun/java2d/loops/FontInfo;Ljava/awt/Font;Ljava/awt/font/FontRenderContext;)Lsun/java2d/loops/FontInfo; 306 1224 2316 0 -1
ciMethod sun/java2d/SunGraphics2D setFont (Ljava/awt/Font;)V 512 0 5377 0 186
ciMethod sun/java2d/SunGraphics2D getFontInfo ()Lsun/java2d/loops/FontInfo; 512 0 3860 0 0
ciMethod sun/java2d/SunGraphics2D getFontMetrics ()Ljava/awt/FontMetrics; 400 0 1545 0 0
ciMethod sun/java2d/SunGraphics2D getSurfaceData ()Lsun/java2d/SurfaceData; 256 0 128 0 -1
ciMethod sun/java2d/SunGraphics2D validateColor ()V 512 0 5376 0 512
ciMethod sun/java2d/SunGraphics2D setColor (Ljava/awt/Color;)V 512 0 4652 0 0
ciMethod sun/java2d/SunGraphics2D untransformShape (Ljava/awt/Shape;)Ljava/awt/Shape; 512 0 1554 0 -1
ciMethod sun/java2d/SunGraphics2D drawLine (IIII)V 512 0 5429 0 548
ciMethod sun/java2d/SunGraphics2D revalidateAll ()V 0 0 1 0 -1
ciMethod sun/java2d/SunGraphics2D fill (Ljava/awt/Shape;)V 596 0 1546 0 0
ciMethod sun/java2d/SunGraphics2D drawString (Ljava/lang/String;II)V 512 0 2319 0 0
ciMethod sun/java2d/SunGraphics2D getFontRenderContext ()Ljava/awt/font/FontRenderContext; 512 0 3090 0 0
ciMethod java/awt/AlphaComposite getAlpha ()F 8 0 4 0 -1
ciMethod java/awt/geom/Path2D <init> (II)V 332 0 3104 0 0
ciMethod java/awt/geom/Path2D closePath ()V 506 0 1656 0 -1
ciMethod java/awt/geom/Path2D append (Ljava/awt/Shape;Z)V 1024 0 1546 0 0
ciMethod java/awt/geom/Path2D append (Ljava/awt/geom/PathIterator;Z)V 0 0 1 0 -1
ciMethod java/awt/geom/Path2D setWindingRule (I)V 512 0 9192 0 120
ciMethod java/awt/geom/Path2D$Float <init> (II)V 332 0 3104 0 0
ciMethod java/awt/geom/Path2D$Float moveTo (FF)V 506 0 1656 0 -1
ciMethod java/awt/geom/Path2D$Float lineTo (FF)V 876 0 5558 0 -1
ciMethod java/awt/geom/Path2D$Float quadTo (FFFF)V 768 0 2944 0 -1
ciMethod java/awt/geom/Path2D$Float curveTo (FFFFFF)V 0 0 1 0 -1
ciMethod java/awt/geom/Path2D$Float append (Ljava/awt/geom/PathIterator;Z)V 256 6012 828 0 5952
ciMethod java/awt/geom/Path2D$Float transform (Ljava/awt/geom/AffineTransform;)V 512 0 5376 0 160
ciMethod java/awt/geom/Path2D$Float getPathIterator (Ljava/awt/geom/AffineTransform;)Ljava/awt/geom/PathIterator; 512 0 8976 0 344
ciMethod sun/java2d/loops/MaskFill canDoParallelograms ()Z 302 0 2317 0 -1
ciMethod Tetrixel drawMainMenu (Ljava/awt/Graphics2D;)V 202 12288 773 0 -1
ciMethodData Tetrixel drawMainMenu (Ljava/awt/Graphics2D;)V 2 672 orig 80 0 0 0 0 0 0 0 0 0 0 0 0 0 0 0 0 0 0 0 0 0 0 0 0 0 0 0 0 0 0 0 0 0 0 0 0 0 0 0 0 0 0 0 0 0 0 0 0 0 0 0 0 0 0 0 0 0 0 0 0 0 0 0 0 0 0 0 0 0 0 0 0 0 0 0 0 0 0 0 0 data 161 0x10005 0x0 0x25dfd071fc8 0x2a0 0x0 0x0 0x60005 0x0 0x25dfd071fc8 0x2a0 0x0 0x0 0x190002 0x2a0 0x290002 0x2a0 0x2c0002 0x2a0 0x340005 0x0 0x25dfd072848 0x2a0 0x0 0x0 0x3c0005 0x0 0x25dfd072848 0x2a0 0x0 0x0 0x4f0002 0x2a0 0x520005 0x0 0x25dfd072848 0x2a0 0x0 0x0 0x580003 0x2a0 0x48 0x620005 0x0 0x25dfd072848 0x6645 0x0 0x0 0x6b0007 0x6645 0xffffffffffffffd0 0x29f 0x710003 0x29f 0x48 0x7b0005 0x0 0x25dfd072848 0x39aa 0x0 0x0 0x840007 0x39aa 0xffffffffffffffd0 0x29f 0x920002 0x29f 0x950005 0x0 0x25dfd072848 0x29f 0x0 0x0 0x9e0005 0x0 0x25dfd072848 0x29f 0x0 0x0 0xa30005 0x0 0x25dfd0728f0 0x29f 0x0 0x0 0xb20002 0x29f 0xb50005 0x0 0x25dfd072848 0x29f 0x0 0x0 0xc80005 0x0 0x25dfd072848 0x29f 0x0 0x0 0xd70002 0x29f 0xda0005 0x0 0x25dfd072848 0x29f 0x0 0x0 0xe90005 0x0 0x25dfd072848 0x29f 0x0 0x0 0xf70002 0x29f 0xfa0005 0x0 0x25dfd072848 0x29f 0x0 0x0 0x1030002 0x29f 0x10b0002 0x29f 0x1220002 0x29f 0x1250005 0x0 0x25dfd072848 0x29f 0x0 0x0 0x12e0005 0x0 0x25dfd072848 0x29f 0x0 0x0 0x1330005 0x0 0x25dfd0728f0 0x29f 0x0 0x0 0x1470005 0x0 0x25dfd072848 0x29f 0x0 0x0 0x0 0x0 0x0 0x0 0x0 0x0 0x0 0x9 0x2 0x0 0x0 oops 19 2 Tetrixel 8 Tetrixel 20 sun/java2d/SunGraphics2D 26 sun/java2d/SunGraphics2D 34 sun/java2d/SunGraphics2D 43 sun/java2d/SunGraphics2D 56 sun/java2d/SunGraphics2D 68 sun/java2d/SunGraphics2D 74 sun/java2d/SunGraphics2D 80 sun/font/FontDesignMetrics 88 sun/java2d/SunGraphics2D 94 sun/java2d/SunGraphics2D 102 sun/java2d/SunGraphics2D 108 sun/java2d/SunGraphics2D 116 sun/java2d/SunGraphics2D 128 sun/java2d/SunGraphics2D 134 sun/java2d/SunGraphics2D 140 sun/font/FontDesignMetrics 146 sun/java2d/SunGraphics2D methods 0
ciMethod sun/font/CoreMetrics <init> (FFFFI[FFFFFFF)V 320 0 773 0 -1
ciMethod sun/font/CoreMetrics get (Ljava/awt/font/LineMetrics;)Lsun/font/CoreMetrics; 512 0 1546 0 0
ciMethod sun/font/FontLineMetrics <init> (ILsun/font/CoreMetrics;Ljava/awt/font/FontRenderContext;)V 320 0 773 0 -1
ciMethod sun/font/FontLineMetrics clone ()Ljava/lang/Object; 1024 0 3092 0 -1
ciMethod java/awt/font/TextLine <init> (Ljava/awt/font/FontRenderContext;[Lsun/font/TextLineComponent;[F[CII[I[BZ)V 768 0 1546 0 -1
ciMethod java/awt/font/TextLine isDirectionLTR ()Z 256 0 128 0 0
ciMethod java/awt/font/TextLine getMetrics ()Ljava/awt/font/TextLine$TextLineMetrics; 256 0 128 0 0
ciMethod java/awt/font/TextLine visualToLogical (I)I 546 0 1546 0 0
ciMethod java/awt/font/TextLine isCharSpace (I)Z 546 0 1546 0 0
ciMethod java/awt/font/TextLine getCharAdvance (I)F 0 0 1 0 -1
ciMethod java/awt/font/TextLine getCharLinePosition (I)F 0 0 1 0 -1
ciMethod java/awt/font/TextLine getComponentLogicalIndex (I)I 1024 0 3092 0 0
ciMethod java/awt/font/TextLine getOutline ()Ljava/awt/Shape; 850 850 1546 0 0
ciMethod java/awt/font/TextLine fastCreateTextLine (Ljava/awt/font/FontRenderContext;[CLjava/awt/Font;Lsun/font/CoreMetrics;Ljava/util/Map;)Ljava/awt/font/TextLine; 512 0 1546 0 -1
ciMethod java/awt/font/TextLine createComponentsOnRun (II[C[I[BLsun/font/TextLabelFactory;Ljava/awt/Font;Lsun/font/CoreMetrics;Ljava/awt/font/FontRenderContext;Lsun/font/Decoration;[Lsun/font/TextLineComponent;I)[Lsun/font/TextLineComponent; 768 0 1546 0 -1
ciMethod java/awt/font/TextLine getLayoutPath ()Lsun/font/LayoutPathImpl; 256 0 128 0 -1
ciMethod java/text/Bidi <init> ([CI[BIII)V 0 0 1 0 -1
ciMethod java/text/Bidi isLeftToRight ()Z 0 0 1 0 -1
ciMethod java/text/Bidi requiresBidi ([CII)Z 768 0 1546 0 -1
ciMethod sun/font/FontDesignMetrics getDefaultFrc ()Ljava/awt/font/FontRenderContext; 654 0 1546 0 0
ciMethod sun/font/FontDesignMetrics getMetrics (Ljava/awt/Font;Ljava/awt/font/FontRenderContext;)Lsun/font/FontDesignMetrics; 400 218 1545 0 0
ciMethod sun/font/FontDesignMetrics <init> (Ljava/awt/Font;Ljava/awt/font/FontRenderContext;)V 4 0 2 0 -1
ciMethod sun/font/FontDesignMetrics handleCharWidth (I)F 30 0 15 0 -1
ciMethod sun/font/FontDesignMetrics getLatinCharWidth (C)F 520 0 16408 0 0
ciMethod sun/font/FontDesignMetrics stringWidth (Ljava/lang/String;)I 294 4104 1172 0 984
ciMethod java/awt/FontMetrics stringWidth (Ljava/lang/String;)I 0 0 1 0 -1
ciMethod sun/font/FontDesignMetrics$MetricsKey <init> (Ljava/awt/Font;Ljava/awt/font/FontRenderContext;)V 4 0 2 0 -1
ciMethod sun/font/FontDesignMetrics$MetricsKey init (Ljava/awt/Font;Ljava/awt/font/FontRenderContext;)V 512 0 1548 0 0
ciMethod sun/font/FontDesignMetrics$MetricsKey equals (Ljava/lang/Object;)Z 512 0 1544 0 0
ciMethod sun/font/FontDesignMetrics$MetricsKey hashCode ()I 256 0 128 0 0
ciMethod sun/font/FontStrikeDesc getAAHintIntVal (Ljava/lang/Object;Lsun/font/Font2D;I)I 512 0 3093 0 -1
ciMethod sun/font/FontStrikeDesc getFMHintIntVal (Ljava/lang/Object;)I 512 0 3095 0 -1
ciMethod sun/font/FontStrikeDesc <init> (Ljava/awt/geom/AffineTransform;Ljava/awt/geom/AffineTransform;III)V 516 0 5379 0 -1
ciMethod sun/font/FontDesignMetrics$KeyReference <init> (Ljava/lang/Object;Ljava/lang/Object;)V 4 0 2 0 -1
ciMethod sun/java2d/loops/FontInfo <init> ()V 188 0 773 0 -1
ciMethod java/awt/font/TextLayout <init> (Ljava/lang/String;Ljava/awt/Font;Ljava/awt/font/FontRenderContext;)V 294 0 1546 0 0
ciMethod java/awt/font/TextLayout paragraphInit (BLsun/font/CoreMetrics;Ljava/util/Map;[C)V 0 0 1 0 -1
ciMethod java/awt/font/TextLayout fastInit ([CLjava/awt/Font;Ljava/util/Map;Ljava/awt/font/FontRenderContext;)V 512 0 1546 0 0
ciMethod java/awt/font/TextLayout ensureCache ()V 292 0 1546 0 0
ciMethod java/awt/font/TextLayout buildCache ()V 292 0 1546 0 0
ciMethod java/awt/font/TextLayout draw (Ljava/awt/Graphics2D;FF)V 0 0 1 0 -1
ciMethod java/awt/font/TextLayout sameBaselineUpTo (Ljava/awt/Font;[CII)I 512 0 1546 0 0
ciMethod java/awt/font/TextLayout getOutline (Ljava/awt/geom/AffineTransform;)Ljava/awt/Shape; 594 0 1546 0 0
ciMethod java/awt/GradientPaint <init> (FFLjava/awt/Color;FFLjava/awt/Color;)V 202 0 773 0 -1
ciMethod sun/java2d/pipe/AAShapePipe$TileState getAlphaTile (I)[B 164 0 166 0 -1
ciMethod sun/java2d/pipe/AAShapePipe$TileState computeDevBox ([I)Ljava/awt/Rectangle; 164 0 166 0 -1
ciMethod sun/java2d/ReentrantContextProvider$HardReference get ()Ljava/lang/Object; 256 0 128 0 0
ciMethod java/awt/geom/PathIterator getWindingRule ()I 0 0 1 0 -1
ciMethod java/awt/geom/PathIterator isDone ()Z 0 0 1 0 -1
ciMethod java/awt/geom/PathIterator next ()V 0 0 1 0 -1
ciMethod java/awt/geom/PathIterator currentSegment ([F)I 0 0 1 0 -1
ciMethod sun/java2d/marlin/TransformingPathConsumer2D pathClipper (Lsun/java2d/marlin/DPathConsumer2D;)Lsun/java2d/marlin/DPathConsumer2D; 1024 0 1546 0 -1
ciMethod sun/java2d/marlin/Renderer init (IIIII)Lsun/java2d/marlin/Renderer; 512 0 2320 0 -1
ciMethod sun/java2d/marlin/Renderer dispose ()V 162 0 2320 0 -1
ciMethod sun/java2d/marlin/Renderer endRendering ()Z 512 0 2320 0 -1
ciMethod sun/java2d/pipe/AATileGenerator getTileWidth ()I 0 0 1 0 -1
ciMethod sun/java2d/pipe/AATileGenerator getTileHeight ()I 0 0 1 0 -1
ciMethod sun/java2d/pipe/AATileGenerator getTypicalAlpha ()I 0 0 1 0 -1
ciMethod sun/java2d/pipe/AATileGenerator nextTile ()V 0 0 1 0 -1
ciMethod sun/java2d/pipe/AATileGenerator getAlpha ([BII)V 0 0 1 0 -1
ciMethod sun/java2d/pipe/AATileGenerator dispose ()V 0 0 1 0 -1
ciMethod sun/java2d/marlin/MarlinTileGenerator init ()Lsun/java2d/marlin/MarlinTileGenerator; 1024 0 2320 0 -1
ciMethod sun/java2d/marlin/MarlinTileGenerator getBbox ([I)V 1024 0 1536 0 -1
ciMethodData sun/java2d/StateTrackableDelegate markDirty ()V 2 33239 orig 80 0 0 0 0 0 0 0 0 0 0 0 0 0 0 0 0 0 0 0 0 0 0 0 0 0 0 0 0 0 0 0 0 0 0 0 0 0 0 0 0 0 0 0 0 0 0 0 0 0 0 0 0 0 0 0 0 0 0 0 0 0 0 0 0 0 0 0 0 0 0 0 0 0 0 0 0 0 0 0 0 data 6 0x0 0x0 0x0 0x9 0x1 0x0 oops 0 methods 0
ciMethodData java/lang/ref/WeakReference <init> (Ljava/lang/Object;)V 2 1580 orig 80 0 0 0 0 0 0 0 0 0 0 0 0 0 0 0 0 0 0 0 0 0 0 0 0 0 0 0 0 0 0 0 0 0 0 0 0 0 0 0 0 0 0 0 0 0 0 0 0 0 0 0 0 0 0 0 0 0 0 0 0 0 0 0 0 0 0 0 0 0 0 0 0 0 0 0 0 0 0 0 0 data 8 0x20002 0x62c 0x0 0x0 0x9 0x2 0xffffffffffffffff 0xffffffffffffffff oops 0 methods 0
ciMethodData java/lang/ref/Reference <init> (Ljava/lang/Object;)V 2 5679 orig 80 0 0 0 0 0 0 0 0 0 0 0 0 0 0 0 0 0 0 0 0 0 0 0 0 0 0 0 0 0 0 0 0 0 0 0 0 0 0 0 0 0 0 0 0 0 0 0 0 0 0 0 0 0 0 0 0 0 0 0 0 0 0 0 0 0 0 0 0 0 0 0 0 0 0 0 0 0 0 0 0 data 8 0x30002 0x162f 0x0 0x0 0x9 0x2 0xffffffffffffffff 0xffffffffffffffff oops 0 methods 0
ciMethod sun/java2d/loops/DrawGlyphList DrawGlyphList (Lsun/java2d/SunGraphics2D;Lsun/java2d/SurfaceData;Lsun/font/GlyphList;II)V 0 0 1 0 -1
ciMethod sun/java2d/loops/DrawGlyphListAA DrawGlyphListAA (Lsun/java2d/SunGraphics2D;Lsun/java2d/SurfaceData;Lsun/font/GlyphList;II)V 0 0 1 0 -1
ciMethod sun/java2d/loops/DrawGlyphListLCD DrawGlyphListLCD (Lsun/java2d/SunGraphics2D;Lsun/java2d/SurfaceData;Lsun/font/GlyphList;II)V 0 0 1 0 -1
ciMethod java/awt/BasicStroke getLineWidth ()F 258 0 129 0 -1
ciMethod java/awt/BasicStroke getEndCap ()I 256 0 128 0 -1
ciMethod java/awt/BasicStroke getDashArray ()[F 512 0 5429 0 -1
ciMethod sun/java2d/pipe/ValidatePipe validate (Lsun/java2d/SunGraphics2D;)Z 512 0 3954 0 0
ciMethod sun/java2d/pipe/ValidatePipe drawLine (Lsun/java2d/SunGraphics2D;IIII)V 178 0 89 0 0
ciMethod sun/java2d/pipe/ValidatePipe drawString (Lsun/java2d/SunGraphics2D;Ljava/lang/String;DD)V 768 0 1546 0 0
ciMethod sun/java2d/loops/DrawGlyphListColor DrawGlyphListColor (Lsun/java2d/SunGraphics2D;Lsun/java2d/SurfaceData;Lsun/font/GlyphList;II)V 0 0 1 0 -1
ciMethod sun/font/SunFontManager getInstance ()Lsun/font/SunFontManager; 512 0 3880 0 0
ciMethod sun/font/SunFontManager usingAlternateCompositeFonts ()Z 256 0 128 0 0
ciMethod sun/font/Font2D getMapper ()Lsun/font/CharToGlyphMapper; 0 0 1 0 -1
ciMethod sun/font/Font2D getStrike (Ljava/awt/Font;Ljava/awt/geom/AffineTransform;Ljava/awt/geom/AffineTransform;II)Lsun/font/FontStrike; 512 0 2319 0 -1
ciMethod sun/font/Font2D getStrike (Lsun/font/FontStrikeDesc;)Lsun/font/FontStrike; 130 0 3101 0 -1
ciMethod sun/font/Font2D getFontMetrics (Ljava/awt/Font;Ljava/awt/geom/AffineTransform;Ljava/lang/Object;Ljava/lang/Object;[F)V 320 0 773 0 -1
ciMethod sun/font/Font2D useAAForPtSize (I)Z 0 0 1 0 -1
ciMethod java/awt/geom/GeneralPath <init> (I)V 1024 0 3092 0 0
ciMethod sun/font/CharToGlyphMapper charsToGlyphsNS (I[C[I)Z 0 0 1 0 -1
ciMethod sun/font/FontStrike getGlyphImagePtrs ([I[JI)V 0 0 1 0 -1
ciMethod sun/font/FontStrike getGlyphOutline (IFF)Ljava/awt/geom/GeneralPath; 0 0 1 0 -1
ciMethod sun/font/GlyphList ensureCapacity (I)V 424 0 773 0 0
ciMethod sun/font/GlyphList <init> ()V 2 0 1 0 0
ciMethod sun/font/GlyphList getInstance ()Lsun/font/GlyphList; 170 0 773 0 0
ciMethod sun/font/GlyphList setFromString (Lsun/java2d/loops/FontInfo;Ljava/lang/String;FF)Z 170 0 773 0 0
ciMethod sun/font/GlyphList mapChars (Lsun/java2d/loops/FontInfo;I)Z 424 0 773 0 0
ciMethod sun/font/GlyphList startGlyphIteration ()V 308 0 773 0 -1
ciMethod sun/font/GlyphList getBounds (I)[I 308 0 773 0 -1
ciMethod sun/font/GlyphList setGlyphIndex (I)V 516 0 5380 0 -1
ciMethod sun/font/GlyphList getMetrics ()[I 280 0 140 0 -1
ciMethod sun/font/GlyphList getGrayBits ()[B 782 0 5542 0 -1
ciMethod sun/font/GlyphList dispose ()V 170 0 773 0 0
ciMethod sun/font/GlyphList getNumGlyphs ()I 256 0 128 0 -1
ciMethod sun/font/GlyphList canContainColorGlyphs ()Z 0 0 1 0 -1
ciMethod sun/font/GlyphList isColorGlyph (I)Z 768 0 5508 0 -1
ciMethod sun/font/FontManagerFactory getInstance ()Lsun/font/FontManager; 512 0 5377 0 112
ciMethod sun/font/PlatformFontInfo createFontManager ()Lsun/font/FontManager; 2 0 1 0 -1
ciMethodData java/lang/StringLatin1 inflate ([BI[CII)V 2 1247 orig 80 0 0 0 0 0 0 0 0 0 0 0 0 0 0 0 0 0 0 0 0 0 0 0 0 0 0 0 0 0 0 0 0 0 0 0 0 0 0 0 0 0 0 0 0 0 0 0 0 0 0 0 0 0 0 0 0 0 0 0 0 0 0 0 0 0 0 0 0 0 0 0 0 0 0 0 0 0 0 0 0 data 18 0x70007 0x4df 0x38 0x4007 0x1e0003 0x4007 0xffffffffffffffe0 0x0 0x0 0x0 0x0 0x9 0x5 0x0 0x0 0xffffffffffffffff 0x0 0x0 oops 0 methods 0
ciMethod sun/font/Decoration getDecoration (Lsun/font/AttributeValues;)Lsun/font/Decoration; 768 0 1546 0 -1
ciMethod sun/font/Decoration getOutline (Lsun/font/Decoration$Label;FF)Ljava/awt/Shape; 1024 0 1546 0 0
ciMethod sun/font/TextLabelFactory <init> (Ljava/awt/font/FontRenderContext;[CLjava/text/Bidi;I)V 768 0 1546 0 -1
ciMethod sun/font/TextLineComponent getOutline (FF)Ljava/awt/Shape; 0 0 1 0 -1
ciMethod sun/font/StandardTextSource getChars ()[C 256 0 128 0 0
ciMethod sun/font/StandardTextSource getStart ()I 256 0 128 0 0
ciMethod sun/font/StandardTextSource getLength ()I 256 0 128 0 0
ciMethod sun/font/StandardTextSource getLayoutFlags ()I 256 0 128 0 0
ciMethod sun/font/StandardTextSource getFRC ()Ljava/awt/font/FontRenderContext; 256 0 128 0 0
ciMethod sun/font/TextSource getChars ()[C 0 0 1 0 -1
ciMethod sun/font/TextSource getStart ()I 0 0 1 0 -1
ciMethod sun/font/TextSource getLength ()I 0 0 1 0 -1
ciMethod sun/font/TextSource getLayoutFlags ()I 0 0 1 0 -1
ciMethod sun/font/TextSource getFRC ()Ljava/awt/font/FontRenderContext; 0 0 1 0 -1
ciMethod sun/font/Decoration$Label handleGetOutline (FF)Ljava/awt/Shape; 0 0 1 0 -1
ciMethod sun/font/ExtendedTextSourceLabel handleGetOutline (FF)Ljava/awt/Shape; 1024 0 1546 0 0
ciMethod sun/font/ExtendedTextSourceLabel getOutline (FF)Ljava/awt/Shape; 1024 0 1546 0 0
ciMethod sun/font/ExtendedTextSourceLabel getGV ()Lsun/font/StandardGlyphVector; 1024 0 3092 0 0
ciMethod sun/font/ExtendedTextSourceLabel createGV ()Lsun/font/StandardGlyphVector; 640 0 1546 0 0
ciMethod sun/font/AttributeMap getValues ()Lsun/font/AttributeValues; 256 0 128 0 -1
ciMethod sun/font/GlyphLayout get (Lsun/font/GlyphLayout$LayoutEngineFactory;)Lsun/font/GlyphLayout; 896 0 1546 0 0
ciMethod sun/font/GlyphLayout done (Lsun/font/GlyphLayout;)V 896 0 1546 0 0
ciMethod sun/font/GlyphLayout layout (Ljava/awt/Font;Ljava/awt/font/FontRenderContext;[CIIILsun/font/StandardGlyphVector;)Lsun/font/StandardGlyphVector; 684 2048 1546 0 -1
ciMethod sun/font/GlyphLayout <init> ()V 2 0 1 0 -1
ciMethod sun/font/GlyphLayout init (I)V 684 0 1546 0 -1
ciMethod sun/font/GlyphLayout nextEngineRecord (IIIILsun/font/Font2D;I)V 684 0 1546 0 -1
ciMethod sun/font/SunLayoutEngine instance ()Lsun/font/GlyphLayout$LayoutEngineFactory; 1024 0 1546 0 0
ciMethod sun/font/SunLayoutEngine <init> ()V 2 0 1 0 -1
ciMethod sun/font/GlyphLayout$GVData grow ()V 0 0 1 0 -1
ciMethod sun/font/GlyphLayout$GVData createGlyphVector (Ljava/awt/Font;Ljava/awt/font/FontRenderContext;Lsun/font/StandardGlyphVector;)Lsun/font/StandardGlyphVector; 684 5472 1546 0 -1
ciMethod sun/font/TextRecord init ([CIIII)V 684 0 1546 0 -1
ciMethod sun/font/ScriptRun init ([CII)V 684 0 1546 0 -1
ciMethod sun/font/ScriptRun getScriptLimit ()I 256 0 128 0 -1
ciMethod sun/font/ScriptRun getScriptCode ()I 256 0 128 0 -1
ciMethod sun/font/ScriptRun next ()Z 768 3072 3092 0 -1
ciMethod sun/font/FontRunIterator init (Lsun/font/CompositeFont;[CII)V 684 0 1546 0 -1
ciMethod sun/font/FontRunIterator getFont ()Lsun/font/PhysicalFont; 684 0 1546 0 -1
ciMethod sun/font/FontRunIterator getGlyphMask ()I 684 0 1546 0 -1
ciMethod sun/font/FontRunIterator getPos ()I 256 0 128 0 -1
ciMethod sun/font/FontRunIterator next (II)Z 592 2072 3092 0 -1
ciMethod sun/font/GlyphLayout$SDCache get (Ljava/awt/Font;Ljava/awt/font/FontRenderContext;)Lsun/font/GlyphLayout$SDCache; 684 0 1546 0 -1
ciMethod sun/font/FontSubstitution getCompositeFont2D ()Lsun/font/CompositeFont; 0 0 1 0 -1
ciMethod sun/font/NativeFont getDelegateFont ()Lsun/font/PhysicalFont; 0 0 1 0 -1
ciMethod sun/font/GlyphLayout$EngineRecord layout ()V 684 0 1546 0 -1
ciMethodData java/lang/CharacterData of (I)Ljava/lang/CharacterData; 2 5123 orig 80 0 0 0 0 0 0 0 0 0 0 0 0 0 0 0 0 0 0 0 0 0 0 0 0 0 0 0 0 0 0 0 0 0 0 0 0 0 0 0 0 0 0 0 0 0 0 0 0 0 0 0 0 0 0 0 0 0 0 0 0 0 0 0 0 0 0 0 0 0 0 0 0 0 0 0 0 0 0 0 0 data 67 0x40007 0x0 0x20 0x1403 0xf0008 0x24 0x0 0x1c0 0x0 0x130 0x0 0x148 0x0 0x160 0x0 0x178 0x0 0x1c0 0x0 0x1c0 0x0 0x1c0 0x0 0x1c0 0x0 0x1c0 0x0 0x1c0 0x0 0x1c0 0x0 0x1c0 0x0 0x1c0 0x0 0x1c0 0x0 0x190 0x0 0x1a8 0x0 0x1a8 0x630003 0x0 0x90 0x690003 0x0 0x78 0x6f0003 0x0 0x60 0x750003 0x0 0x48 0x7b0003 0x0 0x30 0x810003 0x0 0x18 0x0 0x0 0x0 0x0 0x9 0x1 0x0 oops 0 methods 0
ciMethodData java/lang/ref/SoftReference <init> (Ljava/lang/Object;)V 2 3980 orig 80 0 0 0 0 0 0 0 0 0 0 0 0 0 0 0 0 0 0 0 0 0 0 0 0 0 0 0 0 0 0 0 0 0 0 0 0 0 0 0 0 0 0 0 0 0 0 0 0 0 0 0 0 0 0 0 0 0 0 0 0 0 0 0 0 0 0 0 0 0 0 0 0 0 0 0 0 0 0 0 0 data 10 0x20002 0xf8c 0x0 0x0 0x0 0x0 0x9 0x2 0x0 0x0 oops 0 methods 0
ciMethodData sun/java2d/SurfaceData markDirty ()V 2 10817 orig 80 0 0 0 0 0 0 0 0 0 0 0 0 0 0 0 0 0 0 0 0 0 0 0 0 0 0 0 0 0 0 0 0 0 0 0 0 0 0 0 0 0 0 0 0 0 0 0 0 0 0 0 0 0 0 0 0 0 0 0 0 0 0 0 0 0 0 0 0 0 0 0 0 0 0 0 0 0 0 0 0 data 15 0x40005 0x0 0x25dfd7f3cb8 0x2a41 0x0 0x0 0x0 0x0 0x0 0x0 0x0 0x0 0x9 0x1 0x0 oops 1 2 sun/java2d/StateTrackableDelegate methods 0
ciMethodData java/awt/geom/AffineTransform transform ([DI[DII)V 2 5242 orig 80 1 0 0 0 0 0 0 0 0 0 0 0 0 0 0 0 0 0 0 0 0 0 0 0 0 0 0 0 0 0 0 0 0 0 0 1 0 0 0 0 0 0 0 0 0 0 0 0 0 0 0 0 0 0 0 0 0 0 0 0 0 0 0 0 0 0 0 0 0 0 0 0 0 0 0 0 0 0 0 0 data 133 0x20007 0x0 0x70 0x147a 0x80007 0x147a 0x50 0x0 0x130007 0x0 0x30 0x0 0x1f0002 0x0 0x290008 0x12 0x0 0xa0 0x52 0x258 0x0 0x220 0x1428 0x1e8 0x0 0x1b0 0x0 0x178 0x0 0x140 0x0 0x108 0x0 0xd0 0x590005 0x0 0x0 0x0 0x0 0x0 0x860007 0x0 0x38 0x0 0xc30003 0x0 0xffffffffffffffe0 0xe40007 0x0 0x38 0x0 0x11b0003 0x0 0xffffffffffffffe0 0x13c0007 0x0 0x38 0x0 0x1690003 0x0 0xffffffffffffffe0 0x17e0007 0x0 0x38 0x0 0x1a50003 0x0 0xffffffffffffffe0 0x1c60007 0x0 0x38 0x0 0x1ef0003 0x0 0xffffffffffffffe0 0x2040007 0x1429 0x38 0x2800 0x2270003 0x2800 0xffffffffffffffe0 0x23c0007 0x0 0x38 0x0 0x25f0003 0x0 0xffffffffffffffe0 0x2650007 0x0 0x40 0x52 0x26b0007 0x52 0x30 0x0 0x2770002 0x0 0x0 0x0 0x0 0x0 0x0 0x0 0x0 0x0 0x0 0x0 0x0 0x0 0x0 0x0 0x0 0x0 0x0 0x0 0x0 0x0 0x0 0x0 0x0 0x0 0x0 0x0 0x9 0x6 0x0 0x0 0x0 0x0 0x0 0x0 oops 0 methods 0
ciMethodData java/awt/geom/AffineTransform equals (DD)Z 2 27805 orig 80 0 0 0 0 0 0 0 0 0 0 0 0 0 0 0 0 0 0 0 0 0 0 0 0 0 0 0 0 0 0 0 0 0 0 0 0 0 0 0 0 0 0 0 0 0 0 0 0 0 0 0 0 0 0 0 0 0 0 0 0 0 0 0 0 0 0 0 0 0 0 0 0 0 0 0 0 0 0 0 0 data 31 0x30007 0x696c 0x80 0x331 0x70002 0x331 0xa0007 0x331 0x68 0x0 0xe0002 0x0 0x110007 0x0 0x38 0x0 0x150003 0x696c 0x18 0x0 0x0 0x0 0x0 0x0 0x0 0x9 0x4 0x0 0x0 0x0 0x0 oops 0 methods 0
ciMethodData java/lang/CharacterDataLatin1 getProperties (I)I 2 6356 orig 80 0 0 0 0 0 0 0 0 0 0 0 0 0 0 0 0 0 0 0 0 0 0 0 0 0 0 0 0 0 0 0 0 0 0 0 0 0 0 0 0 0 0 0 0 0 0 0 0 0 0 0 0 0 0 0 0 0 0 0 0 0 0 0 0 0 0 0 0 0 0 0 0 0 0 0 0 0 0 0 0 data 7 0x0 0x0 0x0 0x9 0x2 0x0 0x0 oops 0 methods 0
ciMethod sun/font/StandardGlyphVector getTracking (Ljava/awt/Font;)F 640 0 1546 0 -1
ciMethod sun/font/StandardGlyphVector getOutline (FF)Ljava/awt/Shape; 1024 0 1546 0 0
ciMethod sun/font/StandardGlyphVector getNonTranslateTX (Ljava/awt/geom/AffineTransform;)Ljava/awt/geom/AffineTransform; 512 0 1546 0 -1
ciMethod sun/font/StandardGlyphVector equalNonTranslateTX (Ljava/awt/geom/AffineTransform;Ljava/awt/geom/AffineTransform;)Z 1024 0 3092 0 0
ciMethod sun/font/StandardGlyphVector setFRCTX ()V 1024 0 3092 0 0
ciMethod sun/font/StandardGlyphVector resetDTX (Ljava/awt/geom/AffineTransform;)V 512 0 1546 0 -1
ciMethod sun/font/StandardGlyphVector getGlyphsOutline (IIFF)Ljava/awt/Shape; 1024 8176 1546 0 0
ciMethod sun/font/StandardGlyphVector initPositions ()V 1024 0 3092 0 0
ciMethod sun/font/StandardGlyphVector getGlyphStrike (I)Lsun/font/StandardGlyphVector$GlyphStrike; 1024 0 12368 0 0
ciMethod sun/font/StandardGlyphVector getDefaultStrike ()Lsun/font/StandardGlyphVector$GlyphStrike; 1024 0 5632 0 386
ciMethod sun/font/StandardGlyphVector$GlyphStrike create (Lsun/font/StandardGlyphVector;Ljava/awt/geom/AffineTransform;Ljava/awt/geom/AffineTransform;)Lsun/font/StandardGlyphVector$GlyphStrike; 160 0 1546 0 0
ciMethod sun/font/StandardGlyphVector$GlyphStrike <init> (Lsun/font/StandardGlyphVector;Lsun/font/FontStrike;FF)V 416 0 1546 0 -1
ciMethod sun/font/StandardGlyphVector$GlyphStrike appendGlyphOutline (ILjava/awt/geom/GeneralPath;FF)V 1024 0 7696 0 5578
ciMethod java/awt/geom/Path2D$Float$CopyIterator <init> (Ljava/awt/geom/Path2D$Float;)V 460 0 8336 0 0
ciMethod java/awt/geom/Path2D$Iterator <init> (Ljava/awt/geom/Path2D;)V 510 0 8976 0 0
ciMethod sun/java2d/marlin/DMarlinRenderingEngine$NormMode getNormalizingPathIterator (Lsun/java2d/marlin/RendererContext;Ljava/awt/geom/PathIterator;)Ljava/awt/geom/PathIterator; 0 0 1 0 -1
ciMethod java/awt/geom/Path2D$Float$TxIterator <init> (Ljava/awt/geom/Path2D$Float;Ljava/awt/geom/AffineTransform;)V 50 0 640 0 -1
ciMethodData java/lang/Double isNaN (D)Z 2 14429 orig 80 0 0 0 0 0 0 0 0 0 0 0 0 0 0 0 0 0 0 0 0 0 0 0 0 0 0 0 0 0 0 0 0 0 0 0 0 0 0 0 0 0 0 0 0 0 0 0 0 0 0 0 0 0 0 0 0 0 0 0 0 0 0 0 0 0 0 0 0 0 0 0 0 0 0 0 0 0 0 0 0 data 12 0x30007 0x385d 0x38 0x0 0x70003 0x0 0x18 0x0 0x9 0x2 0x0 0x0 oops 0 methods 0
ciMethodData java/awt/geom/AffineTransform hash (D)J 2 5120 orig 80 0 0 0 0 0 0 0 0 0 0 0 0 0 0 0 0 0 0 0 0 0 0 0 0 0 0 0 0 0 0 0 0 0 0 0 0 0 0 0 0 0 0 0 0 0 0 0 0 0 0 0 0 0 0 0 0 0 0 0 0 0 0 0 0 0 0 0 0 0 0 0 0 0 0 0 0 0 0 0 0 data 16 0x10002 0x1400 0xa0007 0x1400 0x20 0x0 0x0 0x0 0x0 0x0 0x0 0x0 0x9 0x2 0x0 0x0 oops 0 methods 0
ciMethodData java/awt/geom/AffineTransform transform ([FI[FII)V 2 842 orig 80 0 0 0 0 0 0 0 0 0 0 0 0 0 0 0 0 0 0 0 0 0 0 0 0 0 0 0 0 0 0 0 0 0 0 0 0 0 0 0 0 0 0 0 0 0 0 0 0 0 0 0 0 0 0 0 0 0 0 0 0 0 0 0 0 0 0 0 0 0 0 0 0 0 0 0 0 0 0 0 0 data 133 0x20007 0x0 0x70 0x34a 0x80007 0x34a 0x50 0x0 0x130007 0x0 0x30 0x0 0x1f0002 0x0 0x290008 0x12 0x0 0xa0 0x31 0x258 0x18d 0x220 0x18c 0x1e8 0x0 0x1b0 0x0 0x178 0x0 0x140 0x0 0x108 0x0 0xd0 0x590005 0x0 0x0 0x0 0x0 0x0 0x860007 0x0 0x38 0x0 0xc70003 0x0 0xffffffffffffffe0 0xe80007 0x0 0x38 0x0 0x1230003 0x0 0xffffffffffffffe0 0x1440007 0x0 0x38 0x0 0x1750003 0x0 0xffffffffffffffe0 0x18a0007 0x0 0x38 0x0 0x1b50003 0x0 0xffffffffffffffe0 0x1d60007 0x0 0x38 0x0 0x2030003 0x0 0xffffffffffffffe0 0x2180007 0x18c 0x38 0x15f8 0x23f0003 0x15f8 0xffffffffffffffe0 0x2540007 0x18d 0x38 0x2a83 0x27b0003 0x2a83 0xffffffffffffffe0 0x2810007 0x0 0x40 0x31 0x2870007 0x31 0x30 0x0 0x2930002 0x0 0x0 0x0 0x0 0x0 0x0 0x0 0x0 0x0 0x0 0x0 0x0 0x0 0x0 0x0 0x0 0x0 0x0 0x0 0x0 0x0 0x0 0x0 0x0 0x0 0x0 0x0 0x9 0x6 0x0 0x0 0x0 0x0 0x0 0x0 oops 0 methods 0
ciMethodData sun/java2d/SunGraphics2D drawLine (IIII)V 2 5173 orig 80 0 0 0 0 0 0 0 0 0 0 0 0 0 0 0 0 0 0 0 0 0 0 0 0 0 0 0 0 0 0 0 0 0 0 0 0 0 0 0 0 0 0 0 0 0 0 0 0 0 0 0 0 0 0 0 0 0 0 0 0 0 0 0 0 0 0 0 0 0 0 0 0 0 0 0 0 0 0 0 0 data 63 0xa0005 0x0 0x25dfef508e0 0x13e1 0x25dfef50988 0x54 0x130005 0x0 0x25dfef50a30 0x1435 0x0 0x0 0x160003 0x1435 0x108 0x1c0005 0x0 0x0 0x0 0x0 0x0 0x290005 0x0 0x0 0x0 0x0 0x0 0x2e0003 0x0 0x18 0x370005 0x0 0x0 0x0 0x0 0x0 0x3a0003 0x0 0x48 0x430005 0x0 0x0 0x0 0x0 0x0 0x0 0x0 0x0 0x0 0x0 0x0 0x9 0x5 0x0 0x0 0x0 0x0 0x0 0x190001 0x310001 0x3d0001 0x3d0001 0x3d0001 oops 3 2 sun/java2d/pipe/PixelToParallelogramConverter 4 sun/java2d/pipe/ValidatePipe 8 sun/awt/image/BufImgSurfaceData methods 0
ciMethodData sun/java2d/pipe/PixelToParallelogramConverter drawLine (Lsun/java2d/SunGraphics2D;IIII)V 2 5857 orig 80 0 0 0 0 0 0 0 0 0 0 0 0 0 0 0 0 0 0 0 0 0 0 0 0 0 0 0 0 0 0 0 0 0 0 0 0 0 0 0 0 0 0 0 0 0 0 0 0 0 0 0 0 0 0 0 0 0 0 0 0 0 0 0 0 0 0 0 0 0 0 0 0 0 0 0 0 0 0 0 0 data 26 0xc0005 0x0 0x25dfef508e0 0x16e1 0x0 0x0 0xf0007 0x16e1 0x30 0x0 0x1a0002 0x0 0x0 0x0 0x0 0x0 0x0 0x0 0x9 0x6 0x0 0x0 0x0 0x0 0x0 0x0 oops 1 2 sun/java2d/pipe/PixelToParallelogramConverter methods 0
ciMethodData sun/java2d/pipe/PixelToParallelogramConverter drawGeneralLine (Lsun/java2d/SunGraphics2D;DDDD)Z 2 5174 orig 80 0 0 0 0 0 0 0 0 0 0 0 0 0 0 0 0 0 0 0 0 0 0 0 0 0 0 0 0 0 0 0 0 0 0 0 0 0 0 0 0 0 0 0 0 0 0 0 0 0 0 0 0 0 0 0 0 0 0 0 0 0 0 0 0 0 0 0 0 0 0 0 0 0 0 0 0 0 0 0 0 data 215 0x50007 0x0 0x40 0x1436 0xd0007 0x1436 0x20 0x0 0x160004 0x0 0x25dfd144968 0x1436 0x0 0x0 0x1d0005 0x0 0x25dfd144968 0x1436 0x0 0x0 0x250007 0x0 0x70 0x1436 0x2a0005 0x0 0x25dfd144968 0x1436 0x0 0x0 0x2d0007 0x1436 0x20 0x0 0x340005 0x0 0x25dfd144968 0x1436 0x0 0x0 0x4b0008 0xc 0x0 0x148 0x0 0x130 0x0 0xb8 0x0 0xb8 0x1436 0x70 0x0 0x70 0x8f0005 0x0 0x25dfd7f1dc8 0x1436 0x0 0x0 0xaa0003 0x1436 0xb8 0xb10005 0x0 0x0 0x0 0x0 0x0 0xba0005 0x0 0x0 0x0 0x0 0x0 0xda0003 0x0 0x40 0xec0003 0x0 0x28 0xf50002 0x0 0xfe0007 0x0 0x1f0 0x1436 0x1050007 0x1436 0x110 0x0 0x10c0004 0x0 0x0 0x0 0x0 0x0 0x10f0007 0x0 0xc0 0x0 0x11a0002 0x0 0x1280002 0x0 0x1360002 0x0 0x1440002 0x0 0x14e0004 0x0 0x0 0x0 0x0 0x0 0x15a0005 0x0 0x0 0x0 0x0 0x0 0x1640005 0x0 0x25dfef508e0 0x1436 0x0 0x0 0x16c0005 0x0 0x25dfef508e0 0x1436 0x0 0x0 0x1740005 0x0 0x25dfef508e0 0x1436 0x0 0x0 0x17c0005 0x0 0x25dfef508e0 0x1436 0x0 0x0 0x1860007 0x0 0x90 0x1436 0x18d0002 0x1436 0x1960007 0x1436 0x20 0x0 0x1c00005 0x0 0x25dfd7f1dc8 0x1436 0x0 0x0 0x1cd0002 0x1436 0x1d90002 0x1436 0x1f00002 0x1436 0x1f90007 0x1436 0x58 0x0 0x1fe0007 0x0 0x20 0x0 0x20a0003 0x0 0x18 0x23a0007 0x0 0x20 0x1436 0x27a0005 0x0 0x25dfeb6bca0 0x1436 0x0 0x0 0x0 0x0 0x0 0x0 0x0 0x0 0x0 0x0 0x0 0x0 0x0 0x0 0x0 0x0 0x0 0x9 0xa 0x0 0x0 0x0 0x0 0x0 0x0 0x0 0x0 0x0 0x0 oops 11 10 java/awt/BasicStroke 16 java/awt/BasicStroke 26 java/awt/BasicStroke 36 java/awt/BasicStroke 56 java/awt/geom/AffineTransform 123 sun/java2d/pipe/PixelToParallelogramConverter 129 sun/java2d/pipe/PixelToParallelogramConverter 135 sun/java2d/pipe/PixelToParallelogramConverter 141 sun/java2d/pipe/PixelToParallelogramConverter 157 java/awt/geom/AffineTransform 184 sun/java2d/pipe/AlphaColorPipe methods 0
ciMethodData java/awt/geom/AffineTransform getType ()I 2 19897 orig 80 0 0 0 0 0 0 0 0 0 0 0 0 0 0 0 0 0 0 0 0 0 0 0 0 0 0 0 0 0 0 0 0 0 0 0 0 0 0 0 0 0 0 0 0 0 0 0 0 0 0 0 0 0 0 0 0 0 0 0 0 0 0 0 0 0 0 0 0 0 0 0 0 0 0 0 0 0 0 0 0 data 19 0x50007 0x3d93 0x50 0x1026 0x90005 0x1026 0x0 0x0 0x0 0x0 0x0 0x0 0x0 0x0 0x0 0x0 0x9 0x1 0xffffffffffffffff oops 0 methods 0
ciMethodData java/awt/geom/AffineTransform calculateType ()V 2 4608 orig 80 0 0 0 0 0 0 0 0 0 0 0 0 0 0 0 0 0 0 0 0 0 0 0 0 0 0 0 0 0 0 0 0 0 0 0 0 0 0 0 0 0 0 0 0 0 0 0 0 0 0 0 0 0 0 0 0 0 0 0 0 0 0 0 0 0 0 0 0 0 0 0 0 0 0 0 0 0 0 0 0 data 229 0x30005 0x0 0x25dfd7f1dc8 0x1200 0x0 0x0 0xa0008 0x12 0x0 0xa0 0x0 0x6a0 0x0 0x688 0x1200 0x458 0x0 0x458 0x0 0x2d0 0x0 0x2d0 0x0 0xd0 0x0 0xd0 0x390005 0x0 0x0 0x0 0x0 0x0 0x5f0007 0x0 0x20 0x0 0x6d0007 0x0 0x38 0x0 0x710003 0x0 0x18 0x7a0007 0x0 0x38 0x0 0x7e0003 0x0 0x18 0x850007 0x0 0xc8 0x0 0x8d0007 0x0 0x40 0x0 0x960007 0x0 0x38 0x0 0x9e0003 0x0 0x4e0 0xae0007 0x0 0x38 0x0 0xb60003 0x0 0x4a8 0xbe0003 0x0 0x490 0xc70007 0x0 0x40 0x0 0xcf0007 0x0 0x38 0x0 0xd70003 0x0 0x438 0xe70007 0x0 0x38 0x0 0xef0003 0x0 0x400 0xf70003 0x0 0x3e8 0x1050007 0x0 0x38 0x0 0x1090003 0x0 0x18 0x1170007 0x0 0x38 0x0 0x11b0003 0x0 0x18 0x1220007 0x0 0xc8 0x0 0x12b0007 0x0 0x38 0x0 0x1330003 0x0 0x320 0x13a0007 0x0 0x58 0x0 0x1430007 0x0 0x38 0x0 0x14b0003 0x0 0x2c8 0x1530003 0x0 0x2b0 0x15b0007 0x0 0x38 0x0 0x1630003 0x0 0x278 0x16b0003 0x0 0x260 0x1790007 0x0 0x38 0x1200 0x17d0003 0x1200 0x18 0x18b0007 0x0 0x38 0x1200 0x18f0003 0x1200 0x18 0x1960007 0x0 0x118 0x1200 0x19a0007 0x0 0x70 0x1200 0x1a20007 0x0 0x38 0x1200 0x1a90003 0x1200 0x178 0x1b00003 0x0 0x160 0x1b80007 0x0 0x38 0x0 0x1c00003 0x0 0x128 0x1c90007 0x0 0x38 0x0 0x1d10003 0x0 0xf0 0x1d90003 0x0 0xd8 0x1e20007 0x0 0x90 0x0 0x1e90007 0x0 0x40 0x0 0x1f20007 0x0 0x38 0x0 0x1fa0003 0x0 0x60 0x2020003 0x0 0x48 0x20a0003 0x0 0x30 0x20f0003 0x0 0x18 0x0 0x0 0x0 0x0 0x0 0x0 0x0 0x0 0x9 0x1 0x0 oops 1 2 java/awt/geom/AffineTransform methods 0
ciMethodData java/awt/geom/Path2D$Float append (Ljava/awt/geom/PathIterator;Z)V 2 700 orig 80 0 0 0 0 0 0 0 0 0 0 0 0 0 0 0 0 0 0 0 0 0 0 0 0 0 0 0 0 0 0 0 0 0 0 0 0 0 0 0 0 0 0 0 0 0 0 0 0 0 0 0 0 0 0 0 0 0 0 0 0 0 0 0 0 0 0 0 0 0 0 0 0 0 0 0 0 0 0 0 0 data 135 0x60005 0x0 0x25df885d680 0x43d8 0x0 0x0 0xb0007 0x2bc 0x378 0x411c 0x100005 0x0 0x25df885d680 0x411c 0x0 0x0 0x150008 0xc 0x0 0x2e0 0x57a 0x70 0x2c68 0x1d8 0x9c0 0x220 0x0 0x268 0x57a 0x2b0 0x390007 0x57a 0x60 0x0 0x410007 0x0 0x40 0x0 0x490007 0x0 0x68 0x0 0x530005 0x0 0x25dfeccb5a0 0x57a 0x0 0x0 0x560003 0x57a 0x1e0 0x650007 0x0 0x78 0x0 0x770007 0x0 0x58 0x0 0x890007 0x0 0x38 0x0 0x8c0003 0x0 0x168 0x960005 0x0 0x0 0x0 0x0 0x0 0x990003 0x0 0x120 0xa30005 0x0 0x25dfeccb5a0 0x2c68 0x0 0x0 0xa60003 0x2c68 0xd8 0xb60005 0x0 0x25dfeccb5a0 0x9c0 0x0 0x0 0xb90003 0x9c0 0x90 0xcf0005 0x0 0x0 0x0 0x0 0x0 0xd20003 0x0 0x48 0xd60005 0x0 0x25dfeccb5a0 0x57a 0x0 0x0 0xda0005 0x0 0x25df885d680 0x411c 0x0 0x0 0xe10003 0x411c 0xfffffffffffffc70 0x0 0x0 0x0 0x0 0x0 0x0 0x0 0x0 0x0 0x0 0x0 0x0 0x0 0x9 0x3 0x0 0x0 0x0 oops 7 2 java/awt/geom/Path2D$Float$CopyIterator 12 java/awt/geom/Path2D$Float$CopyIterator 44 java/awt/geom/GeneralPath 77 java/awt/geom/GeneralPath 86 java/awt/geom/GeneralPath 104 java/awt/geom/GeneralPath 110 java/awt/geom/Path2D$Float$CopyIterator methods 0
ciMethodData java/awt/geom/Path2D$Float transform (Ljava/awt/geom/AffineTransform;)V 2 5120 orig 80 0 0 0 0 0 0 0 0 0 0 0 0 0 0 0 0 0 0 0 0 0 0 0 0 0 0 0 0 0 0 0 0 0 0 0 0 0 0 0 0 0 0 0 0 0 0 0 0 0 0 0 0 0 0 0 0 0 0 0 0 0 0 0 0 0 0 0 0 0 0 0 0 0 0 0 0 0 0 0 0 data 16 0x110005 0x0 0x25dfd7f1dc8 0x1400 0x0 0x0 0x0 0x0 0x0 0x0 0x0 0x0 0x9 0x2 0x0 0x0 oops 1 2 java/awt/geom/AffineTransform methods 0
ciMethodData sun/font/FontDesignMetrics getLatinCharWidth (C)F 2 16148 orig 80 0 0 0 0 0 0 0 0 0 0 0 0 0 0 0 0 0 0 0 0 0 0 0 0 0 0 0 0 0 0 0 0 0 0 0 0 0 0 0 0 0 0 0 0 0 0 0 0 0 0 0 0 0 0 0 0 0 0 0 0 0 0 0 0 0 0 0 0 0 0 0 0 0 0 0 0 0 0 0 0 data 20 0xb0007 0x3f14 0x50 0x0 0x100005 0x0 0x0 0x0 0x0 0x0 0x0 0x0 0x0 0x0 0x0 0x0 0x9 0x2 0x0 0x0 oops 0 methods 0
ciMethodData java/awt/geom/AffineTransform equals (Ljava/lang/Object;)Z 2 5120 orig 80 0 0 0 0 0 0 0 0 0 0 0 0 0 0 0 0 0 0 0 0 0 0 0 0 0 0 0 0 0 0 0 0 0 0 0 0 0 0 0 0 0 0 0 0 0 0 0 0 0 0 0 0 0 0 0 0 0 0 0 0 0 0 0 0 0 0 0 0 0 0 0 0 0 0 0 0 0 0 0 0 data 65 0x10004 0x0 0x25dfd7f1dc8 0x1400 0x0 0x0 0x40007 0x1400 0x20 0x0 0xa0004 0x0 0x25dfd7f1dc8 0x1400 0x0 0x0 0x160002 0x1400 0x190007 0x314 0x128 0x10ec 0x240002 0x10ec 0x270007 0x0 0xf8 0x10ec 0x320002 0x10ec 0x350007 0x0 0xc8 0x10ec 0x400002 0x10ec 0x430007 0x0 0x98 0x10ec 0x4e0002 0x10ec 0x510007 0x0 0x68 0x10ec 0x5c0002 0x10ec 0x5f0007 0x0 0x38 0x10ec 0x630003 0x10ec 0x18 0x0 0x0 0x0 0x0 0x0 0x0 0x9 0x2 0x0 0x0 oops 2 2 java/awt/geom/AffineTransform 12 java/awt/geom/AffineTransform methods 0
ciMethodData java/awt/geom/AffineTransform <init> ()V 2 5125 orig 80 0 0 0 0 0 0 0 0 0 0 0 0 0 0 0 0 0 0 0 0 0 0 0 0 0 0 0 0 0 0 0 0 0 0 0 0 0 0 0 0 0 0 0 0 0 0 0 0 0 0 0 0 0 0 0 0 0 0 0 0 0 0 0 0 0 0 0 0 0 0 0 0 0 0 0 0 0 0 0 0 data 9 0x10002 0x1405 0x0 0x0 0x0 0x0 0x9 0x1 0x0 oops 0 methods 0
ciMethodData java/awt/geom/Path2D setWindingRule (I)V 2 8936 orig 80 0 0 0 0 0 0 0 0 0 0 0 0 0 0 0 0 0 0 0 0 0 0 0 0 0 0 0 0 0 0 0 0 0 0 0 0 0 0 0 0 0 0 0 0 0 0 0 0 0 0 0 0 0 0 0 0 0 0 0 0 0 0 0 0 0 0 0 0 0 0 0 0 0 0 0 0 0 0 0 0 data 18 0x10007 0x1d48 0x50 0x5a0 0x60007 0x5a0 0x30 0x0 0xf0002 0x0 0x0 0x0 0x0 0x0 0x9 0x2 0x0 0x0 oops 0 methods 0
ciMethodData java/awt/geom/Path2D$Float getPathIterator (Ljava/awt/geom/AffineTransform;)Ljava/awt/geom/PathIterator; 2 8720 orig 80 0 0 0 0 0 0 0 0 0 0 0 0 0 0 0 0 0 0 0 0 0 0 0 0 0 0 0 0 0 0 0 0 0 0 0 0 0 0 0 0 0 0 0 0 0 0 0 0 0 0 0 0 0 0 0 0 0 0 0 0 0 0 0 0 0 0 0 0 0 0 0 0 0 0 0 0 0 0 0 0 data 18 0x10007 0x267 0x30 0x1fa9 0x90002 0x1fa9 0x130002 0x267 0x0 0x0 0x0 0x0 0x0 0x0 0x9 0x2 0x0 0x0 oops 0 methods 0
ciMethodData java/awt/geom/Path2D$Float$CopyIterator <init> (Ljava/awt/geom/Path2D$Float;)V 2 8106 orig 80 0 0 0 0 0 0 0 0 0 0 0 0 0 0 0 0 0 0 0 0 0 0 0 0 0 0 0 0 0 0 0 0 0 0 0 0 0 0 0 0 0 0 0 0 0 0 0 0 0 0 0 0 0 0 0 0 0 0 0 0 0 0 0 0 0 0 0 0 0 0 0 0 0 0 0 0 0 0 0 0 data 10 0x20002 0x1faa 0x0 0x0 0x0 0x0 0x9 0x2 0x0 0x0 oops 0 methods 0
ciMethodData java/awt/geom/Path2D$Iterator <init> (Ljava/awt/geom/Path2D;)V 2 8721 orig 80 0 0 0 0 0 0 0 0 0 0 0 0 0 0 0 0 0 0 0 0 0 0 0 0 0 0 0 0 0 0 0 0 0 0 0 0 0 0 0 0 0 0 0 0 0 0 0 0 0 0 0 0 0 0 0 0 0 0 0 0 0 0 0 0 0 0 0 0 0 0 0 0 0 0 0 0 0 0 0 0 data 10 0x10002 0x2211 0x0 0x0 0x0 0x0 0x9 0x2 0x0 0x0 oops 0 methods 0
ciMethodData sun/java2d/SunGraphics2D invalidatePipe ()V 2 1024 orig 80 0 0 0 0 0 0 0 0 0 0 0 0 0 0 0 0 0 0 0 0 0 0 0 0 0 0 0 0 0 0 0 0 0 0 0 0 0 0 0 0 0 0 0 0 0 0 0 0 0 0 0 0 0 0 0 0 0 0 0 0 0 0 0 0 0 0 0 0 0 0 0 0 0 0 0 0 0 0 0 0 data 8 0x0 0x0 0x0 0x0 0x0 0x9 0x1 0x1f000 oops 0 methods 0
ciMethodData java/lang/Character getType (I)I 2 13658 orig 80 0 0 0 0 0 0 0 0 0 0 0 0 0 0 0 0 0 0 0 0 0 0 0 0 0 0 0 0 0 0 0 0 0 0 0 0 0 0 0 0 0 0 0 0 0 0 0 0 0 0 0 0 0 0 0 0 0 0 0 0 0 0 0 0 0 0 0 0 0 0 0 0 0 0 0 0 0 0 0 0 data 17 0x10002 0x355a 0x50005 0x0 0x25dfed1b980 0x355a 0x0 0x0 0x0 0x0 0x0 0x0 0x0 0x0 0x9 0x1 0x0 oops 1 4 java/lang/CharacterDataLatin1 methods 0
ciMethodData java/lang/CharacterDataLatin1 getType (I)I 2 6144 orig 80 0 0 0 0 0 0 0 0 0 0 0 0 0 0 0 0 0 0 0 0 0 0 0 0 0 0 0 0 0 0 0 0 0 0 0 0 0 0 0 0 0 0 0 0 0 0 0 0 0 0 0 0 0 0 0 0 0 0 0 0 0 0 0 0 0 0 0 0 0 0 0 0 0 0 0 0 0 0 0 0 data 16 0x20005 0x0 0x25dfed1b980 0x1800 0x0 0x0 0x0 0x0 0x0 0x0 0x0 0x0 0x9 0x2 0x0 0x0 oops 1 2 java/lang/CharacterDataLatin1 methods 0
ciMethodData java/awt/geom/AffineTransform getTranslateInstance (DD)Ljava/awt/geom/AffineTransform; 2 6152 orig 80 0 0 0 0 0 0 0 0 0 0 0 0 0 0 0 0 0 0 0 0 0 0 0 0 0 0 0 0 0 0 0 0 0 0 0 0 0 0 0 0 0 0 0 0 0 0 0 0 0 0 0 0 0 0 0 0 0 0 0 0 0 0 0 0 0 0 0 0 0 0 0 0 0 0 0 0 0 0 0 0 data 20 0x40002 0x1808 0xd0005 0x0 0x25dfd7f1dc8 0x1808 0x0 0x0 0x0 0x0 0x0 0x0 0x0 0x0 0x9 0x4 0x0 0x0 0x0 0x0 oops 1 4 java/awt/geom/AffineTransform methods 0
ciMethodData java/awt/geom/AffineTransform setToTranslation (DD)V 2 5127 orig 80 0 0 0 0 0 0 0 0 0 0 0 0 0 0 0 0 0 0 0 0 0 0 0 0 0 0 0 0 0 0 0 0 0 0 0 0 0 0 0 0 0 0 0 0 0 0 0 0 0 0 0 0 0 0 0 0 0 0 0 0 0 0 0 0 0 0 0 0 0 0 0 0 0 0 0 0 0 0 0 0 data 24 0x210007 0x11ce 0x40 0x239 0x270007 0x239 0x38 0x0 0x340003 0x11ce 0x18 0x0 0x0 0x0 0x0 0x0 0x0 0x9 0x5 0x0 0x0 0x0 0x0 0x0 oops 0 methods 0
ciMethodData sun/font/FontManagerFactory getInstance ()Lsun/font/FontManager; 2 5121 orig 80 0 0 0 0 0 0 0 0 0 0 0 0 0 0 0 0 0 0 0 0 0 0 0 0 0 0 0 0 0 0 0 0 0 0 0 0 0 0 0 0 0 0 0 0 0 0 0 0 0 0 0 0 0 0 0 0 0 0 0 0 0 0 0 0 0 0 0 0 0 0 0 0 0 0 0 0 0 0 0 0 data 23 0x50007 0x1401 0x68 0x0 0x120007 0x0 0x30 0x0 0x150002 0x0 0x1f0003 0x0 0x18 0x0 0x0 0x0 0x0 0x0 0x0 0x9 0x0 0x220001 0x220001 oops 0 methods 0
ciMethodData java/lang/ref/Reference refersTo (Ljava/lang/Object;)Z 2 6797 orig 80 0 0 0 0 0 0 0 0 0 0 0 0 0 0 0 0 0 0 0 0 0 0 0 0 0 0 0 0 0 0 0 0 0 0 0 0 0 0 0 0 0 0 0 0 0 0 0 0 0 0 0 0 0 0 0 0 0 0 0 0 0 0 0 0 0 0 0 0 0 0 0 0 0 0 0 0 0 0 0 0 data 16 0x20005 0x0 0x25dfead0cb8 0x11b4 0x25dfead5e28 0x8d9 0x0 0x0 0x0 0x0 0x0 0x0 0x9 0x2 0x0 0x0 oops 2 2 java/lang/ThreadLocal$ThreadLocalMap$Entry 4 java/util/WeakHashMap$Entry methods 0
ciMethodData java/lang/ref/Reference refersToImpl (Ljava/lang/Object;)Z 2 6580 orig 80 0 0 0 0 0 0 0 0 0 0 0 0 0 0 0 0 0 0 0 0 0 0 0 0 0 0 0 0 0 0 0 0 0 0 0 0 0 0 0 0 0 0 0 0 0 0 0 0 0 0 0 0 0 0 0 0 0 0 0 0 0 0 0 0 0 0 0 0 0 0 0 0 0 0 0 0 0 0 0 0 data 16 0x20005 0x19b4 0x0 0x0 0x0 0x0 0x0 0x0 0x0 0x0 0x0 0x0 0x9 0x2 0x0 0x0 oops 0 methods 0
ciMethodData java/awt/geom/AffineTransform <init> (Ljava/awt/geom/AffineTransform;)V 2 5122 orig 80 0 0 0 0 0 0 0 0 0 0 0 0 0 0 0 0 0 0 0 0 0 0 0 0 0 0 0 0 0 0 0 0 0 0 0 0 0 0 0 0 0 0 0 0 0 0 0 0 0 0 0 0 0 0 0 0 0 0 0 0 0 0 0 0 0 0 0 0 0 0 0 0 0 0 0 0 0 0 0 0 data 13 0x10002 0x1402 0x0 0x0 0x0 0x0 0x0 0x0 0x0 0x9 0x2 0x0 0x0 oops 0 methods 0
ciMethodData java/awt/geom/AffineTransform hashCode ()I 2 5124 orig 80 0 0 0 0 0 0 0 0 0 0 0 0 0 0 0 0 0 0 0 0 0 0 0 0 0 0 0 0 0 0 0 0 0 0 0 0 0 0 0 0 0 0 0 0 0 0 0 0 0 0 0 0 0 0 0 0 0 0 0 0 0 0 0 0 0 0 0 0 0 0 0 0 0 0 0 0 0 0 0 0 data 21 0x40002 0x1404 0x110002 0x1404 0x1f0002 0x1404 0x2d0002 0x1404 0x3b0002 0x1404 0x490002 0x1404 0x0 0x0 0x0 0x0 0x0 0x0 0x9 0x1 0x0 oops 0 methods 0
ciMethodData java/awt/geom/AffineTransform isIdentity ()Z 2 8224 orig 80 0 0 0 0 0 0 0 0 0 0 0 0 0 0 0 0 0 0 0 0 0 0 0 0 0 0 0 0 0 0 0 0 0 0 0 0 0 0 0 0 0 0 0 0 0 0 0 0 0 0 0 0 0 0 0 0 0 0 0 0 0 0 0 0 0 0 0 0 0 0 0 0 0 0 0 0 0 0 0 0 data 26 0x40007 0x0 0x70 0x2020 0x80005 0x0 0x25dfd7f1dc8 0x2020 0x0 0x0 0xb0007 0x2020 0x38 0x0 0xf0003 0x0 0x18 0x0 0x0 0x0 0x0 0x0 0x0 0x9 0x1 0xffffffffffffffff oops 1 6 java/awt/geom/AffineTransform methods 0
ciMethodData sun/java2d/pipe/AAShapePipe renderTiles (Lsun/java2d/SunGraphics2D;Ljava/awt/Shape;Lsun/java2d/pipe/AATileGenerator;[ILsun/java2d/pipe/AAShapePipe$TileState;)V 2 84 orig 80 3 0 0 0 0 0 0 0 0 0 0 0 0 0 0 0 0 0 0 0 0 0 0 0 7 0 0 0 0 0 0 0 0 0 0 0 0 0 0 0 0 0 0 0 0 0 0 0 0 0 0 0 0 0 0 0 0 0 0 0 0 0 0 0 0 0 0 0 0 0 0 0 0 0 0 0 0 0 0 0 data 175 0x60007 0x0 0x80 0x54 0x130005 0x6 0x25dfeab7fb8 0x4e 0x0 0x0 0x180005 0x0 0x25dfeb6bca0 0x38 0x25dfeb6bd48 0x1c 0x380005 0x0 0x25dfeb620f8 0x54 0x0 0x0 0x400005 0x0 0x25dfeb620f8 0x54 0x0 0x0 0x4e0005 0x6 0x25dfeab7fb8 0x4e 0x0 0x0 0x80000008005b0007 0x56 0x2d0 0x4c0 0x650002 0x4c0 0x8000000800720007 0x4c0 0x288 0x10112 0x7c0002 0x10112 0x820005 0x0 0x25dfeb620f8 0x10112 0x0 0x0 0x8b0007 0x70 0x90 0x100a2 0x910007 0x0 0x108 0x100a2 0xa20005 0x0 0x25dfeb6bca0 0xab8 0x25dfeb6bd48 0xf5ea 0xa70007 0x100a2 0xb8 0x0 0xab0005 0x0 0x25dfeb620f8 0x70 0x0 0x0 0xb30007 0x0 0x150 0x70 0xc00005 0x0 0x25dfeb6bca0 0x70 0x0 0x0 0xc50003 0x70 0x100 0xcd0007 0x11c0 0x68 0xeee2 0xd40005 0x0 0x25dfeb620f8 0xeee2 0x0 0x0 0xd90003 0xeee2 0x48 0xe60005 0x0 0x25dfeb620f8 0x11c0 0x0 0x0 0xee0007 0x0 0x50 0x100a2 0x1040005 0x0 0x25dfeb6bca0 0xab8 0x25dfeb6bd48 0xf5ea 0x1100003 0x10112 0xfffffffffffffd90 0x11a0003 0x4c0 0xfffffffffffffd48 0x11e0005 0x0 0x25dfeb620f8 0x56 0x0 0x0 0x1250007 0x0 0xe8 0x56 0x12e0005 0x0 0x25dfeb6bca0 0x38 0x25dfeb6bd48 0x1e 0x1330003 0x56 0x98 0x1390005 0x0 0x0 0x0 0x0 0x0 0x1400007 0x0 0x50 0x0 0x1490005 0x0 0x0 0x0 0x0 0x0 0x80000008006e0001 0x0 0x0 0x0 0x0 0x0 0x9 0x6 0x0 0x0 0x0 0x0 0x0 0x0 0x1360001 0x1360001 oops 18 6 sun/java2d/pipe/AAShapePipe$TileState 12 sun/java2d/pipe/AlphaColorPipe 14 sun/java2d/pipe/AlphaPaintPipe 18 sun/java2d/marlin/MarlinTileGenerator 24 sun/java2d/marlin/MarlinTileGenerator 30 sun/java2d/pipe/AAShapePipe$TileState 48 sun/java2d/marlin/MarlinTileGenerator 62 sun/java2d/pipe/AlphaColorPipe 64 sun/java2d/pipe/AlphaPaintPipe 72 sun/java2d/marlin/MarlinTileGenerator 82 sun/java2d/pipe/AlphaColorPipe 95 sun/java2d/marlin/MarlinTileGenerator 104 sun/java2d/marlin/MarlinTileGenerator 114 sun/java2d/pipe/AlphaColorPipe 116 sun/java2d/pipe/AlphaPaintPipe 126 sun/java2d/marlin/MarlinTileGenerator 136 sun/java2d/pipe/AlphaColorPipe 138 sun/java2d/pipe/AlphaPaintPipe methods 0
ciMethodData java/awt/font/FontRenderContext equals (Ljava/awt/font/FontRenderContext;)Z 2 5123 orig 80 0 0 0 0 0 0 0 0 0 0 0 0 0 0 0 0 0 0 0 0 0 0 0 0 0 0 0 0 0 0 0 0 0 0 0 0 0 0 0 0 0 0 0 0 0 0 0 0 0 0 0 0 0 0 0 0 0 0 0 0 0 0 0 0 0 0 0 0 0 0 0 0 0 0 0 0 0 0 0 0 data 112 0x20007 0xd58 0x20 0x6ab 0x80007 0xd58 0x20 0x0 0x110007 0x0 0x120 0xd58 0x180007 0x0 0x100 0xd58 0x230007 0x473 0xe0 0x8e5 0x2e0007 0x0 0xc0 0x8e5 0x350007 0x8e5 0x70 0x0 0x3c0007 0x0 0x38 0x0 0x400003 0x0 0x60 0x440003 0x0 0x48 0x4f0005 0x0 0x25dfd7f1dc8 0x8e5 0x0 0x0 0x560005 0x0 0x0 0x0 0x0 0x0 0x5a0005 0x0 0x0 0x0 0x0 0x0 0x5d0007 0x0 0x168 0x0 0x610005 0x0 0x0 0x0 0x0 0x0 0x650005 0x0 0x0 0x0 0x0 0x0 0x680007 0x0 0xe8 0x0 0x6c0005 0x0 0x0 0x0 0x0 0x0 0x700005 0x0 0x0 0x0 0x0 0x0 0x730005 0x0 0x0 0x0 0x0 0x0 0x760007 0x0 0x38 0x0 0x7a0003 0x0 0x18 0x0 0x0 0x0 0x0 0x0 0x0 0x0 0x9 0x2 0x0 0x0 oops 1 40 java/awt/geom/AffineTransform methods 0
ciMethodData java/lang/ThreadLocal$ThreadLocalMap getEntry (Ljava/lang/ThreadLocal;)Ljava/lang/ThreadLocal$ThreadLocalMap$Entry; 2 4464 orig 80 0 0 0 0 0 0 0 0 0 0 0 0 0 0 0 0 0 0 0 0 0 0 0 0 0 0 0 0 0 0 0 0 0 0 0 0 0 0 0 0 0 0 0 0 0 0 0 0 0 0 0 0 0 0 0 0 0 0 0 0 0 0 0 0 0 0 0 0 0 0 0 0 0 0 0 0 0 0 0 0 data 30 0x150007 0x0 0x70 0x1170 0x1a0005 0x0 0x25dfead0cb8 0x1170 0x0 0x0 0x1d0007 0x0 0x20 0x1170 0x260005 0x0 0x0 0x0 0x0 0x0 0x0 0x0 0x0 0x0 0x0 0x0 0x9 0x2 0x0 0x0 oops 1 6 java/lang/ThreadLocal$ThreadLocalMap$Entry methods 0
ciMethodData java/lang/ThreadLocal setInitialValue (Ljava/lang/Thread;)Ljava/lang/Object; 1 0 orig 80 0 0 0 0 0 0 0 0 0 0 0 0 0 0 0 0 0 0 0 0 0 0 0 0 0 0 0 0 0 0 0 0 0 0 0 0 0 0 0 0 0 0 0 0 0 0 0 0 0 0 0 0 0 0 0 0 0 0 0 0 0 0 0 0 0 0 0 0 0 0 0 0 0 0 0 0 0 0 0 0 data 85 0x10005 0x0 0x0 0x0 0x0 0x0 0x70005 0x0 0x0 0x0 0x0 0x0 0xc0007 0x0 0x68 0x0 0x120005 0x0 0x0 0x0 0x0 0x0 0x150003 0x0 0x48 0x1b0005 0x0 0x0 0x0 0x0 0x0 0x230004 0x0 0x0 0x0 0x0 0x0 0x260007 0x0 0x60 0x0 0x2b0004 0x0 0x0 0x0 0x0 0x0 0x320002 0x0 0x380007 0x0 0xd0 0x0 0x3c0002 0x0 0x3f0007 0x0 0xa0 0x0 0x430005 0x0 0x0 0x0 0x0 0x0 0x460007 0x0 0x50 0x0 0x4a0005 0x0 0x0 0x0 0x0 0x0 0x0 0x0 0x0 0x0 0x0 0x0 0x9 0x2 0x0 0x0 oops 0 methods 0
ciMethodData sun/java2d/SunGraphics2D validateColor ()V 2 5120 orig 80 0 0 0 0 0 0 0 0 0 0 0 0 0 0 0 0 0 0 0 0 0 0 0 0 0 0 0 0 0 0 0 0 0 0 0 0 0 0 0 0 0 0 0 0 0 0 0 0 0 0 0 0 0 0 0 0 0 0 0 0 0 0 0 0 0 0 0 0 0 0 0 0 0 0 0 0 0 0 0 0 data 54 0x70007 0x1400 0x38 0x0 0xc0003 0x0 0x118 0x130005 0x280 0x25dfd074e68 0xf00 0x25dfd09adc0 0x280 0x1c0007 0x0 0xd0 0x1400 0x260007 0x0 0xb0 0x1400 0x300007 0x1400 0x90 0x0 0x370004 0x0 0x0 0x0 0x0 0x0 0x3c0005 0x0 0x0 0x0 0x0 0x0 0x450002 0x0 0x5f0005 0x0 0x25dfef50a30 0x1180 0x25dfd0e4fb0 0x280 0x0 0x0 0x0 0x0 0x0 0x0 0x9 0x1 0x6 oops 4 9 java/awt/Color 11 java/awt/SystemColor 41 sun/awt/image/BufImgSurfaceData 43 sun/java2d/windows/GDIWindowSurfaceData methods 0
ciMethodData sun/java2d/SurfaceData pixelFor (I)I 2 5120 orig 80 0 0 0 0 0 0 0 0 0 0 0 0 0 0 0 0 0 0 0 0 0 0 0 0 0 0 0 0 0 0 0 0 0 0 0 0 0 0 0 0 0 0 0 0 0 0 0 0 0 0 0 0 0 0 0 0 0 0 0 0 0 0 0 0 0 0 0 0 0 0 0 0 0 0 0 0 0 0 0 0 data 16 0x90005 0x0 0x25dfd09ca50 0x1400 0x0 0x0 0x0 0x0 0x0 0x0 0x0 0x0 0x9 0x2 0x0 0x0 oops 1 2 sun/java2d/loops/SurfaceType methods 0
ciMethodData sun/java2d/loops/SurfaceType pixelFor (ILjava/awt/image/ColorModel;)I 2 5120 orig 80 0 0 0 0 0 0 0 0 0 0 0 0 0 0 0 0 0 0 0 0 0 0 0 0 0 0 0 0 0 0 0 0 0 0 0 0 0 0 0 0 0 0 0 0 0 0 0 0 0 0 0 0 0 0 0 0 0 0 0 0 0 0 0 0 0 0 0 0 0 0 0 0 0 0 0 0 0 0 0 0 data 17 0x60005 0x0 0x25dfd09e138 0x1400 0x0 0x0 0x0 0x0 0x0 0x0 0x0 0x0 0x9 0x3 0x0 0x0 0x0 oops 1 2 sun/awt/image/PixelConverter$Xrgb methods 0
ciMethodData java/awt/Color <init> (IIII)V 2 4452 orig 80 0 0 0 0 0 0 0 0 0 0 0 0 0 0 0 0 0 0 0 0 0 0 0 0 0 0 0 0 0 0 0 0 0 0 0 0 0 0 0 0 0 0 0 0 0 0 0 0 0 0 0 0 0 0 0 0 0 0 0 0 0 0 0 0 0 0 0 0 0 0 0 0 0 0 0 0 0 0 0 0 data 17 0x10002 0x1164 0x440002 0x1164 0x0 0x0 0x0 0x0 0x0 0x0 0x9 0x5 0x1e 0x0 0x0 0x0 0x0 oops 0 methods 0
ciMethodData java/awt/Color testColorValueRange (IIII)V 2 4452 orig 80 0 0 0 0 0 0 0 0 0 0 0 0 0 0 0 0 0 0 0 0 0 0 0 0 0 0 0 0 0 0 0 0 0 0 0 0 0 0 0 0 0 0 0 0 0 0 0 0 0 0 0 0 0 0 0 0 0 0 0 0 0 0 0 0 0 0 0 0 0 0 0 0 0 0 0 0 0 0 0 0 data 78 0x80007 0x0 0x40 0x1164 0xf0007 0x1164 0x50 0x0 0x17000a 0x0 0x3 0x0 0x0 0x25df84a1c28 0x1f0007 0x0 0x40 0x1164 0x260007 0x1164 0x50 0x0 0x2e000a 0x0 0x3 0x0 0x0 0x25df84a1c28 0x360007 0x0 0x40 0x1164 0x3d0007 0x1164 0x50 0x0 0x45000a 0x0 0x3 0x0 0x0 0x25df84a1c28 0x4d0007 0x0 0x40 0x1164 0x540007 0x1164 0x50 0x0 0x5c000a 0x0 0x3 0x0 0x0 0x25df84a1c28 0x660007 0x1164 0x60 0x0 0x6f000a 0x0 0x3 0x0 0x0 0x25df84a1c28 0x740002 0x0 0x0 0x0 0x0 0x0 0x9 0x4 0x0 0x0 0x0 0x0 oops 5 13 java/lang/String 27 java/lang/String 41 java/lang/String 55 java/lang/String 65 java/lang/String methods 0
ciMethodData sun/awt/SunHints$Key isCompatibleValue (Ljava/lang/Object;)Z 2 5942 orig 80 0 0 0 0 0 0 0 0 0 0 0 0 0 0 0 0 0 0 0 0 0 0 0 0 0 0 0 0 0 0 0 0 0 0 0 0 0 0 0 0 0 0 0 0 0 0 0 0 0 0 0 0 0 0 0 0 0 0 0 0 0 0 0 0 0 0 0 0 0 0 0 0 0 0 0 0 0 0 0 0 data 32 0x10004 0x0 0x25dfef121c8 0x1736 0x0 0x0 0x40007 0x0 0x80 0x1736 0x80004 0x0 0x25dfef121c8 0x1736 0x0 0x0 0xc0005 0x0 0x25dfef121c8 0x1736 0x0 0x0 0x0 0x0 0x0 0x0 0x0 0x0 0x9 0x2 0x0 0x0 oops 3 2 sun/awt/SunHints$Value 12 sun/awt/SunHints$Value 18 sun/awt/SunHints$Value methods 0
ciMethodData sun/awt/SunHints$Value isCompatibleKey (Lsun/awt/SunHints$Key;)Z 2 5942 orig 80 0 0 0 0 0 0 0 0 0 0 0 0 0 0 0 0 0 0 0 0 0 0 0 0 0 0 0 0 0 0 0 0 0 0 0 0 0 0 0 0 0 0 0 0 0 0 0 0 0 0 0 0 0 0 0 0 0 0 0 0 0 0 0 0 0 0 0 0 0 0 0 0 0 0 0 0 0 0 0 0 data 17 0x50007 0x0 0x38 0x1736 0x90003 0x1736 0x18 0x0 0x0 0x0 0x0 0x0 0x0 0x9 0x2 0x0 0x0 oops 0 methods 0
ciMethodData sun/awt/SunHints$Value hashCode ()I 2 5120 orig 80 0 0 0 0 0 0 0 0 0 0 0 0 0 0 0 0 0 0 0 0 0 0 0 0 0 0 0 0 0 0 0 0 0 0 0 0 0 0 0 0 0 0 0 0 0 0 0 0 0 0 0 0 0 0 0 0 0 0 0 0 0 0 0 0 0 0 0 0 0 0 0 0 0 0 0 0 0 0 0 0 data 11 0x10002 0x1400 0x0 0x0 0x0 0x0 0x0 0x0 0x9 0x1 0x0 oops 0 methods 0
ciMethodData sun/font/StandardGlyphVector getGlyphStrike (I)Lsun/font/StandardGlyphVector$GlyphStrike; 2 11856 orig 80 0 0 0 0 0 0 0 0 0 0 0 0 0 0 0 0 0 0 0 0 0 0 0 0 0 0 0 0 0 0 0 0 0 0 0 0 0 0 0 0 0 0 0 0 0 0 0 0 0 0 0 0 0 0 0 0 0 0 0 0 0 0 0 0 0 0 0 0 0 0 0 0 0 0 0 0 0 0 0 0 data 26 0x40007 0x0 0x50 0x2e51 0x80005 0x2e51 0x0 0x0 0x0 0x0 0x110005 0x0 0x0 0x0 0x0 0x0 0x0 0x0 0x0 0x0 0x0 0x0 0x9 0x2 0x0 0x0 oops 0 methods 0
ciMethodData sun/font/StandardGlyphVector getDefaultStrike ()Lsun/font/StandardGlyphVector$GlyphStrike; 2 5120 orig 80 0 0 0 0 0 0 0 0 0 0 0 0 0 0 0 0 0 0 0 0 0 0 0 0 0 0 0 0 0 0 0 0 0 0 0 0 0 0 0 0 0 0 0 0 0 0 0 0 0 0 0 0 0 0 0 0 0 0 0 0 0 0 0 0 0 0 0 0 0 0 0 0 0 0 0 0 0 0 0 0 data 33 0x60007 0x280 0x80 0x1181 0xd0005 0x0 0x25df84a2a18 0x1181 0x0 0x0 0x100004 0x0 0x25dfeaa0970 0x1181 0x0 0x0 0x150007 0x1181 0x40 0x280 0x1e0002 0x280 0x280002 0x280 0x0 0x0 0x0 0x0 0x0 0x0 0x9 0x1 0x0 oops 2 6 java/lang/ref/SoftReference 12 sun/font/StandardGlyphVector$GlyphStrike methods 0
ciMethodData sun/font/StandardGlyphVector$GlyphStrike appendGlyphOutline (ILjava/awt/geom/GeneralPath;FF)V 2 7184 orig 80 0 0 0 0 0 0 0 0 0 0 0 0 0 0 0 0 0 0 0 0 0 0 0 0 0 0 0 0 0 0 0 0 0 0 0 0 0 0 0 0 0 0 0 0 0 0 0 0 0 0 0 0 0 0 0 0 0 0 0 0 0 0 0 0 0 0 0 0 0 0 0 0 0 0 0 0 0 0 0 0 data 58 0xa0007 0x1c11 0x68 0x0 0x1f0005 0x0 0x0 0x0 0x0 0x0 0x240003 0x0 0xb8 0x2e0005 0x0 0x25dff04f8c8 0x1c11 0x0 0x0 0x3c0005 0x81 0x25dfeccb5a0 0x1b90 0x0 0x0 0x500002 0x1c11 0x530005 0x81 0x25dfeccb5a0 0x1b90 0x0 0x0 0x590005 0x81 0x25dfeccb5a0 0x1b90 0x0 0x0 0x620005 0x81 0x25dfeccb5a0 0x1b90 0x0 0x0 0x0 0x0 0x0 0x0 0x0 0x0 0x9 0x5 0x0 0x0 0xffffffffffffffff 0x0 0x0 oops 5 15 sun/font/CompositeStrike 21 java/awt/geom/GeneralPath 29 java/awt/geom/GeneralPath 35 java/awt/geom/GeneralPath 41 java/awt/geom/GeneralPath methods 0
ciMethodData sun/java2d/SunGraphics2D setFont (Ljava/awt/Font;)V 2 5121 orig 80 0 0 0 0 0 0 0 0 0 0 0 0 0 0 0 0 0 0 0 0 0 0 0 0 0 0 0 0 0 0 0 0 0 0 0 0 0 0 0 0 0 0 0 0 0 0 0 0 0 0 0 0 0 0 0 0 0 0 0 0 0 0 0 0 0 0 0 0 0 0 0 0 0 0 0 0 0 0 0 0 data 70 0x10007 0x0 0x1d8 0x1401 0x90007 0x893 0x1b8 0xb6e 0x110007 0xb6e 0x198 0x0 0x1b0007 0x0 0x178 0x0 0x230007 0x0 0x158 0x0 0x270005 0x0 0x0 0x0 0x0 0x0 0x2a0007 0x0 0x108 0x0 0x310007 0x0 0xe8 0x0 0x3c0007 0x0 0x38 0x0 0x400003 0x0 0x18 0x450002 0x0 0x490005 0x0 0x0 0x0 0x0 0x0 0x4c0005 0x0 0x0 0x0 0x0 0x0 0x4f0007 0x0 0x20 0x0 0x0 0x0 0x0 0x0 0x0 0x0 0x0 0x9 0x2 0x18d800 0x0 oops 0 methods 0
ciMethodData sun/awt/SunHints$Value get (II)Lsun/awt/SunHints$Value; 2 3596 orig 80 0 0 0 0 0 0 0 0 0 0 0 0 0 0 0 0 0 0 0 0 0 0 0 0 0 0 0 0 0 0 0 0 0 0 0 0 0 0 0 0 0 0 0 0 0 0 0 0 0 0 0 0 0 0 0 0 0 0 0 0 0 0 0 0 0 0 0 0 0 0 0 0 0 0 0 0 0 0 0 0 data 8 0x0 0x0 0x0 0x0 0x9 0x2 0x0 0x0 oops 0 methods 0
ciMethodData sun/font/StandardGlyphVector$GlyphStrike create (Lsun/font/StandardGlyphVector;Ljava/awt/geom/AffineTransform;Ljava/awt/geom/AffineTransform;)Lsun/font/StandardGlyphVector$GlyphStrike; 2 1468 orig 80 0 0 0 0 0 0 0 0 0 0 0 0 0 0 0 0 0 0 0 0 0 0 0 0 0 0 0 0 0 0 0 0 0 0 0 0 0 0 0 0 0 0 0 0 0 0 0 0 0 0 0 0 0 0 0 0 0 0 0 0 0 0 0 0 0 0 0 0 0 0 0 0 0 0 0 0 0 0 0 0 data 172 0xc0005 0x0 0x25dfd7f1dc8 0x5bc 0x0 0x0 0xf0007 0x5bc 0x40 0x0 0x130007 0x0 0x160 0x0 0x1e0002 0x5bc 0x240007 0x5bc 0xb0 0x0 0x2a0005 0x0 0x0 0x0 0x0 0x0 0x2f0005 0x0 0x0 0x0 0x0 0x0 0x360005 0x0 0x0 0x0 0x0 0x0 0x3d0005 0x0 0x25dfd7f1dc8 0x5bc 0x0 0x0 0x400007 0x0 0x50 0x5bc 0x460005 0x0 0x25dfd7f1dc8 0x5bc 0x0 0x0 0x500005 0x0 0x25dfef01ac8 0x5bc 0x0 0x0 0x5a0007 0x5bc 0x1a8 0x0 0x5f0005 0x0 0x0 0x0 0x0 0x0 0x620007 0x0 0x158 0x0 0x670005 0x0 0x0 0x0 0x0 0x0 0x6d0007 0x0 0x108 0x0 0x720005 0x0 0x0 0x0 0x0 0x0 0x7b0007 0x0 0x78 0x0 0x800005 0x0 0x0 0x0 0x0 0x0 0x900002 0x0 0x960003 0x0 0x58 0x9b0005 0x0 0x0 0x0 0x0 0x0 0x9e0002 0x0 0xac0002 0x5bc 0xb50005 0x0 0x25dfef01ac8 0x5bc 0x0 0x0 0xb80002 0x5bc 0xc80005 0x0 0x25dfd0767f8 0x5bc 0x0 0x0 0xcf0002 0x5bc 0xdc0004 0x0 0x25df84e5198 0x5bc 0x0 0x0 0xdf0007 0x5bc 0x80 0x0 0xe40004 0x0 0x0 0x0 0x0 0x0 0xe70005 0x0 0x0 0x0 0x0 0x0 0xf80005 0x0 0x25df84e5198 0x5bc 0x0 0x0 0x1070002 0x5bc 0x0 0x0 0x0 0x0 0x0 0x0 0x9 0x3 0x0 0x0 0x0 oops 8 2 java/awt/geom/AffineTransform 40 java/awt/geom/AffineTransform 50 java/awt/geom/AffineTransform 56 java/awt/font/FontRenderContext 117 java/awt/font/FontRenderContext 125 java/awt/Font 133 sun/font/CompositeFont 155 sun/font/CompositeFont methods 0
ciMethodData java/awt/geom/Path2D$Float <init> (II)V 2 2938 orig 80 0 0 0 0 0 0 0 0 0 0 0 0 0 0 0 0 0 0 0 0 0 0 0 0 0 0 0 0 0 0 0 0 0 0 0 0 0 0 0 0 0 0 0 0 0 0 0 0 0 0 0 0 0 0 0 0 0 0 0 0 0 0 0 0 0 0 0 0 0 0 0 0 0 0 0 0 0 0 0 0 data 11 0x30002 0xb7a 0x0 0x0 0x0 0x0 0x9 0x3 0x0 0x0 0x0 oops 0 methods 0
ciMethodData java/awt/geom/Path2D <init> (II)V 2 2938 orig 80 0 0 0 0 0 0 0 0 0 0 0 0 0 0 0 0 0 0 0 0 0 0 0 0 0 0 0 0 0 0 0 0 0 0 0 0 0 0 0 0 0 0 0 0 0 0 0 0 0 0 0 0 0 0 0 0 0 0 0 0 0 0 0 0 0 0 0 0 0 0 0 0 0 0 0 0 0 0 0 0 data 19 0x10002 0xb7a 0x60005 0x80 0x25dfeccb5a0 0xafa 0x0 0x0 0x0 0x0 0x0 0x0 0x0 0x0 0x9 0x3 0x0 0x0 0x0 oops 1 4 java/awt/geom/GeneralPath methods 0
ciMethodData sun/java2d/SunGraphics2D setColor (Ljava/awt/Color;)V 2 4396 orig 80 0 0 0 0 0 0 0 0 0 0 0 0 0 0 0 0 0 0 0 0 0 0 0 0 0 0 0 0 0 0 0 0 0 0 0 0 0 0 0 0 0 0 0 0 0 0 0 0 0 0 0 0 0 0 0 0 0 0 0 0 0 0 0 0 0 0 0 0 0 0 0 0 0 0 0 0 0 0 0 0 data 57 0x10007 0x0 0x40 0x112c 0x90007 0x112c 0x20 0x0 0x180005 0x0 0x25dfd072848 0x112c 0x0 0x0 0x230007 0x895 0x78 0x897 0x2a0007 0x2dd 0x20 0x5ba 0x3a0007 0x0 0x78 0x2dd 0x420003 0x2dd 0x58 0x4a0007 0x5b9 0x20 0x2dc 0x5a0007 0x0 0x20 0x5b9 0x680005 0x0 0x25dfd072848 0x896 0x0 0x0 0x0 0x0 0x0 0x0 0x0 0x0 0x0 0x0 0x0 0x0 0x9 0x2 0x7f80e 0x0 oops 2 10 sun/java2d/SunGraphics2D 39 sun/java2d/SunGraphics2D methods 0
ciMethodData java/lang/String getChars (II[CI)V 1 732 orig 80 0 0 0 0 0 0 0 0 0 0 0 0 0 0 0 0 0 0 0 0 0 0 0 0 0 0 0 0 0 0 0 0 0 0 0 0 0 0 0 0 0 0 0 0 0 0 0 0 0 0 0 0 0 0 0 0 0 0 0 0 0 0 0 0 0 0 0 0 0 0 0 0 0 0 0 0 0 0 0 0 data 40 0x30005 0x0 0x25df84a1c28 0x2dc 0x0 0x0 0x60002 0x2dc 0x100002 0x2dc 0x150005 0x0 0x25df84a1c28 0x2dc 0x0 0x0 0x180007 0x0 0x48 0x2dc 0x240002 0x2dc 0x270003 0x2dc 0x28 0x330002 0x0 0x0 0x0 0x0 0x0 0x0 0x0 0x9 0x5 0x0 0x0 0x0 0xffffffffffffffff 0x0 oops 2 2 java/lang/String 12 java/lang/String methods 0
ciMethodData java/lang/StringLatin1 getChars ([BII[CI)V 1 732 orig 80 0 0 0 0 0 0 0 0 0 0 0 0 0 0 0 0 0 0 0 0 0 0 0 0 0 0 0 0 0 0 0 0 0 0 0 0 0 0 0 0 0 0 0 0 0 0 0 0 0 0 0 0 0 0 0 0 0 0 0 0 0 0 0 0 0 0 0 0 0 0 0 0 0 0 0 0 0 0 0 0 data 15 0x80002 0x2dc 0x0 0x0 0x0 0x0 0x0 0x0 0x9 0x5 0x0 0x0 0x0 0xffffffffffffffff 0x0 oops 0 methods 0
ciMethodData java/lang/StringUTF16 getChars ([BII[CI)V 1 0 orig 80 0 0 0 0 0 0 0 0 0 0 0 0 0 0 0 0 0 0 0 0 0 0 0 0 0 0 0 0 0 0 0 0 0 0 0 0 0 0 0 0 0 0 0 0 0 0 0 0 0 0 0 0 0 0 0 0 0 0 0 0 0 0 0 0 0 0 0 0 0 0 0 0 0 0 0 0 0 0 0 0 data 28 0x20007 0x0 0x30 0x0 0xa0002 0x0 0x130007 0x0 0x48 0x0 0x1f0002 0x0 0x260003 0x0 0xffffffffffffffd0 0x0 0x0 0x0 0x0 0x0 0x0 0x9 0x5 0x0 0x0 0x0 0xffffffffffffffff 0x0 oops 0 methods 0
ciMethodData sun/java2d/pipe/ValidatePipe validate (Lsun/java2d/SunGraphics2D;)Z 2 3698 orig 80 0 0 0 0 0 0 0 0 0 0 0 0 0 0 0 0 0 0 0 0 0 0 0 0 0 0 0 0 0 0 0 0 0 0 0 0 0 0 0 0 0 0 0 0 0 0 0 0 0 0 0 0 0 0 0 0 0 0 0 0 0 0 0 0 0 0 0 0 0 0 0 0 0 0 0 0 0 0 0 0 data 16 0x10005 0x0 0x25dfd072848 0xe72 0x0 0x0 0x0 0x0 0x0 0x0 0x0 0x0 0x9 0x2 0x0 0x0 oops 1 2 sun/java2d/SunGraphics2D methods 0
ciMethodData sun/java2d/SunGraphics2D validatePipe ()V 2 4382 orig 80 0 0 0 0 0 0 0 0 0 0 0 0 0 0 0 0 0 0 0 0 0 0 0 0 0 0 0 0 0 0 0 0 0 0 0 0 0 0 0 0 0 0 0 0 0 0 0 0 0 0 0 0 0 0 0 0 0 0 0 0 0 0 0 0 0 0 0 0 0 0 0 0 0 0 0 0 0 0 0 0 data 27 0x40005 0x28 0x25dfef50a30 0xe1c 0x25dfd0e4fb0 0x2da 0x70007 0x111e 0x30 0x0 0x110002 0x0 0x1a0005 0x0 0x25dfef50a30 0xe44 0x25dfd0e4fb0 0x2da 0x0 0x0 0x0 0x0 0x0 0x0 0x9 0x1 0x0 oops 4 2 sun/awt/image/BufImgSurfaceData 4 sun/java2d/windows/GDIWindowSurfaceData 14 sun/awt/image/BufImgSurfaceData 16 sun/java2d/windows/GDIWindowSurfaceData methods 0
ciMethodData sun/java2d/ReentrantContextProviderTL acquire ()Lsun/java2d/ReentrantContext; 2 4384 orig 80 0 0 0 0 0 0 0 0 0 0 0 0 0 0 0 0 0 0 0 0 0 0 0 0 0 0 0 0 0 0 0 0 0 0 0 0 0 0 0 0 0 0 0 0 0 0 0 0 0 0 0 0 0 0 0 0 0 0 0 0 0 0 0 0 0 0 0 0 0 0 0 0 0 0 0 0 0 0 0 0 data 72 0x60005 0x0 0x25dfeabc5f0 0x1120 0x0 0x0 0x90004 0x0 0x25dfeabdf40 0x890 0x25df84a2a18 0x890 0xe0007 0x0 0x80 0x1120 0x120005 0x0 0x25dfeabdf40 0x890 0x25df84a2a18 0x890 0x150004 0x0 0x25dfeab7fb8 0x890 0x25dfeabdfe8 0x890 0x1a0007 0x1120 0xb0 0x0 0x1e0005 0x0 0x0 0x0 0x0 0x0 0x280005 0x0 0x0 0x0 0x0 0x0 0x2b0005 0x0 0x0 0x0 0x0 0x0 0x320007 0x0 0x38 0x1120 0x3a0003 0x1120 0x48 0x410005 0x0 0x0 0x0 0x0 0x0 0x0 0x0 0x0 0x0 0x0 0x0 0x9 0x1 0x0 oops 7 2 java/lang/ThreadLocal 8 sun/java2d/ReentrantContextProvider$HardReference 10 java/lang/ref/SoftReference 18 sun/java2d/ReentrantContextProvider$HardReference 20 java/lang/ref/SoftReference 24 sun/java2d/pipe/AAShapePipe$TileState 26 sun/java2d/marlin/RendererContext methods 0
ciMethodData sun/java2d/ReentrantContextProviderTL release (Lsun/java2d/ReentrantContext;)V 2 4384 orig 80 0 0 0 0 0 0 0 0 0 0 0 0 0 0 0 0 0 0 0 0 0 0 0 0 0 0 0 0 0 0 0 0 0 0 0 0 0 0 0 0 0 0 0 0 0 0 0 0 0 0 0 0 0 0 0 0 0 0 0 0 0 0 0 0 0 0 0 0 0 0 0 0 0 0 0 0 0 0 0 0 data 23 0x50007 0x0 0x38 0x1120 0xd0003 0x1120 0x48 0x150005 0x0 0x0 0x0 0x0 0x0 0x0 0x0 0x0 0x0 0x0 0x0 0x9 0x2 0x0 0x0 oops 0 methods 0
ciMethodData sun/awt/image/PixelConverter$Xrgb rgbToPixel (ILjava/awt/image/ColorModel;)I 2 1024 orig 80 0 0 0 0 0 0 0 0 0 0 0 0 0 0 0 0 0 0 0 0 0 0 0 0 0 0 0 0 0 0 0 0 0 0 0 0 0 0 0 0 0 0 0 0 0 0 0 0 0 0 0 0 0 0 0 0 0 0 0 0 0 0 0 0 0 0 0 0 0 0 0 0 0 0 0 0 0 0 0 0 data 6 0x0 0x9 0x3 0x0 0x0 0x0 oops 0 methods 0
ciMethodData sun/font/SunFontManager getInstance ()Lsun/font/SunFontManager; 2 3624 orig 80 0 0 0 0 0 0 0 0 0 0 0 0 0 0 0 0 0 0 0 0 0 0 0 0 0 0 0 0 0 0 0 0 0 0 0 0 0 0 0 0 0 0 0 0 0 0 0 0 0 0 0 0 0 0 0 0 0 0 0 0 0 0 0 0 0 0 0 0 0 0 0 0 0 0 0 0 0 0 0 0 data 16 0x2 0xe28 0x50004 0x0 0x25df84e5b98 0xe28 0x0 0x0 0x0 0x0 0x0 0x0 0x0 0x0 0x9 0x0 oops 1 4 sun/awt/Win32FontManager methods 0
ciMethodData sun/java2d/SurfaceData validatePipe (Lsun/java2d/SunGraphics2D;)V 2 3620 orig 80 0 0 0 0 0 0 0 0 0 0 0 0 0 0 0 0 0 0 0 0 0 0 0 0 0 0 0 0 0 0 0 0 0 0 0 0 0 0 0 0 0 0 0 0 0 0 0 0 0 0 0 0 0 0 0 0 0 0 0 0 0 0 0 0 0 0 0 0 0 0 0 0 0 0 0 0 0 0 0 0 data 321 0xc0007 0xe24 0x180 0x0 0x140007 0x0 0x38 0x0 0x330003 0x0 0x678 0x380005 0x0 0x0 0x0 0x0 0x0 0x3b0007 0x0 0x38 0x0 0x490003 0x0 0x18 0x5c0007 0x0 0x38 0x0 0x700003 0x0 0x88 0x780007 0x0 0x38 0x0 0x850003 0x0 0x50 0x8c0007 0x0 0x38 0x0 0x940003 0x0 0x18 0xac0003 0x0 0x550 0xb40007 0xe24 0xe0 0x0 0xbc0007 0x0 0x70 0x0 0xc40007 0x0 0x38 0x0 0xe30003 0x0 0x4d8 0x1020003 0x0 0x4c0 0x11f0007 0x0 0x38 0x0 0x1290003 0x0 0x488 0x1330003 0x0 0x470 0x13b0007 0x2d4 0x200 0xb50 0x1410005 0x0 0x25dfef50a30 0xb50 0x0 0x0 0x14b0007 0x2d4 0x160 0x87c 0x1530007 0x87c 0x38 0x0 0x1720003 0x0 0x3c8 0x1790005 0x0 0x25dfd0eabc0 0x87c 0x0 0x0 0x17c0007 0x0 0x38 0x87c 0x1820003 0x87c 0x18 0x19d0007 0x0 0x40 0x87c 0x1a40007 0x2d4 0x38 0x5a8 0x1ae0003 0x5a8 0x48 0x1b50005 0x2d4 0x0 0x0 0x0 0x0 0x1bb0003 0x87c 0x2c0 0x1c30007 0x2d4 0x38 0x0 0x1e20003 0x0 0x288 0x2010003 0x2d4 0x270 0x2090007 0x0 0x60 0x2d4 0x2100007 0x0 0x40 0x2d4 0x2180007 0x2d4 0x110 0x0 0x2330005 0x0 0x0 0x0 0x0 0x0 0x23d0007 0x0 0x70 0x0 0x2450007 0x0 0x38 0x0 0x24f0003 0x0 0x188 0x2590003 0x0 0x170 0x2610007 0x0 0x38 0x0 0x26b0003 0x0 0x138 0x2750003 0x0 0x120 0x27a0005 0x0 0x25dfef50a30 0x2d4 0x0 0x0 0x27d0007 0x0 0x38 0x2d4 0x28b0003 0x2d4 0x18 0x29e0007 0x0 0x38 0x2d4 0x2ab0003 0x2d4 0x50 0x2b20007 0x0 0x38 0x0 0x2ba0003 0x0 0x18 0x2cf0005 0x2d4 0x0 0x0 0x0 0x0 0x2d90004 0x2d4 0x25dfef02578 0x2d4 0x25dfd5a6f28 0x87c 0x2dc0007 0x5a8 0x160 0x87c 0x2e30004 0x0 0x25dfef508e0 0x87c 0x0 0x0 0x2e60007 0x0 0x110 0x87c 0x2ed0004 0x0 0x25dfef508e0 0x87c 0x0 0x0 0x2f00007 0x0 0xc0 0x87c 0x2f70004 0x0 0x25dfef508e0 0x87c 0x0 0x0 0x2fa0007 0x0 0x70 0x87c 0x3010004 0x0 0x25dfef026e0 0x87c 0x0 0x0 0x3040007 0x87c 0x50 0x0 0x30a0005 0x0 0x25dfef50a30 0x5a8 0x0 0x0 0x0 0x0 0x0 0x0 0x0 0x0 0x0 0x0 0x0 0x0 0x0 0x0 0x0 0x0 0x0 0x0 0x0 0x0 0x0 0x0 0x0 0x0 0x0 0x0 0x0 0x0 0x0 0x0 0x0 0x0 0x0 0x0 0x0 0x0 0x0 0x0 0x0 0x0 0x0 0x0 0x0 0x0 0x0 0x0 0x0 0x0 0x9 0x2 0x0 0x0 oops 10 82 sun/awt/image/BufImgSurfaceData 99 sun/java2d/loops/MaskFill 184 sun/awt/image/BufImgSurfaceData 217 sun/java2d/pipe/AATextRenderer 219 sun/java2d/pipe/TextRenderer 227 sun/java2d/pipe/PixelToParallelogramConverter 237 sun/java2d/pipe/PixelToParallelogramConverter 247 sun/java2d/pipe/PixelToParallelogramConverter 257 sun/java2d/pipe/DrawImage 267 sun/awt/image/BufImgSurfaceData methods 0
ciMethodData sun/java2d/SunGraphics2D getCompClip ()Lsun/java2d/pipe/Region; 2 3610 orig 80 0 0 0 0 0 0 0 0 0 0 0 0 0 0 0 0 0 0 0 0 0 0 0 0 0 0 0 0 0 0 0 0 0 0 0 0 0 0 0 0 0 0 0 0 0 0 0 0 0 0 0 0 0 0 0 0 0 0 0 0 0 0 0 0 0 0 0 0 0 0 0 0 0 0 0 0 0 0 0 0 data 25 0x40005 0x0 0x25dfef50a30 0xb48 0x25dfd0e4fb0 0x2d2 0x70007 0xe1a 0x50 0x0 0xb0005 0x0 0x0 0x0 0x0 0x0 0x0 0x0 0x0 0x0 0x0 0x0 0x9 0x1 0x0 oops 2 2 sun/awt/image/BufImgSurfaceData 4 sun/java2d/windows/GDIWindowSurfaceData methods 0
ciMethodData sun/java2d/SunGraphics2D getFontInfo ()Lsun/java2d/loops/FontInfo; 2 3609 orig 80 0 0 0 0 0 0 0 0 0 0 0 0 0 0 0 0 0 0 0 0 0 0 0 0 0 0 0 0 0 0 0 0 0 0 0 0 0 0 0 0 0 0 0 0 0 0 0 0 0 0 0 0 0 0 0 0 0 0 0 0 0 0 0 0 0 0 0 0 0 0 0 0 0 0 0 0 0 0 0 0 data 19 0x40007 0x5a4 0x50 0x875 0x120005 0x0 0x25dfd072848 0x875 0x0 0x0 0x0 0x0 0x0 0x0 0x0 0x0 0x9 0x1 0xffffffffffffffff oops 1 6 sun/java2d/SunGraphics2D methods 0
ciMethodData sun/java2d/SunGraphics2D checkFontInfo (Lsun/java2d/loops/FontInfo;Ljava/awt/Font;Ljava/awt/font/FontRenderContext;)Lsun/java2d/loops/FontInfo; 2 2166 orig 80 0 0 0 0 0 0 0 0 0 0 0 0 0 0 0 0 0 0 0 0 0 0 0 0 0 0 0 0 0 0 0 0 0 0 0 0 0 0 0 0 0 0 0 0 0 0 0 0 0 0 0 0 0 0 0 0 0 0 0 0 0 0 0 0 0 0 0 0 0 0 0 0 0 0 0 0 0 0 0 0 data 338 0x10007 0x5a4 0x30 0x2d2 0x80002 0x2d2 0xd0005 0x0 0x25dfd0767f8 0x876 0x0 0x0 0x160005 0x0 0x25dfd0767f8 0x876 0x0 0x0 0x190007 0x876 0x2d0 0x0 0x1d0005 0x0 0x0 0x0 0x0 0x0 0x2a0005 0x0 0x0 0x0 0x0 0x0 0x2f0005 0x0 0x0 0x0 0x0 0x0 0x370005 0x0 0x0 0x0 0x0 0x0 0x410005 0x0 0x0 0x0 0x0 0x0 0x560005 0x0 0x0 0x0 0x0 0x0 0x5e0007 0x0 0xa8 0x0 0x6d0005 0x0 0x0 0x0 0x0 0x0 0x780002 0x0 0x810005 0x0 0x0 0x0 0x0 0x0 0x840003 0x0 0x18 0x9d0005 0x0 0x0 0x0 0x0 0x0 0xa20005 0x0 0x0 0x0 0x0 0x0 0xa90005 0x0 0x0 0x0 0x0 0x0 0xb20007 0x0 0x30 0x0 0xc00002 0x0 0xc80002 0x0 0xd30003 0x0 0x220 0xe80007 0x0 0x160 0x876 0xf70005 0x0 0x25dfd7f1dc8 0x876 0x0 0x0 0x1020002 0x876 0x1140007 0x876 0x38 0x21d8 0x12c0003 0x21d8 0xffffffffffffffe0 0x1370002 0x876 0x1400005 0x0 0x25dfd7f1dc8 0x876 0x0 0x0 0x1490005 0x0 0x25dfd7f1dc8 0x876 0x0 0x0 0x1520007 0x876 0x30 0x0 0x1600002 0x0 0x16c0002 0x876 0x1770003 0x876 0xc0 0x1850007 0x0 0x78 0x0 0x18c0007 0x0 0x58 0x0 0x1930007 0x0 0x38 0x0 0x1ae0003 0x0 0x18 0x1bf0007 0x0 0x30 0x0 0x1e50002 0x0 0x1f90005 0x0 0x25dfd7f1dc8 0x876 0x0 0x0 0x1fc0002 0x876 0x2030007 0x876 0x38 0x0 0x2070003 0x0 0x18 0x2100002 0x876 0x21e0007 0x876 0x20 0x0 0x22a0007 0x0 0x38 0x876 0x2330003 0x876 0xa8 0x2370005 0x0 0x0 0x0 0x0 0x0 0x23a0004 0x0 0x0 0x0 0x0 0x0 0x23d0005 0x0 0x0 0x0 0x0 0x0 0x2440007 0x0 0x70 0x876 0x24c0007 0x0 0x38 0x876 0x2520003 0x876 0x208 0x2580003 0x0 0x1f0 0x25e0007 0x0 0xa0 0x0 0x2690005 0x0 0x0 0x0 0x0 0x0 0x26c0007 0x0 0x38 0x0 0x2720003 0x0 0x168 0x2780003 0x0 0x150 0x27e0007 0x0 0x138 0x0 0x2860005 0x0 0x0 0x0 0x0 0x0 0x2890007 0x0 0x38 0x0 0x28f0003 0x0 0xc8 0x29a0007 0x0 0x38 0x0 0x2a50003 0x0 0x38 0x2ac0007 0x0 0x20 0x0 0x2bc0007 0x0 0x58 0x0 0x2c20007 0x0 0x38 0x0 0x2c60003 0x0 0x18 0x2d00007 0x876 0x40 0x0 0x2d60007 0x0 0x20 0x0 0x2f00005 0x0 0x25df84e5198 0x876 0x0 0x0 0x0 0x0 0x0 0x0 0x0 0x0 0x0 0x0 0x0 0x0 0x0 0x0 0x0 0x0 0x0 0x0 0x0 0x0 0x0 0x0 0x0 0x0 0x0 0x0 0x0 0x0 0x9 0x4 0x0 0x0 0x0 0x0 oops 7 8 java/awt/Font 14 java/awt/Font 114 java/awt/geom/AffineTransform 131 java/awt/geom/AffineTransform 137 java/awt/geom/AffineTransform 175 java/awt/geom/AffineTransform 302 sun/font/CompositeFont methods 0
ciMethodData java/awt/Font getAttributeValues ()Lsun/font/AttributeValues; 2 3606 orig 80 0 0 0 0 0 0 0 0 0 0 0 0 0 0 0 0 0 0 0 0 0 0 0 0 0 0 0 0 0 0 0 0 0 0 0 0 0 0 0 0 0 0 0 0 0 0 0 0 0 0 0 0 0 0 0 0 0 0 0 0 0 0 0 0 0 0 0 0 0 0 0 0 0 0 0 0 0 0 0 0 data 53 0x40007 0xb45 0x160 0x2d1 0xb0002 0x2d1 0x140005 0x0 0x25dfd6b90e0 0x2d1 0x0 0x0 0x1c0005 0x0 0x25dfd6b90e0 0x2d1 0x0 0x0 0x250007 0x0 0x50 0x2d1 0x2a0005 0x0 0x25dfd6b90e0 0x2d1 0x0 0x0 0x330007 0x2d1 0x50 0x0 0x390005 0x0 0x0 0x0 0x0 0x0 0x400005 0x0 0x25dfd6b90e0 0x2d1 0x0 0x0 0x0 0x0 0x0 0x0 0x0 0x0 0x9 0x1 0x180 oops 4 8 sun/font/AttributeValues 14 sun/font/AttributeValues 24 sun/font/AttributeValues 40 sun/font/AttributeValues methods 0
ciMethodData sun/font/AttributeValues <init> ()V 1 721 orig 80 0 0 0 0 0 0 0 0 0 0 0 0 0 0 0 0 0 0 0 0 0 0 0 0 0 0 0 0 0 0 0 0 0 0 0 0 0 0 0 0 0 0 0 0 0 0 0 0 0 0 0 0 0 0 0 0 0 0 0 0 0 0 0 0 0 0 0 0 0 0 0 0 0 0 0 0 0 0 0 0 data 11 0x10002 0x2d1 0x0 0x0 0x0 0x0 0x0 0x0 0x9 0x1 0x0 oops 0 methods 0
ciMethodData sun/font/AttributeValues setFamily (Ljava/lang/String;)V 1 721 orig 80 0 0 0 0 0 0 0 0 0 0 0 0 0 0 0 0 0 0 0 0 0 0 0 0 0 0 0 0 0 0 0 0 0 0 0 0 0 0 0 0 0 0 0 0 0 0 0 0 0 0 0 0 0 0 0 0 0 0 0 0 0 0 0 0 0 0 0 0 0 0 0 0 0 0 0 0 0 0 0 0 data 16 0x90005 0x2d1 0x0 0x0 0x0 0x0 0x0 0x0 0x0 0x0 0x0 0x0 0x9 0x2 0x0 0x0 oops 0 methods 0
ciMethodData sun/font/AttributeValues update (Lsun/font/EAttribute;)V 2 2166 orig 80 0 0 0 0 0 0 0 0 0 0 0 0 0 0 0 0 0 0 0 0 0 0 0 0 0 0 0 0 0 0 0 0 0 0 0 0 0 0 0 0 0 0 0 0 0 0 0 0 0 0 0 0 0 0 0 0 0 0 0 0 0 0 0 0 0 0 0 0 0 0 0 0 0 0 0 0 0 0 0 0 data 42 0xf0005 0x876 0x0 0x0 0x0 0x0 0x120007 0x0 0xa0 0x876 0x1a0005 0x876 0x0 0x0 0x0 0x0 0x1d0007 0x876 0x38 0x0 0x2f0003 0x0 0x60 0x3f0003 0x876 0x48 0x440005 0x0 0x0 0x0 0x0 0x0 0x0 0x0 0x0 0x0 0x0 0x0 0x9 0x2 0xffffffffffffffff 0xffffffffffffffff oops 0 methods 0
ciMethodData sun/font/AttributeValues setSize (F)V 1 721 orig 80 0 0 0 0 0 0 0 0 0 0 0 0 0 0 0 0 0 0 0 0 0 0 0 0 0 0 0 0 0 0 0 0 0 0 0 0 0 0 0 0 0 0 0 0 0 0 0 0 0 0 0 0 0 0 0 0 0 0 0 0 0 0 0 0 0 0 0 0 0 0 0 0 0 0 0 0 0 0 0 0 data 16 0x90005 0x2d1 0x0 0x0 0x0 0x0 0x0 0x0 0x0 0x0 0x0 0x0 0x9 0x2 0x0 0x0 oops 0 methods 0
ciMethodData sun/font/AttributeValues setWeight (F)V 1 721 orig 80 0 0 0 0 0 0 0 0 0 0 0 0 0 0 0 0 0 0 0 0 0 0 0 0 0 0 0 0 0 0 0 0 0 0 0 0 0 0 0 0 0 0 0 0 0 0 0 0 0 0 0 0 0 0 0 0 0 0 0 0 0 0 0 0 0 0 0 0 0 0 0 0 0 0 0 0 0 0 0 0 data 16 0x90005 0x2d1 0x0 0x0 0x0 0x0 0x0 0x0 0x0 0x0 0x0 0x0 0x9 0x2 0x0 0x0 oops 0 methods 0
ciMethodData sun/font/AttributeValues defineAll (I)V 1 721 orig 80 0 0 0 0 0 0 0 0 0 0 0 0 0 0 0 0 0 0 0 0 0 0 0 0 0 0 0 0 0 0 0 0 0 0 0 0 0 0 0 0 0 0 0 0 0 0 0 0 0 0 0 0 0 0 0 0 0 0 0 0 0 0 0 0 0 0 0 0 0 0 0 0 0 0 0 0 0 0 0 0 data 14 0x150007 0x2d1 0x30 0x0 0x1e0002 0x0 0x0 0x0 0x0 0x0 0x9 0x2 0x0 0x0 oops 0 methods 0
ciMethodData java/awt/Color <init> (III)V 2 2136 orig 80 0 0 0 0 0 0 0 0 0 0 0 0 0 0 0 0 0 0 0 0 0 0 0 0 0 0 0 0 0 0 0 0 0 0 0 0 0 0 0 0 0 0 0 0 0 0 0 0 0 0 0 0 0 0 0 0 0 0 0 0 0 0 0 0 0 0 0 0 0 0 0 0 0 0 0 0 0 0 0 0 data 10 0x70002 0x858 0x0 0x0 0x9 0x4 0x1e 0x0 0x0 0x0 oops 0 methods 0
ciMethodData java/awt/Font hashCode ()I 2 2838 orig 80 0 0 0 0 0 0 0 0 0 0 0 0 0 0 0 0 0 0 0 0 0 0 0 0 0 0 0 0 0 0 0 0 0 0 0 0 0 0 0 0 0 0 0 0 0 0 0 0 0 0 0 0 0 0 0 0 0 0 0 0 0 0 0 0 0 0 0 0 0 0 0 0 0 0 0 0 0 0 0 0 data 50 0x40007 0x58b 0x140 0x58b 0xc0005 0x0 0x25df84a1c28 0x58b 0x0 0x0 0x200007 0x58b 0xf0 0x0 0x270007 0x0 0xd0 0x0 0x2e0005 0x0 0x0 0x0 0x0 0x0 0x310007 0x0 0x80 0x0 0x3d0005 0x0 0x0 0x0 0x0 0x0 0x400005 0x0 0x0 0x0 0x0 0x0 0x0 0x0 0x0 0x0 0x0 0x0 0x0 0x9 0x1 0x0 oops 1 6 java/lang/String methods 0
ciMethodData java/awt/font/FontRenderContext hashCode ()I 2 2838 orig 80 0 0 0 0 0 0 0 0 0 0 0 0 0 0 0 0 0 0 0 0 0 0 0 0 0 0 0 0 0 0 0 0 0 0 0 0 0 0 0 0 0 0 0 0 0 0 0 0 0 0 0 0 0 0 0 0 0 0 0 0 0 0 0 0 0 0 0 0 0 0 0 0 0 0 0 0 0 0 0 0 data 65 0x40007 0xb16 0x38 0x0 0x80003 0x0 0x48 0xf0005 0x0 0x25dfd7f1dc8 0xb16 0x0 0x0 0x170007 0xb16 0xf8 0x0 0x1c0005 0x0 0x0 0x0 0x0 0x0 0x1f0005 0x0 0x0 0x0 0x0 0x0 0x260005 0x0 0x0 0x0 0x0 0x0 0x290005 0x0 0x0 0x0 0x0 0x0 0x2e0003 0x0 0x78 0x360005 0x0 0x25dfef121c8 0xb16 0x0 0x0 0x400005 0x0 0x25dfef121c8 0xb16 0x0 0x0 0x0 0x0 0x0 0x0 0x0 0x0 0x9 0x1 0x0 oops 3 9 java/awt/geom/AffineTransform 46 sun/awt/SunHints$Value 52 sun/awt/SunHints$Value methods 0
ciMethodData sun/java2d/SunGraphics2D getFontRenderContext ()Ljava/awt/font/FontRenderContext; 2 2835 orig 80 0 0 0 0 0 0 0 0 0 0 0 0 0 0 0 0 0 0 0 0 0 0 0 0 0 0 0 0 0 0 0 0 0 0 0 0 0 0 0 0 0 0 0 0 0 0 0 0 0 0 0 0 0 0 0 0 0 0 0 0 0 0 0 0 0 0 0 0 0 0 0 0 0 0 0 0 0 0 0 0 data 83 0x40007 0x84d 0x238 0x2c5 0xd0007 0x0 0x40 0x2c5 0x150007 0x0 0x20 0x2c5 0x210007 0x0 0x1a8 0x2c5 0x280005 0x0 0x25dfd7f1dc8 0x2c5 0x0 0x0 0x2d0007 0x0 0x88 0x2c5 0x340005 0x0 0x25dfd7f1dc8 0x2c5 0x0 0x0 0x390007 0x0 0x38 0x2c5 0x410003 0x2c5 0xe8 0x4c0005 0x0 0x0 0x0 0x0 0x0 0x530005 0x0 0x0 0x0 0x0 0x0 0x5a0005 0x0 0x0 0x0 0x0 0x0 0x610005 0x0 0x0 0x0 0x0 0x0 0x660002 0x0 0x720002 0x2c5 0x7a0002 0x2c5 0x7d0002 0x2c5 0x0 0x0 0x0 0x0 0x0 0x0 0x0 0x0 0x0 0x9 0x1 0x6000000 oops 2 18 java/awt/geom/AffineTransform 28 java/awt/geom/AffineTransform methods 0
ciMethodData java/awt/font/FontRenderContext <init> (Ljava/awt/geom/AffineTransform;Ljava/lang/Object;Ljava/lang/Object;)V 1 709 orig 80 0 0 0 0 0 0 0 0 0 0 0 0 0 0 0 0 0 0 0 0 0 0 0 0 0 0 0 0 0 0 0 0 0 0 0 0 0 0 0 0 0 0 0 0 0 0 0 0 0 0 0 0 0 0 0 0 0 0 0 0 0 0 0 0 0 0 0 0 0 0 0 0 0 0 0 0 0 0 0 0 data 104 0x10002 0x2c5 0x50007 0x0 0x80 0x2c5 0x90005 0x0 0x25dfd7f1dc8 0x2c5 0x0 0x0 0xc0007 0x0 0x30 0x2c5 0x150002 0x2c5 0x1f0005 0x0 0x25dfd294238 0x2c5 0x0 0x0 0x220007 0x0 0x38 0x2c5 0x2a0003 0x2c5 0x68 0x320002 0x0 0x35000a 0x0 0x3 0x0 0x0 0x25df84a1c28 0x3a0002 0x0 0x3e0003 0x2c5 0x68 0x480002 0x0 0x4b000a 0x0 0x3 0x0 0x0 0x25df84a1c28 0x500002 0x0 0x580005 0x0 0x25dfd294238 0x2c5 0x0 0x0 0x5b0007 0x0 0x38 0x2c5 0x630003 0x2c5 0x68 0x6b0002 0x0 0x6e000a 0x0 0x3 0x0 0x0 0x25df84a1c28 0x730002 0x0 0x770003 0x2c5 0x68 0x810002 0x0 0x84000a 0x0 0x3 0x0 0x0 0x25df84a1c28 0x890002 0x0 0x0 0x0 0x0 0x0 0x0 0x0 0x9 0x4 0x0 0x0 0x0 0x0 0x410001 0x7a0001 oops 7 8 java/awt/geom/AffineTransform 20 sun/awt/SunHints$Key 38 java/lang/String 51 java/lang/String 56 sun/awt/SunHints$Key 74 java/lang/String 87 java/lang/String methods 0
ciMethodData sun/java2d/SurfaceData getPaintSurfaceType (Lsun/java2d/SunGraphics2D;)Lsun/java2d/loops/SurfaceType; 2 2841 orig 80 0 0 0 0 0 0 0 0 0 0 0 0 0 0 0 0 0 0 0 0 0 0 0 0 0 0 0 0 0 0 0 0 0 0 0 0 0 0 0 0 0 0 0 0 0 0 0 0 0 0 0 0 0 0 0 0 0 0 0 0 0 0 0 0 0 0 0 0 0 0 0 0 0 0 0 0 0 0 0 0 data 70 0x40008 0x10 0x0 0x1d0 0x2c6 0x90 0x58c 0x90 0x2c7 0x90 0x0 0xe0 0x0 0x130 0x0 0x180 0x0 0x1d0 0x3c0005 0x0 0x25dfd074da0 0x2c7 0x0 0x0 0x420007 0x0 0x20 0x2c7 0x510005 0x0 0x0 0x0 0x0 0x0 0x570007 0x0 0x20 0x0 0x660005 0x0 0x0 0x0 0x0 0x0 0x6c0007 0x0 0x20 0x0 0x7b0005 0x0 0x0 0x0 0x0 0x0 0x810007 0x0 0x20 0x0 0x0 0x0 0x0 0x0 0x0 0x0 0x0 0x0 0x0 0x9 0x1 0x0 oops 1 20 java/awt/GradientPaint methods 0
ciMethodData sun/java2d/SurfaceData getFillCompositeType (Lsun/java2d/SunGraphics2D;)Lsun/java2d/loops/CompositeType; 2 2841 orig 80 0 0 0 0 0 0 0 0 0 0 0 0 0 0 0 0 0 0 0 0 0 0 0 0 0 0 0 0 0 0 0 0 0 0 0 0 0 0 0 0 0 0 0 0 0 0 0 0 0 0 0 0 0 0 0 0 0 0 0 0 0 0 0 0 0 0 0 0 0 0 0 0 0 0 0 0 0 0 0 0 data 20 0x90007 0x58c 0x58 0x58d 0x100007 0x0 0x38 0x58d 0x170003 0x58d 0x18 0x0 0x0 0x0 0x0 0x0 0x0 0x9 0x1 0x0 oops 0 methods 0
ciMethodData java/awt/Font equals (Ljava/lang/Object;)Z 2 2833 orig 80 0 0 0 0 0 0 0 0 0 0 0 0 0 0 0 0 0 0 0 0 0 0 0 0 0 0 0 0 0 0 0 0 0 0 0 0 0 0 0 0 0 0 0 0 0 0 0 0 0 0 0 0 0 0 0 0 0 0 0 0 0 0 0 0 0 0 0 0 0 0 0 0 0 0 0 0 0 0 0 0 data 95 0x20007 0xb11 0x20 0x0 0x80004 0x0 0x25dfd0767f8 0xb11 0x0 0x0 0xb0007 0x0 0x240 0xb11 0xf0004 0x0 0x25dfd0767f8 0xb11 0x0 0x0 0x1b0007 0x0 0x1f0 0xb11 0x260007 0x0 0x1d0 0xb11 0x310007 0x0 0x1b0 0xb11 0x3c0007 0x0 0x190 0xb11 0x480007 0x0 0x170 0xb11 0x530005 0x0 0x25df84a1c28 0xb11 0x0 0x0 0x560007 0x0 0x120 0xb11 0x5d0007 0x588 0xa0 0x589 0x640007 0x2c4 0x20 0x2c5 0x6a0005 0x2c4 0x0 0x0 0x0 0x0 0x710005 0x0 0x25dfd6b90e0 0x2c4 0x0 0x0 0x7a0005 0x588 0x0 0x0 0x0 0x0 0x7d0005 0x0 0x25dfd6b90e0 0x588 0x0 0x0 0x0 0x0 0x0 0x0 0x0 0x0 0x0 0x0 0x0 0x9 0x2 0x0 0x0 oops 5 6 java/awt/Font 16 java/awt/Font 42 java/lang/String 66 sun/font/AttributeValues 78 sun/font/AttributeValues methods 0
ciMethodData sun/font/AttributeValues equals (Lsun/font/AttributeValues;)Z 2 2127 orig 80 0 0 0 0 0 0 0 0 0 0 0 0 0 0 0 0 0 0 0 0 0 0 0 0 0 0 0 0 0 0 0 0 0 0 0 0 0 0 0 0 0 0 0 0 0 0 0 0 0 0 0 0 0 0 0 0 0 0 0 0 0 0 0 0 0 0 0 0 0 0 0 0 0 0 0 0 0 0 0 0 data 160 0x10007 0x84f 0x20 0x0 0x80007 0x84f 0x20 0x0 0x150007 0x0 0x3e8 0x84f 0x200007 0x0 0x3c8 0x84f 0x2b0007 0x0 0x3a8 0x84f 0x360007 0x0 0x388 0x84f 0x410007 0x0 0x368 0x84f 0x4d0007 0x0 0x348 0x84f 0x580007 0x0 0x328 0x84f 0x640007 0x0 0x308 0x84f 0x6f0007 0x0 0x2e8 0x84f 0x7a0007 0x0 0x2c8 0x84f 0x850007 0x0 0x2a8 0x84f 0x900007 0x0 0x288 0x84f 0x9b0002 0x84f 0x9e0007 0x0 0x258 0x84f 0xa90002 0x84f 0xac0007 0x0 0x228 0x84f 0xb70002 0x84f 0xba0007 0x0 0x1f8 0x84f 0xc50002 0x84f 0xc80007 0x0 0x1c8 0x84f 0xcf0002 0x84f 0xd60002 0x84f 0xd90002 0x84f 0xdc0007 0x0 0x178 0x84f 0xe70002 0x84f 0xea0007 0x0 0x148 0x84f 0xf60007 0x0 0x128 0x84f 0x1020007 0x0 0x108 0x84f 0x10e0007 0x0 0xe8 0x84f 0x1190002 0x84f 0x11c0007 0x0 0xb8 0x84f 0x1270002 0x84f 0x12a0007 0x0 0x88 0x84f 0x1350007 0x0 0x68 0x84f 0x1400002 0x84f 0x1430007 0x0 0x38 0x84f 0x1470003 0x84f 0x18 0x0 0x0 0x0 0x0 0x0 0x0 0x0 0x0 0x0 0x0 0x0 0x0 0x0 0x0 0x0 0x0 0x0 0x0 0x0 0x0 0x0 0x0 0x0 0x9 0x2 0x0 0x0 oops 0 methods 0
ciMethodData sun/font/FontDesignMetrics stringWidth (Ljava/lang/String;)I 2 1025 orig 80 0 0 0 0 0 0 0 0 0 0 0 0 0 0 0 0 0 0 0 0 0 0 0 0 0 0 0 0 0 0 0 0 0 0 0 0 0 0 0 0 0 0 0 0 0 0 0 0 0 0 0 0 0 0 0 0 0 0 0 0 0 0 0 0 0 0 0 0 0 0 0 0 0 0 0 0 0 0 0 0 data 102 0x60005 0x0 0x25dfd0767f8 0x401 0x0 0x0 0x90007 0x401 0xf8 0x0 0xd0007 0x0 0x30 0x0 0x170002 0x0 0x1c0005 0x0 0x0 0x0 0x0 0x0 0x1f0007 0x0 0x20 0x0 0x310002 0x0 0x340005 0x0 0x0 0x0 0x0 0x0 0x380003 0x0 0x1d0 0x3c0005 0x0 0x25df84a1c28 0x401 0x0 0x0 0x460007 0x401 0x188 0x3814 0x4c0005 0x0 0x25df84a1c28 0x3814 0x0 0x0 0x560007 0x0 0x68 0x3814 0x5d0005 0x3814 0x0 0x0 0x0 0x0 0x620003 0x3814 0xd0 0x670002 0x0 0x6a0007 0x0 0x78 0x0 0x7a0002 0x0 0x7d0005 0x0 0x0 0x0 0x0 0x0 0x810003 0x0 0x60 0x880005 0x0 0x0 0x0 0x0 0x0 0x900003 0x3814 0xfffffffffffffe90 0x0 0x0 0x0 0x0 0x0 0x0 0x9 0x2 0x0 0x0 oops 3 2 java/awt/Font 39 java/lang/String 49 java/lang/String methods 0
ciMethodData java/awt/font/TextLayout <init> (Ljava/lang/String;Ljava/awt/Font;Ljava/awt/font/FontRenderContext;)V 2 1399 orig 80 0 0 0 0 0 0 0 0 0 0 0 0 0 0 0 0 0 0 0 0 0 0 0 0 0 0 0 0 0 0 0 0 0 0 0 0 0 0 0 0 0 0 0 0 0 0 0 0 0 0 0 0 0 0 0 0 0 0 0 0 0 0 0 0 0 0 0 0 0 0 0 0 0 0 0 0 0 0 0 0 data 107 0x10002 0x577 0x230007 0x577 0x30 0x0 0x2c0002 0x0 0x310007 0x577 0x30 0x0 0x3a0002 0x0 0x3f0005 0x80 0x25df84a1c28 0x4f7 0x0 0x0 0x420007 0x577 0x30 0x0 0x4b0002 0x0 0x530005 0x0 0x25dfd0767f8 0x577 0x0 0x0 0x560007 0x577 0x50 0x0 0x5a0005 0x0 0x0 0x0 0x0 0x0 0x600005 0x80 0x25df84a1c28 0x4f7 0x0 0x0 0x6c0002 0x577 0x720007 0x0 0x68 0x577 0x7c0005 0x577 0x0 0x0 0x0 0x0 0x7f0003 0x577 0x100 0x840007 0x0 0x48 0x0 0x8c0002 0x0 0x8f0003 0x0 0x28 0x990002 0x0 0xa40005 0x0 0x0 0x0 0x0 0x0 0xaa0005 0x0 0x0 0x0 0x0 0x0 0xb00005 0x0 0x0 0x0 0x0 0x0 0x0 0x0 0x0 0x0 0x0 0x0 0x0 0x0 0x0 0x9 0x4 0x0 0x0 0x0 0x0 oops 3 16 java/lang/String 28 java/awt/Font 44 java/lang/String methods 0
ciMethodData java/awt/font/TextLayout ensureCache ()V 2 1400 orig 80 0 0 0 0 0 0 0 0 0 0 0 0 0 0 0 0 0 0 0 0 0 0 0 0 0 0 0 0 0 0 0 0 0 0 0 0 0 0 0 0 0 0 0 0 0 0 0 0 0 0 0 0 0 0 0 0 0 0 0 0 0 0 0 0 0 0 0 0 0 0 0 0 0 0 0 0 0 0 0 0 data 19 0x40007 0x0 0x50 0x578 0x80005 0x578 0x0 0x0 0x0 0x0 0x0 0x0 0x0 0x0 0x0 0x0 0x9 0x1 0x0 oops 0 methods 0
ciMethodData java/awt/font/TextLayout buildCache ()V 2 1400 orig 80 0 0 0 0 0 0 0 0 0 0 0 0 0 0 0 0 0 0 0 0 0 0 0 0 0 0 0 0 0 0 0 0 0 0 0 0 0 0 0 0 0 0 0 0 0 0 0 0 0 0 0 0 0 0 0 0 0 0 0 0 0 0 0 0 0 0 0 0 0 0 0 0 0 0 0 0 0 0 0 0 data 150 0x50005 0x80 0x25df8942898 0x4f8 0x0 0x0 0xf0005 0x80 0x25df8942898 0x4f8 0x0 0x0 0x120007 0x0 0x208 0x578 0x1e0007 0x0 0xd0 0x578 0x260005 0x80 0x25df8942898 0x4f8 0x0 0x0 0x2f0005 0x80 0x25df8942898 0x4f8 0x0 0x0 0x320007 0x0 0x38 0x578 0x350003 0x578 0x30 0x3b0003 0x0 0xffffffffffffff48 0x450007 0x0 0x38 0x578 0x530003 0x578 0xe0 0x580007 0x0 0x38 0x0 0x600003 0x0 0xa8 0x680005 0x0 0x0 0x0 0x0 0x0 0x720005 0x0 0x0 0x0 0x0 0x0 0x7a0005 0x0 0x0 0x0 0x0 0x0 0x810003 0x578 0x1b8 0x8b0007 0x0 0xd0 0x0 0x930005 0x0 0x0 0x0 0x0 0x0 0x9c0005 0x0 0x0 0x0 0x0 0x0 0x9f0007 0x0 0x38 0x0 0xa20003 0x0 0x30 0xa80003 0x0 0xffffffffffffff48 0xb00007 0x0 0x38 0x0 0xb80003 0x0 0xb0 0xbc0007 0x0 0x38 0x0 0xca0003 0x0 0x78 0xd20005 0x0 0x0 0x0 0x0 0x0 0xdb0005 0x0 0x0 0x0 0x0 0x0 0x0 0x0 0x0 0x0 0x0 0x0 0x0 0x0 0x0 0x0 0x0 0x0 0x0 0x0 0x0 0x0 0x0 0x0 0x9 0x1 0x0 oops 4 2 java/awt/font/TextLine 8 java/awt/font/TextLine 22 java/awt/font/TextLine 28 java/awt/font/TextLine methods 0
ciMethodData sun/font/AttributeValues i_validate (Lsun/font/EAttribute;)Z 2 2066 orig 80 0 0 0 0 0 0 0 0 0 0 0 0 0 0 0 0 0 0 0 0 0 0 0 0 0 0 0 0 0 0 0 0 0 0 0 0 0 0 0 0 0 0 0 0 0 0 0 0 0 0 0 0 0 0 0 0 0 0 0 0 0 0 0 0 0 0 0 0 0 0 0 0 0 0 0 0 0 0 0 0 data 259 0x40005 0x0 0x25dfd630678 0x812 0x0 0x0 0x80008 0x30 0x0 0x690 0x2b0 0x190 0x2b1 0x200 0x0 0x258 0x0 0x2b0 0x2b1 0x308 0x0 0x340 0x0 0x3b0 0x0 0x408 0x0 0x408 0x0 0x408 0x0 0x408 0x0 0x408 0x0 0x460 0x0 0x460 0x0 0x4b8 0x0 0x510 0x0 0x530 0x0 0x530 0x0 0x588 0x0 0x588 0x0 0x588 0x0 0x5e0 0x0 0x638 0x780007 0x0 0x70 0x2b0 0x7f0005 0x0 0x25df84a1c28 0x2b0 0x0 0x0 0x820007 0x2b0 0x20 0x0 0x970007 0x0 0x58 0x2b1 0xa20007 0x0 0x38 0x2b1 0xa60003 0x2b1 0x18 0xb30007 0x0 0x58 0x0 0xbe0007 0x0 0x38 0x0 0xc20003 0x0 0x18 0xcf0007 0x0 0x58 0x0 0xd80007 0x0 0x38 0x0 0xdc0003 0x0 0x18 0xe70007 0x0 0x38 0x2b1 0xeb0003 0x2b1 0x18 0xf40007 0x0 0x70 0x0 0xfb0005 0x0 0x0 0x0 0x0 0x0 0xfe0007 0x0 0x20 0x0 0x1130007 0x0 0x58 0x0 0x11c0007 0x0 0x38 0x0 0x1200003 0x0 0x18 0x1320007 0x0 0x58 0x0 0x13b0007 0x0 0x38 0x0 0x13f0003 0x0 0x18 0x14c0007 0x0 0x58 0x0 0x1540007 0x0 0x38 0x0 0x1580003 0x0 0x18 0x1630007 0x0 0x58 0x0 0x16c0007 0x0 0x38 0x0 0x1700003 0x0 0x18 0x17c0002 0x0 0x17f0002 0x0 0x18e0007 0x0 0x58 0x0 0x1970007 0x0 0x38 0x0 0x19b0003 0x0 0x18 0x1a80007 0x0 0x58 0x0 0x1b00007 0x0 0x38 0x0 0x1b40003 0x0 0x18 0x1bd0007 0x0 0x58 0x0 0x1c50007 0x0 0x38 0x0 0x1c90003 0x0 0x18 0x1d60007 0x0 0x58 0x0 0x1e10007 0x0 0x38 0x0 0x1e50003 0x0 0x18 0x1ef0002 0x0 0x1f2000a 0x0 0x3 0x0 0x0 0x25df84a1c28 0x1f70002 0x0 0x0 0x0 0x0 0x0 0x0 0x0 0x0 0x0 0x0 0x0 0x0 0x0 0x0 0x0 0x0 0x0 0x0 0x0 0x0 0x0 0x0 0x0 0x0 0x0 0x0 0x0 0x0 0x0 0x0 0x9 0x2 0x0 0x0 oops 3 2 sun/font/EAttribute 62 java/lang/String 223 java/lang/String methods 0
ciMethodData sun/java2d/SunGraphics2D drawString (Ljava/lang/String;II)V 2 2063 orig 80 0 0 0 0 0 0 0 0 0 0 0 0 0 0 0 0 0 0 0 0 0 0 0 0 0 0 0 0 0 0 0 0 0 0 0 0 0 0 0 0 0 0 0 0 0 0 0 0 0 0 0 0 0 0 0 0 0 0 0 0 0 0 0 0 0 0 0 0 0 0 0 0 0 0 0 0 0 0 0 0 data 104 0x10007 0x80f 0x30 0x0 0xb0002 0x0 0x130005 0x0 0x25dfd0767f8 0x80f 0x0 0x0 0x160007 0x80f 0xe0 0x0 0x1a0005 0x0 0x0 0x0 0x0 0x0 0x1d0007 0x0 0x20 0x0 0x2b0005 0x0 0x0 0x0 0x0 0x0 0x2e0002 0x0 0x360005 0x0 0x0 0x0 0x0 0x0 0x440005 0x0 0x25dfef50988 0x560 0x25dfd5a6f28 0x2af 0x4d0005 0x0 0x25dfef50a30 0x80f 0x0 0x0 0x500003 0x80f 0x108 0x560005 0x0 0x0 0x0 0x0 0x0 0x630005 0x0 0x0 0x0 0x0 0x0 0x680003 0x0 0x18 0x710005 0x0 0x0 0x0 0x0 0x0 0x740003 0x0 0x48 0x7d0005 0x0 0x0 0x0 0x0 0x0 0x0 0x0 0x0 0x0 0x0 0x0 0x0 0x0 0x9 0x4 0xffffffffffffffff 0xffffffffffffffff 0x0 0x0 0x530001 0x6b0001 0x770001 0x770001 0x770001 oops 4 8 java/awt/Font 42 sun/java2d/pipe/ValidatePipe 44 sun/java2d/pipe/TextRenderer 48 sun/awt/image/BufImgSurfaceData methods 0
ciMethodData sun/java2d/pipe/GlyphListPipe drawString (Lsun/java2d/SunGraphics2D;Ljava/lang/String;DD)V 2 2063 orig 80 0 0 0 0 0 0 0 0 0 0 0 0 0 0 0 0 0 0 0 0 0 0 0 0 0 0 0 0 0 0 0 0 0 0 0 0 0 0 0 0 0 0 0 0 0 0 0 0 0 0 0 0 0 0 0 0 0 0 0 0 0 0 0 0 0 0 0 0 0 0 0 0 0 0 0 0 0 0 0 0 data 101 0x10005 0x0 0x25dfd072848 0x80f 0x0 0x0 0xb0007 0x80f 0x20 0x0 0x160007 0x2b0 0x50 0x55f 0x210005 0x0 0x25df8748470 0x55f 0x0 0x0 0x2c0007 0x0 0x68 0x2b0 0x560005 0x0 0x25dfd7f1dc8 0x2b0 0x0 0x0 0x670003 0x2b0 0x18 0x8d0002 0x2b0 0x9b0005 0x0 0x25dfd5abed0 0x2b0 0x0 0x0 0x9e0007 0x0 0x98 0x2b0 0xa50005 0x0 0x25dfd5a6f28 0x2b0 0x0 0x0 0xaa0005 0x0 0x25dfd5abed0 0x2b0 0x0 0x0 0xad0003 0x2b0 0xe8 0xb20005 0x0 0x0 0x0 0x0 0x0 0xbb0005 0x0 0x0 0x0 0x0 0x0 0xbf0005 0x0 0x0 0x0 0x0 0x0 0xc20002 0x0 0xcf0005 0x0 0x0 0x0 0x0 0x0 0x0 0x0 0x0 0x0 0x0 0x0 0x9 0x7 0x0 0x0 0x0 0x0 0x0 0x0 0x0 oops 6 2 sun/java2d/SunGraphics2D 16 sun/java2d/pipe/OutlineTextRenderer 26 java/awt/geom/AffineTransform 37 sun/font/GlyphList 47 sun/java2d/pipe/TextRenderer 53 sun/font/GlyphList methods 0
ciMethodData sun/java2d/pipe/OutlineTextRenderer drawString (Lsun/java2d/SunGraphics2D;Ljava/lang/String;DD)V 2 1376 orig 80 0 0 0 0 0 0 0 0 0 0 0 0 0 0 0 0 0 0 0 0 0 0 0 0 0 0 0 0 0 0 0 0 0 0 0 0 0 0 0 0 0 0 0 0 0 0 0 0 0 0 0 0 0 0 0 0 0 0 0 0 0 0 0 0 0 0 0 0 0 0 0 0 0 0 0 0 0 0 0 0 data 100 0x30005 0x81 0x25df84a1c28 0x4df 0x0 0x0 0x60007 0x560 0x20 0x0 0x100005 0x81 0x25dfd072848 0x4df 0x0 0x0 0x140005 0x81 0x25dfd072848 0x4df 0x0 0x0 0x170002 0x560 0x210002 0x560 0x240005 0x81 0x25dfd11e2a8 0x4df 0x0 0x0 0x2a0005 0x81 0x25dfd072848 0x4df 0x0 0x0 0x380007 0x0 0x88 0x560 0x400007 0x560 0x68 0x0 0x4f0005 0x0 0x0 0x0 0x0 0x0 0x520003 0x0 0x88 0x580007 0x560 0x70 0x0 0x600007 0x0 0x50 0x0 0x6f0005 0x0 0x0 0x0 0x0 0x0 0x750005 0x81 0x25dfd072848 0x4df 0x0 0x0 0x7b0007 0x560 0x50 0x0 0x850005 0x0 0x0 0x0 0x0 0x0 0x0 0x0 0x0 0x0 0x0 0x0 0x9 0x7 0x0 0xffffffffffffffff 0x0 0x0 0x0 0x0 0x0 oops 6 2 java/lang/String 12 sun/java2d/SunGraphics2D 18 sun/java2d/SunGraphics2D 28 java/awt/font/TextLayout 34 sun/java2d/SunGraphics2D 71 sun/java2d/SunGraphics2D methods 0
ciMethodData sun/font/GlyphList getInstance ()Lsun/font/GlyphList; 1 688 orig 80 0 0 0 0 0 0 0 0 0 0 0 0 0 0 0 0 0 0 0 0 0 0 0 0 0 0 0 0 0 0 0 0 0 0 0 0 0 0 0 0 0 0 0 0 0 0 0 0 0 0 0 0 0 0 0 0 0 0 0 0 0 0 0 0 0 0 0 0 0 0 0 0 0 0 0 0 0 0 0 0 data 20 0x50005 0x0 0x25df85e1420 0x2b0 0x0 0x0 0x80007 0x0 0x20 0x2b0 0x130002 0x0 0x0 0x0 0x0 0x0 0x0 0x0 0x9 0x0 oops 1 2 java/util/concurrent/atomic/AtomicBoolean methods 0
ciMethodData java/util/concurrent/atomic/AtomicBoolean compareAndSet (ZZ)Z 1 689 orig 80 0 0 0 0 0 0 0 0 0 0 0 0 0 0 0 0 0 0 0 0 0 0 0 0 0 0 0 0 0 0 0 0 0 0 0 0 0 0 0 0 0 0 0 0 0 0 0 0 0 0 0 0 0 0 0 0 0 0 0 0 0 0 0 0 0 0 0 0 0 0 0 0 0 0 0 0 0 0 0 0 data 34 0x50007 0x2b1 0x38 0x0 0x90003 0x0 0x18 0xe0007 0x0 0x38 0x2b1 0x120003 0x2b1 0x18 0x16000b 0x2b1 0x0 0x0 0x0 0x0 0x2 0x1 0x25df85e1420 0x0 0x0 0x0 0x0 0x0 0x0 0x9 0x3 0xffffffffffffffff 0x0 0x0 oops 1 22 java/util/concurrent/atomic/AtomicBoolean methods 0
ciMethodData java/lang/invoke/VarHandleGuards guard_LII_Z (Ljava/lang/invoke/VarHandle;Ljava/lang/Object;IILjava/lang/invoke/VarHandle$AccessDescriptor;)Z 1 689 orig 80 0 0 0 0 0 0 0 0 0 0 0 0 0 0 0 0 0 0 0 0 0 0 0 0 0 0 0 0 0 0 0 0 0 0 0 0 0 0 0 0 0 0 0 0 0 0 0 0 0 0 0 0 0 0 0 0 0 0 0 0 0 0 0 0 0 0 0 0 0 0 0 0 0 0 0 0 0 0 0 0 data 88 0x3000b 0x0 0x25dff099780 0x2b1 0x0 0x0 0x2 0x1 0x25df85e36a8 0xa0007 0x0 0xb8 0x2b1 0x1f0007 0x0 0x98 0x2b1 0x2f000b 0x0 0x25dff099828 0x2b1 0x0 0x0 0x1 0x25df84a3ca8 0x32000a 0x2b1 0x4 0x0 0x25dff099780 0x1 0x25df85e1420 0x3c000b 0x0 0x0 0x0 0x0 0x0 0x1 0x0 0x48000b 0x0 0x0 0x0 0x0 0x0 0x3 0x1 0x0 0x0 0x4c000b 0x0 0x0 0x0 0x0 0x0 0x1 0x0 0x52000b 0x0 0x0 0x0 0x0 0x0 0x4 0x1 0x0 0x2 0x0 0x0 0x0 0x0 0x0 0x0 0x0 0x9 0x5 0xffffffffffffffff 0xffffffffffffffff 0x0 0x0 0xffffffffffffffff 0xc 0x4 0x0 0x25dff099780 0x1 0x25df85e1420 oops 8 2 java/lang/invoke/VarHandleInts$FieldInstanceReadWrite 8 java/lang/invoke/VarHandle$AccessDescriptor 19 java/lang/invoke/VarForm 24 java/lang/invoke/MemberName 29 java/lang/invoke/VarHandleInts$FieldInstanceReadWrite 31 java/util/concurrent/atomic/AtomicBoolean 85 java/lang/invoke/VarHandleInts$FieldInstanceReadWrite 87 java/util/concurrent/atomic/AtomicBoolean methods 0
ciMethodData sun/font/GlyphList <init> ()V 1 0 orig 80 0 0 0 0 0 0 0 0 0 0 0 0 0 0 0 0 0 0 0 0 0 0 0 0 0 0 0 0 0 0 0 0 0 0 0 0 0 0 0 0 0 0 0 0 0 0 0 0 0 0 0 0 0 0 0 0 0 0 0 0 0 0 0 0 0 0 0 0 0 0 0 0 0 0 0 0 0 0 0 0 data 9 0x10002 0x0 0x0 0x0 0x0 0x0 0x9 0x1 0x0 oops 0 methods 0
ciMethodData sun/font/GlyphList setFromString (Lsun/java2d/loops/FontInfo;Ljava/lang/String;FF)Z 1 688 orig 80 0 0 0 0 0 0 0 0 0 0 0 0 0 0 0 0 0 0 0 0 0 0 0 0 0 0 0 0 0 0 0 0 0 0 0 0 0 0 0 0 0 0 0 0 0 0 0 0 0 0 0 0 0 0 0 0 0 0 0 0 0 0 0 0 0 0 0 0 0 0 0 0 0 0 0 0 0 0 0 0 data 38 0x250005 0x81 0x25df84a1c28 0x22f 0x0 0x0 0x300005 0x81 0x25dfd5abed0 0x22f 0x0 0x0 0x3e0005 0x81 0x25df84a1c28 0x22f 0x0 0x0 0x470005 0x2b0 0x0 0x0 0x0 0x0 0x0 0x0 0x0 0x0 0x0 0x0 0x0 0x9 0x5 0x3fe 0x0 0x0 0x0 0x0 oops 3 2 java/lang/String 8 sun/font/GlyphList 14 java/lang/String methods 0
ciMethodData sun/font/GlyphList dispose ()V 1 688 orig 80 0 0 0 0 0 0 0 0 0 0 0 0 0 0 0 0 0 0 0 0 0 0 0 0 0 0 0 0 0 0 0 0 0 0 0 0 0 0 0 0 0 0 0 0 0 0 0 0 0 0 0 0 0 0 0 0 0 0 0 0 0 0 0 0 0 0 0 0 0 0 0 0 0 0 0 0 0 0 0 0 data 27 0x40007 0x0 0x90 0x2b0 0xb0007 0x0 0x40 0x2b0 0x160007 0x2b0 0x20 0x0 0x2c0005 0x81 0x25df85e1420 0x22f 0x0 0x0 0x0 0x0 0x0 0x0 0x0 0x0 0x9 0x1 0xe0 oops 1 14 java/util/concurrent/atomic/AtomicBoolean methods 0
ciMethodData sun/java2d/SunGraphics2D getFont ()Ljava/awt/Font; 2 1376 orig 80 0 0 0 0 0 0 0 0 0 0 0 0 0 0 0 0 0 0 0 0 0 0 0 0 0 0 0 0 0 0 0 0 0 0 0 0 0 0 0 0 0 0 0 0 0 0 0 0 0 0 0 0 0 0 0 0 0 0 0 0 0 0 0 0 0 0 0 0 0 0 0 0 0 0 0 0 0 0 0 0 data 13 0x40007 0x560 0x20 0x0 0x0 0x0 0x0 0x0 0x0 0x0 0x9 0x1 0x180000 oops 0 methods 0
ciMethodData java/awt/Font <init> (Ljava/lang/String;II)V 2 1345 orig 80 0 0 0 0 0 0 0 0 0 0 0 0 0 0 0 0 0 0 0 0 0 0 0 0 0 0 0 0 0 0 0 0 0 0 0 0 0 0 0 0 0 0 0 0 0 0 0 0 0 0 0 0 0 0 0 0 0 0 0 0 0 0 0 0 0 0 0 0 0 0 0 0 0 0 0 0 0 0 0 0 data 28 0x10002 0x541 0x100007 0x0 0x38 0x541 0x140003 0x541 0x18 0x210007 0x0 0x38 0x541 0x250003 0x541 0x18 0x0 0x0 0x0 0x0 0x0 0x0 0x9 0x4 0x7e 0x0 0x0 0x0 oops 0 methods 0
ciMethodData sun/java2d/SunGraphics2D getFontMetrics ()Ljava/awt/FontMetrics; 2 1345 orig 80 0 0 0 0 0 0 0 0 0 0 0 0 0 0 0 0 0 0 0 0 0 0 0 0 0 0 0 0 0 0 0 0 0 0 0 0 0 0 0 0 0 0 0 0 0 0 0 0 0 0 0 0 0 0 0 0 0 0 0 0 0 0 0 0 0 0 0 0 0 0 0 0 0 0 0 0 0 0 0 0 data 21 0x40007 0x541 0x20 0x0 0x120005 0x2 0x25dfd072848 0x53f 0x0 0x0 0x150002 0x541 0x0 0x0 0x0 0x0 0x0 0x0 0x9 0x1 0x6100000 oops 1 6 sun/java2d/SunGraphics2D methods 0
ciMethodData sun/font/FontDesignMetrics getMetrics (Ljava/awt/Font;Ljava/awt/font/FontRenderContext;)Lsun/font/FontDesignMetrics; 2 1346 orig 80 0 0 0 0 0 0 0 0 0 0 0 0 0 0 0 0 0 0 0 0 0 0 0 0 0 0 0 0 0 0 0 0 0 0 0 0 0 0 0 0 0 0 0 0 0 0 0 0 0 0 0 0 0 0 0 0 0 0 0 0 0 0 0 0 0 0 0 0 0 0 0 0 0 0 0 0 0 0 0 0 data 165 0x2 0x542 0x50005 0x0 0x25df84e5b98 0x542 0x0 0x0 0x80007 0x542 0x90 0x0 0xc0002 0x0 0xf0004 0x0 0x0 0x0 0x0 0x0 0x120007 0x0 0x30 0x0 0x1b0002 0x0 0x220002 0x542 0x250005 0x0 0x25dfef01ac8 0x542 0x0 0x0 0x2c0007 0x542 0x98 0x0 0x330005 0x0 0x0 0x0 0x0 0x0 0x360004 0x0 0x0 0x0 0x0 0x0 0x3b0003 0x0 0xc0 0x490005 0x0 0x25dfd29adb8 0x542 0x0 0x0 0x520005 0x0 0x25df84a4de8 0x542 0x0 0x0 0x550004 0x0 0x25df84e1f48 0x542 0x0 0x0 0x5d0003 0x542 0x18 0x6a0007 0x0 0x80 0x542 0x6f0005 0x0 0x25df84e1f48 0x542 0x0 0x0 0x720004 0x0 0x25dfd0728f0 0x542 0x0 0x0 0x770007 0x542 0xf8 0x0 0x800002 0x0 0x860007 0x0 0x78 0x0 0x930002 0x0 0x960005 0x0 0x0 0x0 0x0 0x0 0x9a0003 0x0 0x68 0xa30002 0x0 0xb40002 0x0 0xb70005 0x0 0x0 0x0 0x0 0x0 0xc40007 0x0 0x58 0x7e3 0xce0007 0x2a1 0x20 0x542 0xd60003 0x2a1 0xffffffffffffffc0 0xed0004 0x0 0x0 0x0 0x0 0x0 0xf20007 0x0 0x20 0x0 0xfc0003 0x0 0x18 0x0 0x0 0x0 0x0 0x0 0x0 0x0 0x0 0x0 0x0 0x0 0x0 0x9 0x2 0x0 0x0 0x600001 0x600001 0xff0001 0xff0001 oops 7 4 sun/awt/Win32FontManager 30 java/awt/font/FontRenderContext 55 sun/font/FontDesignMetrics$MetricsKey 61 java/util/concurrent/ConcurrentHashMap 67 sun/font/FontDesignMetrics$KeyReference 80 sun/font/FontDesignMetrics$KeyReference 86 sun/font/FontDesignMetrics methods 0
ciMethodData java/lang/String toCharArray ()[C 2 1309 orig 80 0 0 0 0 0 0 0 0 0 0 0 0 0 0 0 0 0 0 0 0 0 0 0 0 0 0 0 0 0 0 0 0 0 0 0 0 0 0 0 0 0 0 0 0 0 0 0 0 0 0 0 0 0 0 0 0 0 0 0 0 0 0 0 0 0 0 0 0 0 0 0 0 0 0 0 0 0 0 0 0 data 26 0x10005 0x0 0x25df84a1c28 0x51d 0x0 0x0 0x40007 0x0 0x48 0x51d 0xb0002 0x51d 0xe0003 0x51d 0x28 0x150002 0x0 0x0 0x0 0x0 0x0 0x0 0x0 0x9 0x1 0x0 oops 1 2 java/lang/String methods 0
ciMethodData java/lang/StringLatin1 toChars ([B)[C 2 1309 orig 80 0 0 0 0 0 0 0 0 0 0 0 0 0 0 0 0 0 0 0 0 0 0 0 0 0 0 0 0 0 0 0 0 0 0 0 0 0 0 0 0 0 0 0 0 0 0 0 0 0 0 0 0 0 0 0 0 0 0 0 0 0 0 0 0 0 0 0 0 0 0 0 0 0 0 0 0 0 0 0 0 data 11 0xb0002 0x51d 0x0 0x0 0x0 0x0 0x0 0x0 0x9 0x1 0x0 oops 0 methods 0
ciMethodData sun/font/FontDesignMetrics$MetricsKey init (Ljava/awt/Font;Ljava/awt/font/FontRenderContext;)V 2 1292 orig 80 0 0 0 0 0 0 0 0 0 0 0 0 0 0 0 0 0 0 0 0 0 0 0 0 0 0 0 0 0 0 0 0 0 0 0 0 0 0 0 0 0 0 0 0 0 0 0 0 0 0 0 0 0 0 0 0 0 0 0 0 0 0 0 0 0 0 0 0 0 0 0 0 0 0 0 0 0 0 0 0 data 23 0xc0005 0x0 0x25dfd0767f8 0x50c 0x0 0x0 0x100005 0x0 0x25dfef01ac8 0x50c 0x0 0x0 0x0 0x0 0x0 0x0 0x0 0x0 0x9 0x3 0x0 0x0 0x0 oops 2 2 java/awt/Font 8 java/awt/font/FontRenderContext methods 0
ciMethodData java/awt/font/TextLayout sameBaselineUpTo (Ljava/awt/Font;[CII)I 2 1290 orig 80 0 0 0 0 0 0 0 0 0 0 0 0 0 0 0 0 0 0 0 0 0 0 0 0 0 0 0 0 0 0 0 0 0 0 0 0 0 0 0 0 0 0 0 0 0 0 0 0 0 0 0 0 0 0 0 0 0 0 0 0 0 0 0 0 0 0 0 0 0 0 0 0 0 0 0 0 0 0 0 0 data 7 0x0 0x9 0x4 0x0 0x0 0x0 0x0 oops 0 methods 0
ciMethodData java/awt/font/TextLayout fastInit ([CLjava/awt/Font;Ljava/util/Map;Ljava/awt/font/FontRenderContext;)V 2 1290 orig 80 0 0 0 0 0 0 0 0 0 0 0 0 0 0 0 0 0 0 0 0 0 0 0 0 0 0 0 0 0 0 0 0 0 0 0 0 0 0 0 0 0 0 0 0 0 0 0 0 0 0 0 0 0 0 0 0 0 0 0 0 0 0 0 0 0 0 0 0 0 0 0 0 0 0 0 0 0 0 0 0 data 36 0xc0005 0x0 0x25dfd0767f8 0x50a 0x0 0x0 0x130002 0x50a 0x210007 0x0 0x38 0x50a 0x380003 0x50a 0x48 0x420005 0x0 0x0 0x0 0x0 0x0 0x530002 0x50a 0x0 0x0 0x0 0x0 0x0 0x0 0x9 0x5 0x0 0x0 0x0 0x0 0x0 oops 1 2 java/awt/Font methods 0
ciMethodData java/awt/Font getLineMetrics ([CIILjava/awt/font/FontRenderContext;)Ljava/awt/font/LineMetrics; 2 1290 orig 80 0 0 0 0 0 0 0 0 0 0 0 0 0 0 0 0 0 0 0 0 0 0 0 0 0 0 0 0 0 0 0 0 0 0 0 0 0 0 0 0 0 0 0 0 0 0 0 0 0 0 0 0 0 0 0 0 0 0 0 0 0 0 0 0 0 0 0 0 0 0 0 0 0 0 0 0 0 0 0 0 data 26 0x30005 0x50a 0x0 0x0 0x0 0x0 0x110007 0x50a 0x38 0x0 0x150003 0x0 0x18 0x0 0x0 0x0 0x0 0x0 0x0 0x9 0x5 0x0 0x0 0x0 0x0 0x0 oops 0 methods 0
ciMethodData java/awt/Font defaultLineMetrics (Ljava/awt/font/FontRenderContext;)Lsun/font/FontLineMetrics; 2 2585 orig 80 0 0 0 0 0 0 0 0 0 0 0 0 0 0 0 0 0 0 0 0 0 0 0 0 0 0 0 0 0 0 0 0 0 0 0 0 0 0 0 0 0 0 0 0 0 0 0 0 0 0 0 0 0 0 0 0 0 0 0 0 0 0 0 0 0 0 0 0 0 0 0 0 0 0 0 0 0 0 0 0 data 190 0x60007 0x286 0xf0 0x793 0xd0005 0x0 0x25df84a2a18 0x793 0x0 0x0 0x100004 0x0 0x25df8944470 0x793 0x0 0x0 0x150007 0x0 0x70 0x793 0x1d0005 0x0 0x25dfef01ac8 0x793 0x0 0x0 0x200007 0x793 0x440 0x0 0x290005 0x286 0x0 0x0 0x0 0x0 0x310005 0x0 0x25dfef01ac8 0x286 0x0 0x0 0x350005 0x0 0x25dfef01ac8 0x286 0x0 0x0 0x390005 0x0 0x25df84e5198 0x286 0x0 0x0 0x520007 0x0 0xd0 0x286 0x590005 0x21 0x25dfd6b90e0 0x265 0x0 0x0 0x5c0007 0x286 0x80 0x0 0x600005 0x0 0x0 0x0 0x0 0x0 0x630005 0x0 0x0 0x0 0x0 0x0 0xb70005 0x286 0x0 0x0 0x0 0x0 0xbd0005 0x0 0x25dfd0767f8 0x286 0x0 0x0 0xc00007 0x286 0x200 0x0 0xc70005 0x0 0x0 0x0 0x0 0x0 0xce0007 0x0 0x1b0 0x0 0xd50002 0x0 0xdf0005 0x0 0x0 0x0 0x0 0x0 0xe80005 0x0 0x0 0x0 0x0 0x0 0xf80005 0x0 0x0 0x0 0x0 0x0 0x1010005 0x0 0x0 0x0 0x0 0x0 0x1110005 0x0 0x0 0x0 0x0 0x0 0x11a0005 0x0 0x0 0x0 0x0 0x0 0x12a0005 0x0 0x0 0x0 0x0 0x0 0x1330005 0x0 0x0 0x0 0x0 0x0 0x1680002 0x286 0x1750002 0x286 0x17f0002 0x286 0x1860005 0x82 0x25df8944470 0x997 0x0 0x0 0x1890004 0x0 0x25df8944470 0xa19 0x0 0x0 0x0 0x0 0x0 0x0 0x0 0x0 0x0 0x0 0x0 0x0 0x0 0x0 0x9 0x2 0x0 0x0 oops 10 6 java/lang/ref/SoftReference 12 sun/font/FontLineMetrics 22 java/awt/font/FontRenderContext 38 java/awt/font/FontRenderContext 44 java/awt/font/FontRenderContext 50 sun/font/CompositeFont 60 sun/font/AttributeValues 88 java/awt/Font 164 sun/font/FontLineMetrics 170 sun/font/FontLineMetrics methods 0
ciMethodData sun/font/CoreMetrics get (Ljava/awt/font/LineMetrics;)Lsun/font/CoreMetrics; 2 1290 orig 80 0 0 0 0 0 0 0 0 0 0 0 0 0 0 0 0 0 0 0 0 0 0 0 0 0 0 0 0 0 0 0 0 0 0 0 0 0 0 0 0 0 0 0 0 0 0 0 0 0 0 0 0 0 0 0 0 0 0 0 0 0 0 0 0 0 0 0 0 0 0 0 0 0 0 0 0 0 0 0 0 data 15 0x10004 0x0 0x0 0x0 0x0 0x0 0x0 0x0 0x0 0x0 0x0 0x0 0x9 0x1 0x0 oops 0 methods 0
ciMethodData java/awt/font/TextLine fastCreateTextLine (Ljava/awt/font/FontRenderContext;[CLjava/awt/Font;Lsun/font/CoreMetrics;Ljava/util/Map;)Ljava/awt/font/TextLine; 2 1290 orig 80 0 0 0 0 0 0 0 0 0 0 0 0 0 0 0 0 0 0 0 0 0 0 0 0 0 0 0 0 0 0 0 0 0 0 0 0 0 0 0 0 0 0 0 0 0 0 0 0 0 0 0 0 0 0 0 0 0 0 0 0 0 0 0 0 0 0 0 0 0 0 0 0 0 0 0 0 0 0 0 0 data 140 0x1b0007 0x50a 0x1d8 0x0 0x200002 0x0 0x270005 0x0 0x0 0x0 0x0 0x0 0x2a0007 0x0 0xc0 0x0 0x2f0005 0x0 0x0 0x0 0x0 0x0 0x320007 0x0 0x38 0x0 0x360003 0x0 0x18 0x3e0007 0x0 0x38 0x0 0x420003 0x0 0x18 0x4a0005 0x0 0x0 0x0 0x0 0x0 0x4d0007 0x0 0x88 0x0 0x550005 0x0 0x0 0x0 0x0 0x0 0x690007 0x0 0x38 0x0 0x760003 0x0 0xffffffffffffffe0 0x7b0007 0x0 0x30 0x50a 0x820002 0x50a 0x890007 0x50a 0x148 0x0 0x8e0007 0x0 0x38 0x0 0x930003 0x0 0x48 0x980005 0x0 0x0 0x0 0x0 0x0 0xaa0002 0x0 0xb10005 0x0 0x0 0x0 0x0 0x0 0xb40007 0x0 0x80 0x0 0xb90002 0x0 0xc00002 0x0 0xc70002 0x0 0xce0005 0x0 0x0 0x0 0x0 0x0 0xd50002 0x50a 0xe70002 0x50a 0x1040002 0x50a 0x1150007 0x50a 0x38 0x0 0x11b0003 0x0 0xffffffffffffffe0 0x1230007 0x50a 0x30 0x0 0x1350002 0x0 0x1510002 0x50a 0x0 0x0 0x0 0x0 0x0 0x0 0x9 0x5 0x0 0x0 0x0 0x0 0x0 oops 0 methods 0
ciMethodData java/awt/font/TextLine getComponentLogicalIndex (I)I 2 2580 orig 80 0 0 0 0 0 0 0 0 0 0 0 0 0 0 0 0 0 0 0 0 0 0 0 0 0 0 0 0 0 0 0 0 0 0 0 0 0 0 0 0 0 0 0 0 0 0 0 0 0 0 0 0 0 0 0 0 0 0 0 0 0 0 0 0 0 0 0 0 0 0 0 0 0 0 0 0 0 0 0 0 data 14 0x40007 0x0 0x20 0xa15 0x0 0x0 0x0 0x0 0x0 0x0 0x9 0x2 0x0 0x0 oops 0 methods 0
ciMethodData sun/font/ExtendedTextSourceLabel getGV ()Lsun/font/StandardGlyphVector; 2 2580 orig 80 0 0 0 0 0 0 0 0 0 0 0 0 0 0 0 0 0 0 0 0 0 0 0 0 0 0 0 0 0 0 0 0 0 0 0 0 0 0 0 0 0 0 0 0 0 0 0 0 0 0 0 0 0 0 0 0 0 0 0 0 0 0 0 0 0 0 0 0 0 0 0 0 0 0 0 0 0 0 0 0 data 19 0x40007 0x50b 0x50 0x50a 0x90005 0x0 0x25dfec19c40 0x50a 0x0 0x0 0x0 0x0 0x0 0x0 0x0 0x0 0x9 0x1 0x0 oops 1 6 sun/font/ExtendedTextSourceLabel methods 0
ciMethodData sun/font/StandardGlyphVector setFRCTX ()V 2 2580 orig 80 0 0 0 0 0 0 0 0 0 0 0 0 0 0 0 0 0 0 0 0 0 0 0 0 0 0 0 0 0 0 0 0 0 0 0 0 0 0 0 0 0 0 0 0 0 0 0 0 0 0 0 0 0 0 0 0 0 0 0 0 0 0 0 0 0 0 0 0 0 0 0 0 0 0 0 0 0 0 0 0 data 23 0x80002 0xa15 0xb0007 0xa15 0x60 0x0 0x130002 0x0 0x160005 0x0 0x0 0x0 0x0 0x0 0x0 0x0 0x0 0x0 0x0 0x0 0x9 0x1 0x0 oops 0 methods 0
ciMethodData sun/font/StandardGlyphVector equalNonTranslateTX (Ljava/awt/geom/AffineTransform;Ljava/awt/geom/AffineTransform;)Z 2 2580 orig 80 0 0 0 0 0 0 0 0 0 0 0 0 0 0 0 0 0 0 0 0 0 0 0 0 0 0 0 0 0 0 0 0 0 0 0 0 0 0 0 0 0 0 0 0 0 0 0 0 0 0 0 0 0 0 0 0 0 0 0 0 0 0 0 0 0 0 0 0 0 0 0 0 0 0 0 0 0 0 0 0 data 77 0x10005 0x0 0x25dfd7f1dc8 0xa15 0x0 0x0 0x50005 0x0 0x25dfd7f1dc8 0xa15 0x0 0x0 0x90007 0x0 0x1b8 0xa15 0xd0005 0x0 0x25dfd7f1dc8 0xa15 0x0 0x0 0x110005 0x0 0x25dfd7f1dc8 0xa15 0x0 0x0 0x150007 0x0 0x138 0xa15 0x190005 0x0 0x25dfd7f1dc8 0xa15 0x0 0x0 0x1d0005 0x0 0x25dfd7f1dc8 0xa15 0x0 0x0 0x210007 0x0 0xb8 0xa15 0x250005 0x0 0x25dfd7f1dc8 0xa15 0x0 0x0 0x290005 0x0 0x25dfd7f1dc8 0xa15 0x0 0x0 0x2d0007 0x0 0x38 0xa15 0x310003 0xa15 0x18 0x0 0x0 0x0 0x0 0x0 0x0 0x9 0x2 0x0 0x0 oops 8 2 java/awt/geom/AffineTransform 8 java/awt/geom/AffineTransform 18 java/awt/geom/AffineTransform 24 java/awt/geom/AffineTransform 34 java/awt/geom/AffineTransform 40 java/awt/geom/AffineTransform 50 java/awt/geom/AffineTransform 56 java/awt/geom/AffineTransform methods 0
ciMethodData sun/font/StandardGlyphVector initPositions ()V 2 2580 orig 80 0 0 0 0 0 0 0 0 0 0 0 0 0 0 0 0 0 0 0 0 0 0 0 0 0 0 0 0 0 0 0 0 0 0 0 0 0 0 0 0 0 0 0 0 0 0 0 0 0 0 0 0 0 0 0 0 0 0 0 0 0 0 0 0 0 0 0 0 0 0 0 0 0 0 0 0 0 0 0 0 data 103 0x40007 0xa15 0x2a8 0x0 0x80005 0x0 0x0 0x0 0x0 0x0 0x210005 0x0 0x0 0x0 0x0 0x0 0x280007 0x0 0x60 0x0 0x300005 0x0 0x0 0x0 0x0 0x0 0x3b0002 0x0 0x450002 0x0 0x4d0005 0x0 0x0 0x0 0x0 0x0 0x500007 0x0 0xd0 0x0 0x570005 0x0 0x0 0x0 0x0 0x0 0x600005 0x0 0x0 0x0 0x0 0x0 0x790007 0x0 0x50 0x0 0x800005 0x0 0x0 0x0 0x0 0x0 0x910007 0x0 0xb8 0x0 0x970005 0x0 0x0 0x0 0x0 0x0 0xa20005 0x0 0x0 0x0 0x0 0x0 0xa60007 0x0 0x20 0x0 0xe10003 0x0 0xffffffffffffff60 0x0 0x0 0x0 0x0 0x0 0x0 0x0 0x0 0x0 0x0 0x0 0x0 0x0 0x0 0x0 0x9 0x1 0x0 oops 0 methods 0
ciMethodData java/awt/geom/GeneralPath <init> (I)V 2 2580 orig 80 0 0 0 0 0 0 0 0 0 0 0 0 0 0 0 0 0 0 0 0 0 0 0 0 0 0 0 0 0 0 0 0 0 0 0 0 0 0 0 0 0 0 0 0 0 0 0 0 0 0 0 0 0 0 0 0 0 0 0 0 0 0 0 0 0 0 0 0 0 0 0 0 0 0 0 0 0 0 0 0 data 8 0x40002 0xa15 0x0 0x0 0x9 0x2 0x0 0x0 oops 0 methods 0
ciMethodData sun/font/FontDesignMetrics$MetricsKey equals (Ljava/lang/Object;)Z 2 1288 orig 80 0 0 0 0 0 0 0 0 0 0 0 0 0 0 0 0 0 0 0 0 0 0 0 0 0 0 0 0 0 0 0 0 0 0 0 0 0 0 0 0 0 0 0 0 0 0 0 0 0 0 0 0 0 0 0 0 0 0 0 0 0 0 0 0 0 0 0 0 0 0 0 0 0 0 0 0 0 0 0 0 data 55 0x10004 0x0 0x25dfd29adb8 0x508 0x0 0x0 0x40007 0x508 0x20 0x0 0xe0004 0x0 0x25dfd29adb8 0x508 0x0 0x0 0x140005 0x0 0x25dfd0767f8 0x508 0x0 0x0 0x170007 0x0 0xb8 0x508 0x1f0004 0x0 0x25dfd29adb8 0x508 0x0 0x0 0x250005 0x0 0x25dfef01ac8 0x508 0x0 0x0 0x280007 0x0 0x38 0x508 0x2c0003 0x508 0x18 0x0 0x0 0x0 0x0 0x0 0x0 0x9 0x2 0x0 0x0 oops 5 2 sun/font/FontDesignMetrics$MetricsKey 12 sun/font/FontDesignMetrics$MetricsKey 18 java/awt/Font 28 sun/font/FontDesignMetrics$MetricsKey 34 java/awt/font/FontRenderContext methods 0
ciMethodData java/awt/font/TextLine visualToLogical (I)I 2 1273 orig 80 0 0 0 0 0 0 0 0 0 0 0 0 0 0 0 0 0 0 0 0 0 0 0 0 0 0 0 0 0 0 0 0 0 0 0 0 0 0 0 0 0 0 0 0 0 0 0 0 0 0 0 0 0 0 0 0 0 0 0 0 0 0 0 0 0 0 0 0 0 0 0 0 0 0 0 0 0 0 0 0 data 20 0x40007 0x0 0x20 0x4f9 0xd0007 0x0 0x30 0x0 0x150002 0x0 0x0 0x0 0x0 0x0 0x0 0x0 0x9 0x2 0x0 0x0 oops 0 methods 0
ciMethodData java/awt/font/TextLine isCharSpace (I)Z 2 1273 orig 80 0 0 0 0 0 0 0 0 0 0 0 0 0 0 0 0 0 0 0 0 0 0 0 0 0 0 0 0 0 0 0 0 0 0 0 0 0 0 0 0 0 0 0 0 0 0 0 0 0 0 0 0 0 0 0 0 0 0 0 0 0 0 0 0 0 0 0 0 0 0 0 0 0 0 0 0 0 0 0 0 data 12 0xb0002 0x4f9 0x0 0x0 0x0 0x0 0x0 0x0 0x9 0x2 0x0 0x0 oops 0 methods 0
ciMethodData java/lang/Character isSpaceChar (C)Z 2 1273 orig 80 0 0 0 0 0 0 0 0 0 0 0 0 0 0 0 0 0 0 0 0 0 0 0 0 0 0 0 0 0 0 0 0 0 0 0 0 0 0 0 0 0 0 0 0 0 0 0 0 0 0 0 0 0 0 0 0 0 0 0 0 0 0 0 0 0 0 0 0 0 0 0 0 0 0 0 0 0 0 0 0 data 11 0x10002 0x4f9 0x0 0x0 0x0 0x0 0x0 0x0 0x9 0x1 0x0 oops 0 methods 0
ciMethodData java/lang/Character isSpaceChar (I)Z 2 1273 orig 80 0 0 0 0 0 0 0 0 0 0 0 0 0 0 0 0 0 0 0 0 0 0 0 0 0 0 0 0 0 0 0 0 0 0 0 0 0 0 0 0 0 0 0 0 0 0 0 0 0 0 0 0 0 0 0 0 0 0 0 0 0 0 0 0 0 0 0 0 0 0 0 0 0 0 0 0 0 0 0 0 data 18 0x40002 0x4f9 0xa0007 0x4f9 0x38 0x0 0xe0003 0x0 0x18 0x0 0x0 0x0 0x0 0x0 0x0 0x9 0x1 0x0 oops 0 methods 0
ciMethodData java/awt/font/TextLayout getOutline (Ljava/awt/geom/AffineTransform;)Ljava/awt/Shape; 2 1249 orig 80 0 0 0 0 0 0 0 0 0 0 0 0 0 0 0 0 0 0 0 0 0 0 0 0 0 0 0 0 0 0 0 0 0 0 0 0 0 0 0 0 0 0 0 0 0 0 0 0 0 0 0 0 0 0 0 0 0 0 0 0 0 0 0 0 0 0 0 0 0 0 0 0 0 0 0 0 0 0 0 0 data 73 0x10005 0x4e1 0x0 0x0 0x0 0x0 0x80005 0x81 0x25df8942898 0x460 0x0 0x0 0x100005 0x81 0x25df8942898 0x460 0x0 0x0 0x150007 0x4e1 0x50 0x0 0x1a0005 0x0 0x0 0x0 0x0 0x0 0x1f0007 0x0 0x118 0x4e1 0x230004 0x0 0x25dfeccb5a0 0x4e1 0x0 0x0 0x260007 0x0 0x98 0x4e1 0x2a0004 0x0 0x25dfeccb5a0 0x4e1 0x0 0x0 0x320005 0x81 0x25dfeccb5a0 0x460 0x0 0x0 0x350003 0x4e1 0x48 0x3a0005 0x0 0x0 0x0 0x0 0x0 0x0 0x0 0x0 0x0 0x0 0x0 0x9 0x2 0x0 0x0 oops 5 8 java/awt/font/TextLine 14 java/awt/font/TextLine 34 java/awt/geom/GeneralPath 44 java/awt/geom/GeneralPath 50 java/awt/geom/GeneralPath methods 0
ciMethodData sun/java2d/SunGraphics2D fill (Ljava/awt/Shape;)V 2 1248 orig 80 0 0 0 0 0 0 0 0 0 0 0 0 0 0 0 0 0 0 0 0 0 0 0 0 0 0 0 0 0 0 0 0 0 0 0 0 0 0 0 0 0 0 0 0 0 0 0 0 0 0 0 0 0 0 0 0 0 0 0 0 0 0 0 0 0 0 0 0 0 0 0 0 0 0 0 0 0 0 0 0 data 60 0x60005 0x0 0x25dfef508e0 0x4e0 0x0 0x0 0xf0005 0x81 0x25dfef50a30 0x45f 0x0 0x0 0x120003 0x4e0 0x108 0x170005 0x0 0x0 0x0 0x0 0x0 0x200005 0x0 0x0 0x0 0x0 0x0 0x250003 0x0 0x18 0x2d0005 0x0 0x0 0x0 0x0 0x0 0x300003 0x0 0x48 0x390005 0x0 0x0 0x0 0x0 0x0 0x0 0x0 0x0 0x0 0x0 0x0 0x9 0x2 0x0 0x0 0x150001 0x280001 0x330001 0x330001 0x330001 oops 2 2 sun/java2d/pipe/PixelToParallelogramConverter 8 sun/awt/image/BufImgSurfaceData methods 0
ciMethodData sun/java2d/pipe/TextRenderer drawGlyphList (Lsun/java2d/SunGraphics2D;Lsun/font/GlyphList;)V 2 619 orig 80 0 0 0 0 0 0 0 0 0 0 0 0 0 0 0 0 0 0 0 0 0 0 0 0 0 0 0 0 0 0 0 0 0 0 0 0 0 0 0 0 0 0 0 0 0 0 0 0 0 0 0 0 0 0 0 0 0 0 0 0 0 0 0 0 0 0 0 0 0 0 0 0 0 0 0 0 0 0 0 0 data 183 0x10005 0x0 0x25dfd5abed0 0x26b 0x0 0x0 0x60005 0x0 0x25dfd072848 0x26b 0x0 0x0 0xd0005 0x0 0x25dfeab8890 0x26b 0x0 0x0 0x140005 0x0 0x25dfeab8890 0x26b 0x0 0x0 0x1b0005 0x0 0x25dfeab8890 0x26b 0x0 0x0 0x220005 0x0 0x25dfeab8890 0x26b 0x0 0x0 0x2b0005 0x0 0x25dfd5abed0 0x26b 0x0 0x0 0x300005 0x0 0x25dfd5abed0 0x26b 0x0 0x0 0x530002 0x26b 0x5b0005 0x0 0x25dfd072848 0x26b 0x0 0x0 0x6b0005 0x0 0x25dfeb6bca0 0x26b 0x0 0x0 0x780007 0x26b 0x2a0 0x305c 0x7e0005 0x0 0x25dfd5abed0 0x305c 0x0 0x0 0x820005 0x0 0x25dfd5abed0 0x305c 0x0 0x0 0xb00007 0x305c 0x20 0x0 0xc20007 0x305c 0x20 0x0 0xda0007 0x305c 0x20 0x0 0xe50007 0x305c 0x20 0x0 0xf00007 0x741 0x158 0x291b 0xf70007 0x0 0x138 0x291b 0xfd0005 0x0 0x25dfd5abed0 0x291b 0x0 0x0 0x1000007 0x0 0xe8 0x291b 0x1170005 0x0 0x25dfeb6bca0 0x291b 0x0 0x0 0x11c0007 0x0 0x98 0x291b 0x1200005 0x0 0x25dfd5abed0 0x291b 0x0 0x0 0x13f0005 0x0 0x25dfeb6bca0 0x291b 0x0 0x0 0x1440003 0x291b 0x48 0x1510005 0x0 0x25dfeb6bca0 0x741 0x0 0x0 0x1590003 0x305c 0xfffffffffffffd78 0x15e0007 0x0 0xb8 0x26b 0x1670005 0x0 0x25dfeb6bca0 0x26b 0x0 0x0 0x16c0003 0x26b 0x68 0x1730007 0x0 0x50 0x0 0x17c0005 0x0 0x0 0x0 0x0 0x0 0x0 0x0 0x0 0x0 0x0 0x0 0x0 0x9 0x3 0x0 0x0 0x0 0x16f0001 0x16f0001 oops 18 2 sun/font/GlyphList 8 sun/java2d/SunGraphics2D 14 sun/java2d/pipe/Region 20 sun/java2d/pipe/Region 26 sun/java2d/pipe/Region 32 sun/java2d/pipe/Region 38 sun/font/GlyphList 44 sun/font/GlyphList 52 sun/java2d/SunGraphics2D 58 sun/java2d/pipe/AlphaColorPipe 68 sun/font/GlyphList 74 sun/font/GlyphList 104 sun/font/GlyphList 114 sun/java2d/pipe/AlphaColorPipe 124 sun/font/GlyphList 130 sun/java2d/pipe/AlphaColorPipe 139 sun/java2d/pipe/AlphaColorPipe 152 sun/java2d/pipe/AlphaColorPipe methods 0
ciMethodData sun/font/GlyphList startGlyphIteration ()V 1 620 orig 80 0 0 0 0 0 0 0 0 0 0 0 0 0 0 0 0 0 0 0 0 0 0 0 0 0 0 0 0 0 0 0 0 0 0 0 0 0 0 0 0 0 0 0 0 0 0 0 0 0 0 0 0 0 0 0 0 0 0 0 0 0 0 0 0 0 0 0 0 0 0 0 0 0 0 0 0 0 0 0 0 data 19 0x40007 0x26c 0x30 0x0 0xd0002 0x0 0x150007 0x26c 0x20 0x0 0x0 0x0 0x0 0x0 0x0 0x0 0x9 0x1 0x70 oops 0 methods 0
ciMethodData sun/font/ExtendedTextSourceLabel createGV ()Lsun/font/StandardGlyphVector; 2 1226 orig 80 0 0 0 0 0 0 0 0 0 0 0 0 0 0 0 0 0 0 0 0 0 0 0 0 0 0 0 0 0 0 0 0 0 0 0 0 0 0 0 0 0 0 0 0 0 0 0 0 0 0 0 0 0 0 0 0 0 0 0 0 0 0 0 0 0 0 0 0 0 0 0 0 0 0 0 0 0 0 0 0 data 49 0x40005 0x0 0x25dfea2a2c0 0x4ca 0x0 0x0 0xc0005 0x0 0x25dfea2a2c0 0x4ca 0x0 0x0 0x140005 0x0 0x25dfea2a2c0 0x4ca 0x0 0x0 0x1c0005 0x0 0x25dfea2a2c0 0x4ca 0x0 0x0 0x250005 0x0 0x25dfea2a2c0 0x4ca 0x0 0x0 0x2b0002 0x4ca 0x3f0005 0x81 0x25dfea29918 0x449 0x0 0x0 0x470002 0x4ca 0x0 0x0 0x0 0x0 0x0 0x0 0x9 0x1 0x0 oops 6 2 sun/font/StandardTextSource 8 sun/font/StandardTextSource 14 sun/font/StandardTextSource 20 sun/font/StandardTextSource 26 sun/font/StandardTextSource 34 sun/font/GlyphLayout methods 0
ciMethodData sun/font/FontDesignMetrics getDefaultFrc ()Ljava/awt/font/FontRenderContext; 2 1219 orig 80 0 0 0 0 0 0 0 0 0 0 0 0 0 0 0 0 0 0 0 0 0 0 0 0 0 0 0 0 0 0 0 0 0 0 0 0 0 0 0 0 0 0 0 0 0 0 0 0 0 0 0 0 0 0 0 0 0 0 0 0 0 0 0 0 0 0 0 0 0 0 0 0 0 0 0 0 0 0 0 0 data 45 0x30007 0x4c3 0x128 0x0 0x60002 0x0 0x90007 0x0 0x48 0x0 0x100002 0x0 0x140003 0x0 0xb8 0x170002 0x0 0x1a0005 0x0 0x0 0x0 0x0 0x0 0x1d0005 0x0 0x0 0x0 0x0 0x0 0x200005 0x0 0x0 0x0 0x0 0x0 0x2b0002 0x0 0x0 0x0 0x0 0x0 0x0 0x0 0x9 0x0 oops 0 methods 0
ciMethodData sun/font/GlyphLayout layout (Ljava/awt/Font;Ljava/awt/font/FontRenderContext;[CIIILsun/font/StandardGlyphVector;)Lsun/font/StandardGlyphVector; 2 1204 orig 80 0 0 0 0 0 0 0 0 0 0 0 0 0 0 0 0 0 0 0 0 0 0 0 0 0 0 0 0 0 0 0 0 0 0 0 0 0 0 0 0 0 0 0 0 0 0 0 0 0 0 0 0 0 0 0 0 0 0 0 0 0 0 0 0 0 0 0 0 0 0 0 0 0 0 0 0 0 0 0 0 data 426 0x10007 0x0 0x80 0x4b4 0x60007 0x0 0x60 0x4b4 0xb0007 0x0 0x40 0x4b4 0x150007 0x4b4 0x30 0x0 0x1c0002 0x0 0x230005 0x4b4 0x0 0x0 0x0 0x0 0x270005 0x0 0x25dfd0767f8 0x4b4 0x0 0x0 0x2a0007 0x4b4 0x150 0x0 0x2e0005 0x0 0x0 0x0 0x0 0x0 0x310004 0x0 0x0 0x0 0x0 0x0 0x340005 0x0 0x0 0x0 0x0 0x0 0x3b0005 0x0 0x0 0x0 0x0 0x0 0x3e0007 0x0 0x20 0x0 0x4d0005 0x0 0x0 0x0 0x0 0x0 0x500007 0x0 0x20 0x0 0x650002 0x4b4 0x740005 0x0 0x25dfd7f1dc8 0x4b4 0x0 0x0 0x830005 0x0 0x25dfd7f1dc8 0x4b4 0x0 0x0 0x920005 0x0 0x25dfd7f1dc8 0x4b4 0x0 0x0 0xa10005 0x0 0x25dfd7f1dc8 0x4b4 0x0 0x0 0xaf0005 0x0 0x25dfecacf98 0x4b4 0x0 0x0 0xb40005 0x0 0x25dfd0767f8 0x4b4 0x0 0x0 0xca0007 0x4b4 0x80 0x0 0xd10007 0x0 0x20 0x0 0xe30007 0x0 0x20 0x0 0xee0007 0x0 0x20 0x0 0xf90002 0x4b4 0x1000004 0x0 0x25df84e5198 0x4b4 0x0 0x0 0x1030007 0x4b4 0x80 0x0 0x1080004 0x0 0x0 0x0 0x0 0x0 0x10b0005 0x0 0x0 0x0 0x0 0x0 0x11f0005 0x0 0x25dfea68a00 0x4b4 0x0 0x0 0x1280004 0x0 0x25df84e5198 0x4b4 0x0 0x0 0x12b0007 0x0 0x350 0x4b4 0x1370005 0x0 0x25dfea691f8 0x4b4 0x0 0x0 0x1400004 0x0 0x25df84e5198 0x4b4 0x0 0x0 0x1480005 0x0 0x25dfea6d4e0 0x4b4 0x0 0x0 0x14f0005 0x0 0x25dfea691f8 0x968 0x0 0x0 0x1520007 0x4b4 0x398 0x4b4 0x1590005 0x0 0x25dfea691f8 0x4b4 0x0 0x0 0x1620005 0x0 0x25dfea691f8 0x4b4 0x0 0x0 0x16f0005 0x0 0x25dfea6d4e0 0x968 0x0 0x0 0x1720007 0x4b4 0x1a8 0x4b4 0x1790005 0x0 0x25dfea6d4e0 0x4b4 0x0 0x0 0x1800004 0x0 0x25dfea84468 0x4b4 0x0 0x0 0x1830007 0x4b4 0x80 0x0 0x1880004 0x0 0x0 0x0 0x0 0x0 0x18b0005 0x0 0x0 0x0 0x0 0x0 0x1940005 0x0 0x25dfea6d4e0 0x4b4 0x0 0x0 0x19d0005 0x0 0x25dfea6d4e0 0x4b4 0x0 0x0 0x1af0005 0x4b4 0x0 0x0 0x0 0x0 0x1b60003 0x4b4 0xfffffffffffffe40 0x1b90003 0x4b4 0xfffffffffffffd78 0x1c50005 0x0 0x0 0x0 0x0 0x0 0x1cc0005 0x0 0x0 0x0 0x0 0x0 0x1cf0007 0x0 0xc8 0x0 0x1d60005 0x0 0x0 0x0 0x0 0x0 0x1df0005 0x0 0x0 0x0 0x0 0x0 0x1f00005 0x0 0x0 0x0 0x0 0x0 0x1f70003 0x0 0xffffffffffffff20 0x20a0007 0x4b4 0x20 0x0 0x2260007 0x4b4 0x180 0x4b4 0x22f0005 0x0 0x25df84a4f18 0x4b4 0x0 0x0 0x2320004 0x0 0x25dfea6b858 0x4b4 0x0 0x0 0x2390005 0x0 0x25dfea6b858 0x4b4 0x0 0x0 0x23c0003 0x4b4 0x80 0x2480007 0x0 0x50 0x0 0x24f0005 0x0 0x0 0x0 0x0 0x0 0x2520003 0x0 0xffffffffffffff68 0x25c0007 0x4b4 0x38 0x0 0x25f0003 0x0 0x30 0x2690003 0x4b4 0xfffffffffffffe98 0x2730007 0x4b4 0xc8 0x0 0x2810002 0x0 0x2860002 0x0 0x2890007 0x0 0xb8 0x0 0x28d0002 0x0 0x290000a 0x0 0x3 0x0 0x0 0x25df84a1c28 0x2950002 0x0 0x2980003 0x0 0x48 0x2a30005 0x0 0x25dfea6aa70 0x4b4 0x0 0x0 0x0 0x0 0x0 0x0 0x0 0x0 0x0 0x0 0x0 0x0 0x0 0x0 0x0 0x0 0x0 0x0 0x0 0x0 0x0 0x0 0x0 0x0 0x0 0x0 0x0 0x0 0x0 0x9 0x8 0x0 0x0 0x0 0x0 0x0 0x0 0x0 0x0 0x23f0001 oops 26 26 java/awt/Font 76 java/awt/geom/AffineTransform 82 java/awt/geom/AffineTransform 88 java/awt/geom/AffineTransform 94 java/awt/geom/AffineTransform 100 java/awt/geom/Point2D$Float 106 java/awt/Font 130 sun/font/CompositeFont 152 sun/font/TextRecord 158 sun/font/CompositeFont 168 sun/font/ScriptRun 174 sun/font/CompositeFont 180 sun/font/FontRunIterator 186 sun/font/ScriptRun 196 sun/font/ScriptRun 202 sun/font/ScriptRun 208 sun/font/FontRunIterator 218 sun/font/FontRunIterator 224 sun/font/TrueTypeFont 246 sun/font/FontRunIterator 252 sun/font/FontRunIterator 315 java/util/ArrayList 321 sun/font/GlyphLayout$EngineRecord 327 sun/font/GlyphLayout$EngineRecord 376 java/lang/String 384 sun/font/GlyphLayout$GVData methods 0
ciMethodData sun/java2d/pipe/ValidatePipe drawString (Lsun/java2d/SunGraphics2D;Ljava/lang/String;DD)V 2 1164 orig 80 0 0 0 0 0 0 0 0 0 0 0 0 0 0 0 0 0 0 0 0 0 0 0 0 0 0 0 0 0 0 0 0 0 0 0 0 0 0 0 0 0 0 0 0 0 0 0 0 0 0 0 0 0 0 0 0 0 0 0 0 0 0 0 0 0 0 0 0 0 0 0 0 0 0 0 0 0 0 0 0 data 31 0x20005 0x0 0x25dfef50988 0x48c 0x0 0x0 0x50007 0x0 0x50 0x48c 0x110005 0x0 0x25dfef02578 0x246 0x25dfd5a6f28 0x246 0x0 0x0 0x0 0x0 0x0 0x0 0x9 0x7 0x0 0x0 0x0 0x0 0x0 0x0 0x0 oops 3 2 sun/java2d/pipe/ValidatePipe 12 sun/java2d/pipe/AATextRenderer 14 sun/java2d/pipe/TextRenderer methods 0
ciMethodData java/awt/font/TextLine getOutline ()Ljava/awt/Shape; 2 1121 orig 80 0 0 0 0 0 0 0 0 0 0 0 0 0 0 0 0 0 0 0 0 0 0 0 0 0 0 0 0 0 0 0 0 0 0 0 0 0 0 0 0 0 0 0 0 0 0 0 0 0 0 0 0 0 0 0 0 0 0 0 0 0 0 0 0 0 0 0 0 0 0 0 0 0 0 0 0 0 0 0 0 data 36 0x50002 0x461 0x130007 0x461 0xc8 0x461 0x1c0005 0x461 0x0 0x0 0x0 0x0 0x330005 0x0 0x25dfec19c40 0x461 0x0 0x0 0x390005 0x81 0x25dfeccb5a0 0x3e0 0x0 0x0 0x420003 0x461 0xffffffffffffff50 0x0 0x0 0x0 0x0 0x0 0x0 0x9 0x1 0x0 oops 2 14 sun/font/ExtendedTextSourceLabel 20 java/awt/geom/GeneralPath methods 0
ciMethodData sun/font/GlyphList ensureCapacity (I)V 1 562 orig 80 0 0 0 0 0 0 0 0 0 0 0 0 0 0 0 0 0 0 0 0 0 0 0 0 0 0 0 0 0 0 0 0 0 0 0 0 0 0 0 0 0 0 0 0 0 0 0 0 0 0 0 0 0 0 0 0 0 0 0 0 0 0 0 0 0 0 0 0 0 0 0 0 0 0 0 0 0 0 0 0 data 31 0x10007 0x232 0x20 0x0 0xa0007 0x232 0x40 0x0 0x120007 0x0 0x20 0x0 0x290007 0x0 0x40 0x232 0x310007 0x232 0x20 0x0 0x0 0x0 0x0 0x0 0x0 0x0 0x0 0x9 0x2 0x38c 0x0 oops 0 methods 0
ciMethodData sun/font/GlyphList mapChars (Lsun/java2d/loops/FontInfo;I)Z 1 562 orig 80 0 0 0 0 0 0 0 0 0 0 0 0 0 0 0 0 0 0 0 0 0 0 0 0 0 0 0 0 0 0 0 0 0 0 0 0 0 0 0 0 0 0 0 0 0 0 0 0 0 0 0 0 0 0 0 0 0 0 0 0 0 0 0 0 0 0 0 0 0 0 0 0 0 0 0 0 0 0 0 0 data 33 0x40005 0x0 0x25df84e5198 0x232 0x0 0x0 0x100005 0x0 0x25dff050620 0x232 0x0 0x0 0x130007 0x232 0x20 0x0 0x250005 0x0 0x25dff04f8c8 0x232 0x0 0x0 0x0 0x0 0x0 0x0 0x0 0x0 0x9 0x3 0x6 0x0 0x0 oops 3 2 sun/font/CompositeFont 8 sun/font/CompositeGlyphMapper 18 sun/font/CompositeStrike methods 0
ciMethodData java/util/concurrent/atomic/AtomicBoolean set (Z)V 1 561 orig 80 0 0 0 0 0 0 0 0 0 0 0 0 0 0 0 0 0 0 0 0 0 0 0 0 0 0 0 0 0 0 0 0 0 0 0 0 0 0 0 0 0 0 0 0 0 0 0 0 0 0 0 0 0 0 0 0 0 0 0 0 0 0 0 0 0 0 0 0 0 0 0 0 0 0 0 0 0 0 0 0 data 14 0x20007 0x231 0x38 0x0 0x60003 0x0 0x18 0x0 0x0 0x0 0x9 0x2 0x6 0x0 oops 0 methods 0
ciMethodData sun/font/GlyphLayout get (Lsun/font/GlyphLayout$LayoutEngineFactory;)Lsun/font/GlyphLayout; 2 1098 orig 80 0 0 0 0 0 0 0 0 0 0 0 0 0 0 0 0 0 0 0 0 0 0 0 0 0 0 0 0 0 0 0 0 0 0 0 0 0 0 0 0 0 0 0 0 0 0 0 0 0 0 0 0 0 0 0 0 0 0 0 0 0 0 0 0 0 0 0 0 0 0 0 0 0 0 0 0 0 0 0 0 data 30 0x10007 0x0 0x30 0x44a 0x40002 0x44a 0x120007 0x0 0x20 0x44a 0x1f0003 0x44a 0x18 0x280007 0x44a 0x30 0x0 0x2f0002 0x0 0x0 0x0 0x0 0x0 0x0 0x0 0x9 0x1 0x0 0x220001 0x220001 oops 0 methods 0
ciMethodData sun/font/GlyphLayout done (Lsun/font/GlyphLayout;)V 2 1098 orig 80 0 0 0 0 0 0 0 0 0 0 0 0 0 0 0 0 0 0 0 0 0 0 0 0 0 0 0 0 0 0 0 0 0 0 0 0 0 0 0 0 0 0 0 0 0 0 0 0 0 0 0 0 0 0 0 0 0 0 0 0 0 0 0 0 0 0 0 0 0 0 0 0 0 0 0 0 0 0 0 0 data 7 0x0 0x0 0x0 0x0 0x9 0x1 0x0 oops 0 methods 0
ciMethodData sun/java2d/SurfaceData getRenderLoops (Lsun/java2d/SunGraphics2D;)Lsun/java2d/loops/RenderLoops; 1 0 orig 80 0 0 0 0 0 0 0 0 0 0 0 0 0 0 0 0 0 0 0 0 0 0 0 0 0 0 0 0 0 0 0 0 0 0 0 0 0 0 0 0 0 0 0 0 0 0 0 0 0 0 0 0 0 0 0 0 0 0 0 0 0 0 0 0 0 0 0 0 0 0 0 0 0 0 0 0 0 0 0 0 data 50 0x10002 0x0 0x60002 0x0 0xb0005 0x0 0x0 0x0 0x0 0x0 0xe0005 0x0 0x0 0x0 0x0 0x0 0x1a0005 0x0 0x0 0x0 0x0 0x0 0x210007 0x0 0x50 0x0 0x260004 0x0 0x0 0x0 0x0 0x0 0x2e0002 0x0 0x3c0005 0x0 0x0 0x0 0x0 0x0 0x0 0x0 0x0 0x0 0x0 0x0 0x9 0x2 0x0 0x0 oops 0 methods 0
ciMethodData sun/font/SunLayoutEngine instance ()Lsun/font/GlyphLayout$LayoutEngineFactory; 2 1034 orig 80 0 0 0 0 0 0 0 0 0 0 0 0 0 0 0 0 0 0 0 0 0 0 0 0 0 0 0 0 0 0 0 0 0 0 0 0 0 0 0 0 0 0 0 0 0 0 0 0 0 0 0 0 0 0 0 0 0 0 0 0 0 0 0 0 0 0 0 0 0 0 0 0 0 0 0 0 0 0 0 0 data 14 0x30007 0x40b 0x30 0x0 0xa0002 0x0 0x0 0x0 0x0 0x0 0x0 0x0 0x9 0x0 oops 0 methods 0
ciMethodData sun/font/ExtendedTextSourceLabel getOutline (FF)Ljava/awt/Shape; 2 1034 orig 80 0 0 0 0 0 0 0 0 0 0 0 0 0 0 0 0 0 0 0 0 0 0 0 0 0 0 0 0 0 0 0 0 0 0 0 0 0 0 0 0 0 0 0 0 0 0 0 0 0 0 0 0 0 0 0 0 0 0 0 0 0 0 0 0 0 0 0 0 0 0 0 0 0 0 0 0 0 0 0 0 data 17 0x70005 0x0 0x25dfecb1548 0x40b 0x0 0x0 0x0 0x0 0x0 0x0 0x0 0x0 0x9 0x3 0x0 0x0 0x0 oops 1 2 sun/font/Decoration methods 0
ciMethodData sun/font/Decoration getOutline (Lsun/font/Decoration$Label;FF)Ljava/awt/Shape; 2 1034 orig 80 0 0 0 0 0 0 0 0 0 0 0 0 0 0 0 0 0 0 0 0 0 0 0 0 0 0 0 0 0 0 0 0 0 0 0 0 0 0 0 0 0 0 0 0 0 0 0 0 0 0 0 0 0 0 0 0 0 0 0 0 0 0 0 0 0 0 0 0 0 0 0 0 0 0 0 0 0 0 0 0 data 18 0x30005 0x0 0x25dfec19c40 0x40b 0x0 0x0 0x0 0x0 0x0 0x0 0x0 0x0 0x9 0x4 0x0 0x0 0x0 0x0 oops 1 2 sun/font/ExtendedTextSourceLabel methods 0
ciMethodData sun/font/ExtendedTextSourceLabel handleGetOutline (FF)Ljava/awt/Shape; 2 1034 orig 80 0 0 0 0 0 0 0 0 0 0 0 0 0 0 0 0 0 0 0 0 0 0 0 0 0 0 0 0 0 0 0 0 0 0 0 0 0 0 0 0 0 0 0 0 0 0 0 0 0 0 0 0 0 0 0 0 0 0 0 0 0 0 0 0 0 0 0 0 0 0 0 0 0 0 0 0 0 0 0 0 data 23 0x10005 0x40b 0x0 0x0 0x0 0x0 0x60005 0x0 0x25dfec49a20 0x40b 0x0 0x0 0x0 0x0 0x0 0x0 0x0 0x0 0x9 0x3 0x0 0x0 0x0 oops 1 8 sun/font/StandardGlyphVector methods 0
ciMethodData sun/font/StandardGlyphVector getOutline (FF)Ljava/awt/Shape; 2 1034 orig 80 0 0 0 0 0 0 0 0 0 0 0 0 0 0 0 0 0 0 0 0 0 0 0 0 0 0 0 0 0 0 0 0 0 0 0 0 0 0 0 0 0 0 0 0 0 0 0 0 0 0 0 0 0 0 0 0 0 0 0 0 0 0 0 0 0 0 0 0 0 0 0 0 0 0 0 0 0 0 0 0 data 17 0x90005 0x40b 0x0 0x0 0x0 0x0 0x0 0x0 0x0 0x0 0x0 0x0 0x9 0x3 0x0 0x0 0x0 oops 0 methods 0
ciMethodData sun/font/StandardGlyphVector getGlyphsOutline (IIFF)Ljava/awt/Shape; 2 1034 orig 80 0 0 0 0 0 0 0 0 0 0 0 0 0 0 0 0 0 0 0 0 0 0 0 0 0 0 0 0 0 0 0 0 0 0 0 0 0 0 0 0 0 0 0 0 0 0 0 0 0 0 0 0 0 0 0 0 0 0 0 0 0 0 0 0 0 0 0 0 0 0 0 0 0 0 0 0 0 0 0 0 data 46 0x10005 0x40b 0x0 0x0 0x0 0x0 0x50005 0x40b 0x0 0x0 0x0 0x0 0xd0002 0x40b 0x230007 0x40b 0x98 0x2058 0x420005 0x2058 0x0 0x0 0x0 0x0 0x520005 0x400 0x25dfeaa0970 0x1c58 0x0 0x0 0x5b0003 0x2058 0xffffffffffffff80 0x0 0x0 0x0 0x0 0x0 0x0 0x9 0x5 0x0 0x0 0x0 0x0 0x0 oops 1 26 sun/font/StandardGlyphVector$GlyphStrike methods 0
ciMethodData java/awt/geom/Path2D append (Ljava/awt/Shape;Z)V 2 1034 orig 80 0 0 0 0 0 0 0 0 0 0 0 0 0 0 0 0 0 0 0 0 0 0 0 0 0 0 0 0 0 0 0 0 0 0 0 0 0 0 0 0 0 0 0 0 0 0 0 0 0 0 0 0 0 0 0 0 0 0 0 0 0 0 0 0 0 0 0 0 0 0 0 0 0 0 0 0 0 0 0 0 data 23 0x30005 0x0 0x25dfeccb5a0 0x40b 0x0 0x0 0x90005 0x0 0x25dfeccb5a0 0x40b 0x0 0x0 0x0 0x0 0x0 0x0 0x0 0x0 0x9 0x3 0x0 0x0 0x0 oops 2 2 java/awt/geom/GeneralPath 8 java/awt/geom/GeneralPath methods 0
ciMethodData sun/java2d/pipe/PixelToParallelogramConverter fill (Lsun/java2d/SunGraphics2D;Ljava/awt/Shape;)V 2 1034 orig 80 0 0 0 0 0 0 0 0 0 0 0 0 0 0 0 0 0 0 0 0 0 0 0 0 0 0 0 0 0 0 0 0 0 0 0 0 0 0 0 0 0 0 0 0 0 0 0 0 0 0 0 0 0 0 0 0 0 0 0 0 0 0 0 0 0 0 0 0 0 0 0 0 0 0 0 0 0 0 0 0 data 71 0x10004 0x0 0x25dfeccb5a0 0x40b 0x0 0x0 0x40007 0x40b 0x180 0x0 0x80004 0x0 0x0 0x0 0x0 0x0 0xd0005 0x0 0x0 0x0 0x0 0x0 0x130005 0x0 0x0 0x0 0x0 0x0 0x1c0007 0x0 0xd0 0x0 0x230007 0x0 0xb0 0x0 0x270005 0x0 0x0 0x0 0x0 0x0 0x2d0005 0x0 0x0 0x0 0x0 0x0 0x3c0005 0x0 0x0 0x0 0x0 0x0 0x460005 0x0 0x25df889d598 0x40b 0x0 0x0 0x0 0x0 0x0 0x0 0x0 0x0 0x9 0x3 0x0 0x0 0x0 oops 2 2 java/awt/geom/GeneralPath 56 sun/java2d/pipe/AAShapePipe methods 0
ciMethodData sun/java2d/pipe/AAShapePipe fill (Lsun/java2d/SunGraphics2D;Ljava/awt/Shape;)V 2 1034 orig 80 0 0 0 0 0 0 0 0 0 0 0 0 0 0 0 0 0 0 0 0 0 0 0 0 0 0 0 0 0 0 0 0 0 0 0 0 0 0 0 0 0 0 0 0 0 0 0 0 0 0 0 0 0 0 0 0 0 0 0 0 0 0 0 0 0 0 0 0 0 0 0 0 0 0 0 0 0 0 0 0 data 17 0x40005 0x201 0x25df889d598 0x20a 0x0 0x0 0x0 0x0 0x0 0x0 0x0 0x0 0x9 0x3 0x0 0x0 0x0 oops 1 2 sun/java2d/pipe/AAShapePipe methods 0
ciMethodData sun/java2d/pipe/AAShapePipe renderPath (Lsun/java2d/SunGraphics2D;Ljava/awt/Shape;Ljava/awt/BasicStroke;)V 2 1034 orig 80 0 0 0 0 0 0 0 0 0 0 0 0 0 0 0 0 0 0 0 0 0 0 0 0 0 0 0 0 0 0 0 0 0 0 0 0 0 0 0 0 0 0 0 0 0 0 0 0 0 0 0 0 0 0 0 0 0 0 0 0 0 0 0 0 0 0 0 0 0 0 0 0 0 0 0 0 0 0 0 0 data 81 0x10007 0x40b 0x58 0x0 0x90007 0x0 0x38 0x0 0xd0003 0x0 0x18 0x180007 0x40b 0x38 0x0 0x1c0003 0x0 0x18 0x250005 0x0 0x25dfeab9fb0 0x40b 0x0 0x0 0x280004 0x0 0x25dfeab7fb8 0x40b 0x0 0x0 0x3d0005 0x201 0x25dfd072848 0x20a 0x0 0x0 0x470005 0x0 0x25dfeaba058 0x40b 0x0 0x0 0x4e0007 0x0 0x50 0x40b 0x5a0005 0x201 0x25df889d598 0x20a 0x0 0x0 0x620005 0x0 0x25dfeab9fb0 0x40b 0x0 0x0 0x650003 0x40b 0x48 0x6f0005 0x0 0x0 0x0 0x0 0x0 0x0 0x0 0x0 0x0 0x0 0x0 0x9 0x4 0x0 0x0 0x0 0x0 0x680001 0x680001 oops 6 20 sun/java2d/pipe/AAShapePipe$1 26 sun/java2d/pipe/AAShapePipe$TileState 32 sun/java2d/SunGraphics2D 38 sun/java2d/marlin/DMarlinRenderingEngine 48 sun/java2d/pipe/AAShapePipe 54 sun/java2d/pipe/AAShapePipe$1 methods 0
ciMethodData sun/java2d/marlin/DMarlinRenderingEngine getAATileGenerator (Ljava/awt/Shape;Ljava/awt/geom/AffineTransform;Lsun/java2d/pipe/Region;Ljava/awt/BasicStroke;ZZ[I)Lsun/java2d/pipe/AATileGenerator; 2 1036 orig 80 0 0 0 0 0 0 0 0 0 0 0 0 0 0 0 0 0 0 0 0 0 0 0 0 0 0 0 0 0 0 0 0 0 0 0 0 0 0 0 0 0 0 0 0 0 0 0 0 0 0 0 0 0 0 0 0 0 0 0 0 0 0 0 0 0 0 0 0 0 0 0 0 0 0 0 0 0 0 0 0 data 258 0x60002 0x40d 0xe0007 0x40d 0x70 0x0 0x140007 0x0 0x1e0 0x0 0x170002 0x0 0x1a0007 0x0 0x1b0 0x0 0x370005 0x201 0x25dfeab8890 0x20c 0x0 0x0 0x470005 0x201 0x25dfeab8890 0x20c 0x0 0x0 0x4b0005 0x201 0x25dfeab8890 0x20c 0x0 0x0 0x5c0005 0x201 0x25dfeab8890 0x20c 0x0 0x0 0x6c0005 0x201 0x25dfeab8890 0x20c 0x0 0x0 0x700005 0x201 0x25dfeab8890 0x20c 0x0 0x0 0x800007 0x40d 0x70 0x0 0x880002 0x0 0x8b000a 0x0 0x3 0x0 0x0 0x0 0x900002 0x0 0x9a0007 0x0 0x88 0x40d 0x9e0005 0x0 0x25dfd7f1dc8 0x40d 0x0 0x0 0xa10007 0x0 0x38 0x40d 0xa50003 0x40d 0x18 0xad0007 0x40d 0x38 0x0 0xb30003 0x0 0x18 0xbd0007 0x0 0x218 0x40d 0xc70005 0x0 0x25dfeccb5a0 0x40d 0x0 0x0 0xcc0005 0x0 0x25dff0a69b0 0x40d 0x0 0x0 0xd70005 0x201 0x25dfeab8890 0x20c 0x0 0x0 0xdb0005 0x201 0x25dfeab8890 0x20c 0x0 0x0 0xdf0005 0x201 0x25dfeab8890 0x20c 0x0 0x0 0xe30005 0x201 0x25dfeab8890 0x20c 0x0 0x0 0xe80005 0x0 0x25df885d3d0 0x40d 0x0 0x0 0xed0005 0x201 0x25dfeaf67a8 0x20c 0x0 0x0 0xfb0007 0x0 0x50 0x40d 0x1050005 0x201 0x25dfeb63130 0x20c 0x0 0x0 0x1100002 0x40d 0x1130003 0x40d 0x138 0x11c0005 0x0 0x0 0x0 0x0 0x0 0x1200005 0x0 0x0 0x0 0x0 0x0 0x1240005 0x0 0x0 0x0 0x0 0x0 0x1280005 0x0 0x0 0x0 0x0 0x0 0x12c0005 0x0 0x0 0x0 0x0 0x0 0x1400005 0x0 0x0 0x0 0x0 0x0 0x1450005 0x201 0x25dfeaf67a8 0x20c 0x0 0x0 0x1480007 0x0 0x80 0x40d 0x1500005 0x201 0x25dfeb620f8 0x20c 0x0 0x0 0x1590005 0x201 0x25dfeb620f8 0x20c 0x0 0x0 0x1610007 0x40d 0xb8 0x0 0x1660005 0x0 0x0 0x0 0x0 0x0 0x1690003 0x0 0x68 0x1700007 0x0 0x50 0x0 0x1750005 0x0 0x0 0x0 0x0 0x0 0x0 0x0 0x0 0x0 0x0 0x0 0x0 0x0 0x9 0x8 0x0 0x0 0x0 0x0 0x0 0x0 0x0 0x0 0x16c0001 0x16c0001 oops 19 18 sun/java2d/pipe/Region 24 sun/java2d/pipe/Region 30 sun/java2d/pipe/Region 36 sun/java2d/pipe/Region 42 sun/java2d/pipe/Region 48 sun/java2d/pipe/Region 72 java/awt/geom/AffineTransform 96 java/awt/geom/GeneralPath 102 sun/java2d/marlin/DMarlinRenderingEngine$NormMode$3 108 sun/java2d/pipe/Region 114 sun/java2d/pipe/Region 120 sun/java2d/pipe/Region 126 sun/java2d/pipe/Region 132 java/awt/geom/Path2D$Float$TxIterator 138 sun/java2d/marlin/Renderer 148 sun/java2d/marlin/TransformingPathConsumer2D 195 sun/java2d/marlin/Renderer 205 sun/java2d/marlin/MarlinTileGenerator 211 sun/java2d/marlin/MarlinTileGenerator methods 0
ciMethodData sun/java2d/windows/GDIWindowSurfaceData validatePipe (Lsun/java2d/SunGraphics2D;)V 1 260 orig 80 0 0 0 0 0 0 0 0 0 0 0 0 0 0 0 0 0 0 0 0 0 0 0 0 0 0 0 0 0 0 0 0 0 0 0 0 0 0 0 0 0 0 0 0 0 0 0 0 0 0 0 0 0 0 0 0 0 0 0 0 0 0 0 0 0 0 0 0 0 0 0 0 0 0 0 0 0 0 0 0 data 112 0x50007 0x0 0x2f0 0x105 0xd0007 0x0 0x2d0 0x105 0x140007 0x105 0x40 0x0 0x1c0007 0x0 0x290 0x0 0x240007 0x105 0x48 0x0 0x290002 0x0 0x2c0003 0x0 0x168 0x330008 0x8 0x0 0x80 0x105 0x50 0x0 0x50 0x0 0x68 0x530003 0x105 0x100 0x5d0003 0x0 0xe8 0x610005 0x0 0x0 0x0 0x0 0x0 0x670008 0xc 0x0 0xa0 0x0 0x88 0x0 0xa0 0x0 0x70 0x0 0xa0 0x0 0x70 0x8f0003 0x0 0x30 0x990003 0x0 0x18 0xaf0007 0x0 0x38 0x105 0xc00003 0x105 0x50 0xc70007 0x0 0x38 0x0 0xd80003 0x0 0x18 0xf40007 0x0 0x78 0x105 0xfa0005 0x81 0x25dfd0e4fb0 0x84 0x0 0x0 0x1000003 0x105 0x28 0x1050002 0x0 0x0 0x0 0x0 0x0 0x0 0x0 0x0 0x0 0x0 0x0 0x0 0x0 0x9 0x2 0x0 0x0 oops 1 87 sun/java2d/windows/GDIWindowSurfaceData methods 0
ciMethodData sun/java2d/windows/GDIWindowSurfaceData getRenderLoops (Lsun/java2d/SunGraphics2D;)Lsun/java2d/loops/RenderLoops; 1 262 orig 80 0 0 0 0 0 0 0 0 0 0 0 0 0 0 0 0 0 0 0 0 0 0 0 0 0 0 0 0 0 0 0 0 0 0 0 0 0 0 0 0 0 0 0 0 0 0 0 0 0 0 0 0 0 0 0 0 0 0 0 0 0 0 0 0 0 0 0 0 0 0 0 0 0 0 0 0 0 0 0 0 data 18 0x50007 0x0 0x40 0x107 0xc0007 0x0 0x20 0x107 0x160002 0x0 0x0 0x0 0x0 0x0 0x9 0x2 0x0 0x0 oops 0 methods 0
compile Tetrixel drawMainMenu (Ljava/awt/Graphics2D;)V 91 4 inline 243 0 -1 0 Tetrixel drawMainMenu (Ljava/awt/Graphics2D;)V 1 98 0 sun/java2d/SunGraphics2D drawLine (IIII)V 2 10 0 sun/java2d/pipe/PixelToParallelogramConverter drawLine (Lsun/java2d/SunGraphics2D;IIII)V 2 10 0 sun/java2d/pipe/ValidatePipe drawLine (Lsun/java2d/SunGraphics2D;IIII)V 3 2 0 sun/java2d/pipe/ValidatePipe validate (Lsun/java2d/SunGraphics2D;)Z 4 1 0 sun/java2d/SunGraphics2D validatePipe ()V 5 4 0 sun/java2d/SurfaceData isValid ()Z 5 26 0 sun/java2d/windows/GDIWindowSurfaceData validatePipe (Lsun/java2d/SunGraphics2D;)V 2 19 0 sun/java2d/SurfaceData markDirty ()V 3 4 0 sun/java2d/StateTrackableDelegate markDirty ()V 1 123 0 sun/java2d/SunGraphics2D drawLine (IIII)V 2 10 0 sun/java2d/pipe/PixelToParallelogramConverter drawLine (Lsun/java2d/SunGraphics2D;IIII)V 2 10 0 sun/java2d/pipe/ValidatePipe drawLine (Lsun/java2d/SunGraphics2D;IIII)V 3 2 0 sun/java2d/pipe/ValidatePipe validate (Lsun/java2d/SunGraphics2D;)Z 4 1 0 sun/java2d/SunGraphics2D validatePipe ()V 5 4 0 sun/java2d/SurfaceData isValid ()Z 5 26 0 sun/java2d/windows/GDIWindowSurfaceData validatePipe (Lsun/java2d/SunGraphics2D;)V 2 19 0 sun/java2d/SurfaceData markDirty ()V 3 4 0 sun/java2d/StateTrackableDelegate markDirty ()V 1 146 0 java/awt/Font <init> (Ljava/lang/String;II)V 2 1 0 java/lang/Object <init> ()V 1 149 0 sun/java2d/SunGraphics2D setFont (Ljava/awt/Font;)V 1 158 0 sun/java2d/SunGraphics2D getFontMetrics ()Ljava/awt/FontMetrics; 2 18 0 sun/java2d/SunGraphics2D getFontRenderContext ()Ljava/awt/font/FontRenderContext; 3 40 0 java/awt/geom/AffineTransform getTranslateX ()D 3 52 0 java/awt/geom/AffineTransform getTranslateY ()D 3 114 0 sun/awt/SunHints$Value get (II)Lsun/awt/SunHints$Value; 3 122 0 sun/awt/SunHints$Value get (II)Lsun/awt/SunHints$Value; 3 125 0 java/awt/font/FontRenderContext <init> (Ljava/awt/geom/AffineTransform;Ljava/lang/Object;Ljava/lang/Object;)V 4 1 0 java/lang/Object <init> ()V 4 21 0 java/awt/geom/AffineTransform <init> (Ljava/awt/geom/AffineTransform;)V 5 1 0 java/lang/Object <init> ()V 2 21 0 sun/font/FontDesignMetrics getMetrics (Ljava/awt/Font;Ljava/awt/font/FontRenderContext;)Lsun/font/FontDesignMetrics; 3 0 0 sun/font/SunFontManager getInstance ()Lsun/font/SunFontManager; 4 0 0 sun/font/FontManagerFactory getInstance ()Lsun/font/FontManager; 3 5 0 sun/font/SunFontManager usingAlternateCompositeFonts ()Z 3 34 0 sun/font/FontDesignMetrics getDefaultFrc ()Ljava/awt/font/FontRenderContext; 3 37 0 java/awt/font/FontRenderContext equals (Ljava/awt/font/FontRenderContext;)Z 4 79 0 java/awt/geom/AffineTransform equals (Ljava/lang/Object;)Z 5 22 0 java/awt/geom/AffineTransform equals (DD)Z 6 7 0 java/lang/Double isNaN (D)Z 5 36 0 java/awt/geom/AffineTransform equals (DD)Z 6 7 0 java/lang/Double isNaN (D)Z 5 50 0 java/awt/geom/AffineTransform equals (DD)Z 6 7 0 java/lang/Double isNaN (D)Z 5 64 0 java/awt/geom/AffineTransform equals (DD)Z 6 7 0 java/lang/Double isNaN (D)Z 5 78 0 java/awt/geom/AffineTransform equals (DD)Z 6 7 0 java/lang/Double isNaN (D)Z 5 92 0 java/awt/geom/AffineTransform equals (DD)Z 6 7 0 java/lang/Double isNaN (D)Z 3 73 0 sun/font/FontDesignMetrics$MetricsKey init (Ljava/awt/Font;Ljava/awt/font/FontRenderContext;)V 4 12 0 java/awt/Font hashCode ()I 5 12 0 java/lang/String hashCode ()I 6 17 0 java/lang/String isLatin1 ()Z 6 27 0 java/lang/StringLatin1 hashCode ([B)I 7 5 0 jdk/internal/util/ArraysSupport hashCodeOfUnsigned ([BIII)I 8 39 0 java/lang/Byte toUnsignedInt (B)I 4 16 0 java/awt/font/FontRenderContext hashCode ()I 5 15 0 java/awt/geom/AffineTransform hashCode ()I 6 4 0 java/awt/geom/AffineTransform hash (D)J 6 17 0 java/awt/geom/AffineTransform hash (D)J 6 31 0 java/awt/geom/AffineTransform hash (D)J 6 45 0 java/awt/geom/AffineTransform hash (D)J 6 59 0 java/awt/geom/AffineTransform hash (D)J 6 73 0 java/awt/geom/AffineTransform hash (D)J 5 54 0 sun/awt/SunHints$Value hashCode ()I 5 64 0 sun/awt/SunHints$Value hashCode ()I 3 82 0 java/util/concurrent/ConcurrentHashMap get (Ljava/lang/Object;)Ljava/lang/Object; 4 1 0 sun/font/FontDesignMetrics$MetricsKey hashCode ()I 4 4 0 java/util/concurrent/ConcurrentHashMap spread (I)I 4 34 0 java/util/concurrent/ConcurrentHashMap tabAt ([Ljava/util/concurrent/ConcurrentHashMap$Node;I)Ljava/util/concurrent/ConcurrentHashMap$Node; 4 73 0 sun/font/FontDesignMetrics$MetricsKey equals (Ljava/lang/Object;)Z 5 20 0 java/awt/Font equals (Ljava/lang/Object;)Z 6 83 0 java/lang/String equals (Ljava/lang/Object;)Z 6 122 0 java/awt/Font getAttributeValues ()Lsun/font/AttributeValues; 7 11 0 sun/font/AttributeValues <init> ()V 8 1 0 java/lang/Object <init> ()V 7 20 0 sun/font/AttributeValues setFamily (Ljava/lang/String;)V 7 28 0 sun/font/AttributeValues setSize (F)V 7 42 0 sun/font/AttributeValues setWeight (F)V 7 64 0 sun/font/AttributeValues defineAll (I)V 5 37 0 java/awt/font/FontRenderContext equals (Ljava/awt/font/FontRenderContext;)Z 6 79 0 java/awt/geom/AffineTransform equals (Ljava/lang/Object;)Z 7 22 0 java/awt/geom/AffineTransform equals (DD)Z 8 7 0 java/lang/Double isNaN (D)Z 7 36 0 java/awt/geom/AffineTransform equals (DD)Z 8 7 0 java/lang/Double isNaN (D)Z 7 50 0 java/awt/geom/AffineTransform equals (DD)Z 8 7 0 java/lang/Double isNaN (D)Z 7 64 0 java/awt/geom/AffineTransform equals (DD)Z 8 7 0 java/lang/Double isNaN (D)Z 7 78 0 java/awt/geom/AffineTransform equals (DD)Z 8 7 0 java/lang/Double isNaN (D)Z 7 92 0 java/awt/geom/AffineTransform equals (DD)Z 8 7 0 java/lang/Double isNaN (D)Z 3 111 0 java/lang/ref/SoftReference get ()Ljava/lang/Object; 1 163 0 sun/font/FontDesignMetrics stringWidth (Ljava/lang/String;)I 2 6 0 java/awt/Font hasLayoutAttributes ()Z 2 60 0 java/lang/String length ()I 3 6 0 java/lang/String coder ()B 2 76 0 java/lang/String charAt (I)C 3 1 0 java/lang/String isLatin1 ()Z 3 12 0 java/lang/StringLatin1 charAt ([BI)C 4 3 0 java/lang/String checkIndex (II)V 2 93 0 sun/font/FontDesignMetrics getLatinCharWidth (C)F 1 178 0 java/awt/Color <init> (IIII)V 2 1 0 java/lang/Object <init> ()V 2 68 0 java/awt/Color testColorValueRange (IIII)V 1 181 0 sun/java2d/SunGraphics2D setColor (Ljava/awt/Color;)V 2 24 0 sun/java2d/SunGraphics2D validateColor ()V 3 19 0 java/awt/Color getRGB ()I 3 95 0 sun/java2d/SurfaceData pixelFor (I)I 4 9 0 sun/java2d/loops/SurfaceType pixelFor (ILjava/awt/image/ColorModel;)I 5 6 0 sun/awt/image/PixelConverter$Xrgb rgbToPixel (ILjava/awt/image/ColorModel;)I 2 104 0 sun/java2d/SunGraphics2D invalidatePipe ()V 1 200 0 sun/java2d/SunGraphics2D drawString (Ljava/lang/String;II)V 2 19 0 java/awt/Font hasLayoutAttributes ()Z 2 68 0 sun/java2d/pipe/ValidatePipe drawString (Lsun/java2d/SunGraphics2D;Ljava/lang/String;DD)V 3 2 0 sun/java2d/pipe/ValidatePipe validate (Lsun/java2d/SunGraphics2D;)Z 4 1 0 sun/java2d/SunGraphics2D validatePipe ()V 5 4 0 sun/java2d/SurfaceData isValid ()Z 5 26 0 sun/java2d/windows/GDIWindowSurfaceData validatePipe (Lsun/java2d/SunGraphics2D;)V 3 17 0 sun/java2d/pipe/GlyphListPipe drawString (Lsun/java2d/SunGraphics2D;Ljava/lang/String;DD)V 2 68 0 sun/java2d/pipe/GlyphListPipe drawString (Lsun/java2d/SunGraphics2D;Ljava/lang/String;DD)V 3 1 0 sun/java2d/SunGraphics2D getFontInfo ()Lsun/java2d/loops/FontInfo; 3 33 0 sun/java2d/pipe/OutlineTextRenderer drawString (Lsun/java2d/SunGraphics2D;Ljava/lang/String;DD)V 4 3 0 java/lang/String equals (Ljava/lang/Object;)Z 4 16 0 sun/java2d/SunGraphics2D getFont ()Ljava/awt/Font; 4 20 0 sun/java2d/SunGraphics2D getFontRenderContext ()Ljava/awt/font/FontRenderContext; 5 40 0 java/awt/geom/AffineTransform getTranslateX ()D 5 52 0 java/awt/geom/AffineTransform getTranslateY ()D 5 114 0 sun/awt/SunHints$Value get (II)Lsun/awt/SunHints$Value; 5 122 0 sun/awt/SunHints$Value get (II)Lsun/awt/SunHints$Value; 5 125 0 java/awt/font/FontRenderContext <init> (Ljava/awt/geom/AffineTransform;Ljava/lang/Object;Ljava/lang/Object;)V 6 1 0 java/lang/Object <init> ()V 6 21 0 java/awt/geom/AffineTransform <init> (Ljava/awt/geom/AffineTransform;)V 7 1 0 java/lang/Object <init> ()V 4 23 0 java/awt/font/TextLayout <init> (Ljava/lang/String;Ljava/awt/Font;Ljava/awt/font/FontRenderContext;)V 5 1 0 java/lang/Object <init> ()V 5 63 0 java/lang/String length ()I 6 6 0 java/lang/String coder ()B 5 83 0 java/awt/Font hasLayoutAttributes ()Z 5 96 0 java/lang/String toCharArray ()[C 6 1 0 java/lang/String isLatin1 ()Z 6 11 0 java/lang/StringLatin1 toChars ([B)[C 5 108 0 java/awt/font/TextLayout sameBaselineUpTo (Ljava/awt/Font;[CII)I 5 124 0 java/awt/font/TextLayout fastInit ([CLjava/awt/Font;Ljava/util/Map;Ljava/awt/font/FontRenderContext;)V 6 12 0 java/awt/Font getLineMetrics ([CIILjava/awt/font/FontRenderContext;)Ljava/awt/font/LineMetrics; 6 19 0 sun/font/CoreMetrics get (Ljava/awt/font/LineMetrics;)Lsun/font/CoreMetrics; 4 33 0 java/awt/geom/AffineTransform getTranslateInstance (DD)Ljava/awt/geom/AffineTransform; 5 4 0 java/awt/geom/AffineTransform <init> ()V 6 1 0 java/lang/Object <init> ()V 5 13 0 java/awt/geom/AffineTransform setToTranslation (DD)V 4 36 0 java/awt/font/TextLayout getOutline (Ljava/awt/geom/AffineTransform;)Ljava/awt/Shape; 5 1 0 java/awt/font/TextLayout ensureCache ()V 6 8 0 java/awt/font/TextLayout buildCache ()V 7 5 0 java/awt/font/TextLine getMetrics ()Ljava/awt/font/TextLine$TextLineMetrics; 7 15 0 java/awt/font/TextLine isDirectionLTR ()Z 7 38 0 java/awt/font/TextLine visualToLogical (I)I 7 47 0 java/awt/font/TextLine isCharSpace (I)Z 8 11 0 java/lang/Character isSpaceChar (C)Z 9 1 0 java/lang/Character isSpaceChar (I)Z 10 4 0 java/lang/Character getType (I)I 11 1 0 java/lang/CharacterData of (I)Ljava/lang/CharacterData; 11 5 0 java/lang/CharacterDataLatin1 getType (I)I 12 2 0 java/lang/CharacterDataLatin1 getProperties (I)I 5 8 0 java/awt/font/TextLine getOutline ()Ljava/awt/Shape; 6 5 0 java/awt/geom/GeneralPath <init> (I)V 7 4 0 java/awt/geom/Path2D$Float <init> (II)V 8 3 0 java/awt/geom/Path2D <init> (II)V 9 1 0 java/lang/Object <init> ()V 9 6 0 java/awt/geom/Path2D setWindingRule (I)V 6 28 0 java/awt/font/TextLine getComponentLogicalIndex (I)I 6 51 0 sun/font/ExtendedTextSourceLabel getOutline (FF)Ljava/awt/Shape; 7 7 0 sun/font/Decoration getOutline (Lsun/font/Decoration$Label;FF)Ljava/awt/Shape; 8 3 0 sun/font/ExtendedTextSourceLabel handleGetOutline (FF)Ljava/awt/Shape; 9 1 0 sun/font/ExtendedTextSourceLabel getGV ()Lsun/font/StandardGlyphVector; 10 9 0 sun/font/ExtendedTextSourceLabel createGV ()Lsun/font/StandardGlyphVector; 11 4 0 sun/font/StandardTextSource getFRC ()Ljava/awt/font/FontRenderContext; 11 12 0 sun/font/StandardTextSource getLayoutFlags ()I 11 20 0 sun/font/StandardTextSource getChars ()[C 11 28 0 sun/font/StandardTextSource getStart ()I 11 37 0 sun/font/StandardTextSource getLength ()I 11 43 0 sun/font/GlyphLayout get (Lsun/font/GlyphLayout$LayoutEngineFactory;)Lsun/font/GlyphLayout; 12 4 0 sun/font/SunLayoutEngine instance ()Lsun/font/GlyphLayout$LayoutEngineFactory; 11 71 0 sun/font/GlyphLayout done (Lsun/font/GlyphLayout;)V 9 6 0 sun/font/StandardGlyphVector getOutline (FF)Ljava/awt/Shape; 10 9 0 sun/font/StandardGlyphVector getGlyphsOutline (IIFF)Ljava/awt/Shape; 11 1 0 sun/font/StandardGlyphVector setFRCTX ()V 12 8 0 sun/font/StandardGlyphVector equalNonTranslateTX (Ljava/awt/geom/AffineTransform;Ljava/awt/geom/AffineTransform;)Z 13 1 0 java/awt/geom/AffineTransform getScaleX ()D 13 5 0 java/awt/geom/AffineTransform getScaleX ()D 13 13 0 java/awt/geom/AffineTransform getShearY ()D 13 17 0 java/awt/geom/AffineTransform getShearY ()D 13 25 0 java/awt/geom/AffineTransform getShearX ()D 13 29 0 java/awt/geom/AffineTransform getShearX ()D 13 37 0 java/awt/geom/AffineTransform getScaleY ()D 13 41 0 java/awt/geom/AffineTransform getScaleY ()D 11 5 0 sun/font/StandardGlyphVector initPositions ()V 11 13 0 java/awt/geom/GeneralPath <init> (I)V 12 4 0 java/awt/geom/Path2D$Float <init> (II)V 13 3 0 java/awt/geom/Path2D <init> (II)V 14 1 0 java/lang/Object <init> ()V 14 6 0 java/awt/geom/Path2D setWindingRule (I)V 11 66 0 sun/font/StandardGlyphVector getGlyphStrike (I)Lsun/font/StandardGlyphVector$GlyphStrike; 12 8 0 sun/font/StandardGlyphVector getDefaultStrike ()Lsun/font/StandardGlyphVector$GlyphStrike; 13 13 0 java/lang/ref/SoftReference get ()Ljava/lang/Object; 13 40 0 java/lang/ref/SoftReference <init> (Ljava/lang/Object;)V 14 2 0 java/lang/ref/Reference <init> (Ljava/lang/Object;)V 15 3 0 java/lang/ref/Reference <init> (Ljava/lang/Object;Ljava/lang/ref/ReferenceQueue;)V 16 1 0 java/lang/Object <init> ()V 6 57 0 java/awt/geom/Path2D append (Ljava/awt/Shape;Z)V 7 3 0 java/awt/geom/Path2D$Float getPathIterator (Ljava/awt/geom/AffineTransform;)Ljava/awt/geom/PathIterator; 8 9 0 java/awt/geom/Path2D$Float$CopyIterator <init> (Ljava/awt/geom/Path2D$Float;)V 9 2 0 java/awt/geom/Path2D$Iterator <init> (Ljava/awt/geom/Path2D;)V 10 1 0 java/lang/Object <init> ()V 5 50 0 java/awt/geom/Path2D$Float transform (Ljava/awt/geom/AffineTransform;)V 4 42 0 sun/java2d/SunGraphics2D getFontInfo ()Lsun/java2d/loops/FontInfo; 4 117 0 sun/java2d/SunGraphics2D fill (Ljava/awt/Shape;)V 5 6 0 sun/java2d/pipe/PixelToParallelogramConverter fill (Lsun/java2d/SunGraphics2D;Ljava/awt/Shape;)V 6 70 0 sun/java2d/pipe/AAShapePipe fill (Lsun/java2d/SunGraphics2D;Ljava/awt/Shape;)V 7 4 0 sun/java2d/pipe/AAShapePipe renderPath (Lsun/java2d/SunGraphics2D;Ljava/awt/Shape;Ljava/awt/BasicStroke;)V 8 37 0 sun/java2d/ReentrantContextProviderTL acquire ()Lsun/java2d/ReentrantContext; 9 6 0 java/lang/ThreadLocal get ()Ljava/lang/Object; 10 4 0 java/lang/ThreadLocal get (Ljava/lang/Thread;)Ljava/lang/Object; 11 2 0 java/lang/ThreadLocal getMap (Ljava/lang/Thread;)Ljava/lang/ThreadLocal$ThreadLocalMap; 12 13 0 java/lang/Thread threadLocals ()Ljava/lang/ThreadLocal$ThreadLocalMap; 11 12 0 java/lang/ThreadLocal$ThreadLocalMap getEntry (Ljava/lang/ThreadLocal;)Ljava/lang/ThreadLocal$ThreadLocalMap$Entry; 12 26 0 java/lang/ref/Reference refersTo (Ljava/lang/Object;)Z 13 2 0 java/lang/ref/Reference refersToImpl (Ljava/lang/Object;)Z 9 18 0 sun/java2d/ReentrantContextProvider$HardReference get ()Ljava/lang/Object; 9 18 0 java/lang/ref/SoftReference get ()Ljava/lang/Object; 8 61 0 sun/java2d/SunGraphics2D getCompClip ()Lsun/java2d/pipe/Region; 9 4 0 sun/java2d/SurfaceData isValid ()Z 8 98 0 sun/java2d/ReentrantContextProviderTL release (Lsun/java2d/ReentrantContext;)V 5 15 0 sun/java2d/SurfaceData markDirty ()V 6 4 0 sun/java2d/StateTrackableDelegate markDirty ()V 3 141 0 sun/font/GlyphList getInstance ()Lsun/font/GlyphList; 4 19 0 sun/font/GlyphList <init> ()V 5 1 0 java/lang/Object <init> ()V 3 155 0 sun/font/GlyphList setFromString (Lsun/java2d/loops/FontInfo;Ljava/lang/String;FF)Z 3 170 0 sun/font/GlyphList dispose ()V
